sample_id,x,y,spatial_group,target,observed,predicted,scale,feature_set,model
1,302396.7375411658,3399717.598090765,0,Flower_rat,83.33,67.63483870967742,point,all_features,DummyMean
2,302398.0101895445,3399725.513117012,0,Flower_rat,100.0,67.63483870967742,point,all_features,DummyMean
3,302403.2165384987,3399738.1918875086,2,Flower_rat,100.0,65.76961538461538,point,all_features,DummyMean
4,302409.233175532,3399736.525009175,2,Flower_rat,100.0,65.76961538461538,point,all_features,DummyMean
5,302410.8783579892,3399742.6640162445,2,Flower_rat,100.0,65.76961538461538,point,all_features,DummyMean
6,302411.1087664363,3399745.335431309,2,Flower_rat,53.33,65.76961538461538,point,all_features,DummyMean
7,302411.7040801269,3399746.711267394,2,Flower_rat,36.67,65.76961538461538,point,all_features,DummyMean
8,302412.4978317144,3399749.7275234265,2,Flower_rat,90.0,65.76961538461538,point,all_features,DummyMean
9,302412.9878189794,3399752.9752241927,1,Flower_rat,86.67,72.02913043478262,point,all_features,DummyMean
10,302413.6863203764,3399755.959730162,1,Flower_rat,53.33,72.02913043478262,point,all_features,DummyMean
11,302413.0724858154,3399758.774902459,1,Flower_rat,96.67,72.02913043478262,point,all_features,DummyMean
12,302416.1254308109,3399766.0682448247,1,Flower_rat,100.0,72.02913043478262,point,all_features,DummyMean
13,302424.01796742977,3399763.127395192,1,Flower_rat,76.67,72.02913043478262,point,all_features,DummyMean
14,302424.0391341388,3399759.5925547886,1,Flower_rat,20.0,72.02913043478262,point,all_features,DummyMean
15,302423.5470081547,3399757.362112827,1,Flower_rat,3.33,72.02913043478262,point,all_features,DummyMean
16,302421.8536714346,3399755.245441927,1,Flower_rat,60.0,72.02913043478262,point,all_features,DummyMean
17,302421.033461461,3399750.8464706275,1,Flower_rat,50.0,72.02913043478262,point,all_features,DummyMean
18,302421.11812829704,3399747.417463769,1,Flower_rat,76.67,72.02913043478262,point,all_features,DummyMean
19,302419.234291196,3399744.792791853,2,Flower_rat,90.0,65.76961538461538,point,all_features,DummyMean
20,302419.8314569732,3399740.471784604,4,Flower_rat,76.67,68.39518518518518,point,all_features,DummyMean
21,302417.8999947769,3399738.090529841,4,Flower_rat,100.0,68.39518518518518,point,all_features,DummyMean
22,302418.72020475066,3399735.894483782,4,Flower_rat,3.33,68.39518518518518,point,all_features,DummyMean
23,302416.9739512581,3399733.671979337,4,Flower_rat,86.67,68.39518518518518,point,all_features,DummyMean
24,302415.80338815314,3399727.761175847,4,Flower_rat,70.0,68.39518518518518,point,all_features,DummyMean
25,302415.6419919966,3399721.3690502183,3,Flower_rat,13.33,72.4004,point,all_features,DummyMean
26,302414.9011571816,3399718.3527941857,3,Flower_rat,56.67,72.4004,point,all_features,DummyMean
27,302413.73698818655,3399713.325700798,3,Flower_rat,86.67,72.4004,point,all_features,DummyMean
28,302411.355733424,3399708.4573577275,3,Flower_rat,93.33,72.4004,point,all_features,DummyMean
29,302423.18704180926,3399711.851086738,3,Flower_rat,46.67,72.4004,point,all_features,DummyMean
30,302423.774417984,3399714.9943430247,3,Flower_rat,86.67,72.4004,point,all_features,DummyMean
31,302424.5205444763,3399717.629598296,3,Flower_rat,33.33,72.4004,point,all_features,DummyMean
32,302425.2269833888,3399720.86228393,3,Flower_rat,53.33,72.4004,point,all_features,DummyMean
33,302425.1079206507,3399730.188865084,4,Flower_rat,96.67,68.39518518518518,point,all_features,DummyMean
1,302396.7375411658,3399717.598090765,0,Flower_rat,83.33,72.23387343752772,point,0510_single_date,Ridge
2,302398.0101895445,3399725.513117012,0,Flower_rat,100.0,94.94944837014208,point,0510_single_date,Ridge
3,302403.2165384987,3399738.1918875086,2,Flower_rat,100.0,94.81452520212582,point,0510_single_date,Ridge
4,302409.233175532,3399736.525009175,2,Flower_rat,100.0,77.02889813939704,point,0510_single_date,Ridge
5,302410.8783579892,3399742.6640162445,2,Flower_rat,100.0,71.73359731799451,point,0510_single_date,Ridge
6,302411.1087664363,3399745.335431309,2,Flower_rat,53.33,63.62620053108016,point,0510_single_date,Ridge
7,302411.7040801269,3399746.711267394,2,Flower_rat,36.67,61.15735643540197,point,0510_single_date,Ridge
8,302412.4978317144,3399749.7275234265,2,Flower_rat,90.0,70.85142711685326,point,0510_single_date,Ridge
9,302412.9878189794,3399752.9752241927,1,Flower_rat,86.67,72.32477425454043,point,0510_single_date,Ridge
10,302413.6863203764,3399755.959730162,1,Flower_rat,53.33,70.12630749733147,point,0510_single_date,Ridge
11,302413.0724858154,3399758.774902459,1,Flower_rat,96.67,67.19241902664425,point,0510_single_date,Ridge
12,302416.1254308109,3399766.0682448247,1,Flower_rat,100.0,51.91134991491235,point,0510_single_date,Ridge
13,302424.01796742977,3399763.127395192,1,Flower_rat,76.67,63.080575986679634,point,0510_single_date,Ridge
14,302424.0391341388,3399759.5925547886,1,Flower_rat,20.0,43.831176438627836,point,0510_single_date,Ridge
15,302423.5470081547,3399757.362112827,1,Flower_rat,3.33,54.14843953673415,point,0510_single_date,Ridge
16,302421.8536714346,3399755.245441927,1,Flower_rat,60.0,82.26421597808447,point,0510_single_date,Ridge
17,302421.033461461,3399750.8464706275,1,Flower_rat,50.0,75.02983803500793,point,0510_single_date,Ridge
18,302421.11812829704,3399747.417463769,1,Flower_rat,76.67,47.52430217876143,point,0510_single_date,Ridge
19,302419.234291196,3399744.792791853,2,Flower_rat,90.0,75.45458648844888,point,0510_single_date,Ridge
20,302419.8314569732,3399740.471784604,4,Flower_rat,76.67,52.93462045361346,point,0510_single_date,Ridge
21,302417.8999947769,3399738.090529841,4,Flower_rat,100.0,88.98639588173496,point,0510_single_date,Ridge
22,302418.72020475066,3399735.894483782,4,Flower_rat,3.33,55.74052369442343,point,0510_single_date,Ridge
23,302416.9739512581,3399733.671979337,4,Flower_rat,86.67,61.34226434579828,point,0510_single_date,Ridge
24,302415.80338815314,3399727.761175847,4,Flower_rat,70.0,59.79325436320961,point,0510_single_date,Ridge
25,302415.6419919966,3399721.3690502183,3,Flower_rat,13.33,56.42181500848173,point,0510_single_date,Ridge
26,302414.9011571816,3399718.3527941857,3,Flower_rat,56.67,55.98457619326878,point,0510_single_date,Ridge
27,302413.73698818655,3399713.325700798,3,Flower_rat,86.67,48.17131758803349,point,0510_single_date,Ridge
28,302411.355733424,3399708.4573577275,3,Flower_rat,93.33,63.26254466373019,point,0510_single_date,Ridge
29,302423.18704180926,3399711.851086738,3,Flower_rat,46.67,65.98322906614021,point,0510_single_date,Ridge
30,302423.774417984,3399714.9943430247,3,Flower_rat,86.67,76.64907534951092,point,0510_single_date,Ridge
31,302424.5205444763,3399717.629598296,3,Flower_rat,33.33,99.93074664691096,point,0510_single_date,Ridge
32,302425.2269833888,3399720.86228393,3,Flower_rat,53.33,86.91079495370006,point,0510_single_date,Ridge
33,302425.1079206507,3399730.188865084,4,Flower_rat,96.67,86.50257668652937,point,0510_single_date,Ridge
1,302396.7375411658,3399717.598090765,0,Flower_rat,83.33,68.73972926132392,point,0418_single_date,Ridge
2,302398.0101895445,3399725.513117012,0,Flower_rat,100.0,70.54073216744959,point,0418_single_date,Ridge
3,302403.2165384987,3399738.1918875086,2,Flower_rat,100.0,48.082655194831204,point,0418_single_date,Ridge
4,302409.233175532,3399736.525009175,2,Flower_rat,100.0,74.48371273564777,point,0418_single_date,Ridge
5,302410.8783579892,3399742.6640162445,2,Flower_rat,100.0,75.1325735391986,point,0418_single_date,Ridge
6,302411.1087664363,3399745.335431309,2,Flower_rat,53.33,85.40199142606667,point,0418_single_date,Ridge
7,302411.7040801269,3399746.711267394,2,Flower_rat,36.67,81.54395226328234,point,0418_single_date,Ridge
8,302412.4978317144,3399749.7275234265,2,Flower_rat,90.0,78.39576744550466,point,0418_single_date,Ridge
9,302412.9878189794,3399752.9752241927,1,Flower_rat,86.67,83.0024664261172,point,0418_single_date,Ridge
10,302413.6863203764,3399755.959730162,1,Flower_rat,53.33,76.68524397008032,point,0418_single_date,Ridge
11,302413.0724858154,3399758.774902459,1,Flower_rat,96.67,72.6917005123311,point,0418_single_date,Ridge
12,302416.1254308109,3399766.0682448247,1,Flower_rat,100.0,74.36488999051734,point,0418_single_date,Ridge
13,302424.01796742977,3399763.127395192,1,Flower_rat,76.67,78.21590942808592,point,0418_single_date,Ridge
14,302424.0391341388,3399759.5925547886,1,Flower_rat,20.0,73.07617508337462,point,0418_single_date,Ridge
15,302423.5470081547,3399757.362112827,1,Flower_rat,3.33,74.02334818741889,point,0418_single_date,Ridge
16,302421.8536714346,3399755.245441927,1,Flower_rat,60.0,131.74390224024265,point,0418_single_date,Ridge
17,302421.033461461,3399750.8464706275,1,Flower_rat,50.0,74.28270194244708,point,0418_single_date,Ridge
18,302421.11812829704,3399747.417463769,1,Flower_rat,76.67,78.14828590812452,point,0418_single_date,Ridge
19,302419.234291196,3399744.792791853,2,Flower_rat,90.0,62.85228333052017,point,0418_single_date,Ridge
20,302419.8314569732,3399740.471784604,4,Flower_rat,76.67,74.30869557470778,point,0418_single_date,Ridge
21,302417.8999947769,3399738.090529841,4,Flower_rat,100.0,60.24546327081041,point,0418_single_date,Ridge
22,302418.72020475066,3399735.894483782,4,Flower_rat,3.33,65.2553427100049,point,0418_single_date,Ridge
23,302416.9739512581,3399733.671979337,4,Flower_rat,86.67,68.64662247888315,point,0418_single_date,Ridge
24,302415.80338815314,3399727.761175847,4,Flower_rat,70.0,62.41057411571774,point,0418_single_date,Ridge
25,302415.6419919966,3399721.3690502183,3,Flower_rat,13.33,75.09211258933924,point,0418_single_date,Ridge
26,302414.9011571816,3399718.3527941857,3,Flower_rat,56.67,72.76842840924544,point,0418_single_date,Ridge
27,302413.73698818655,3399713.325700798,3,Flower_rat,86.67,67.49206643551327,point,0418_single_date,Ridge
28,302411.355733424,3399708.4573577275,3,Flower_rat,93.33,72.54151119282085,point,0418_single_date,Ridge
29,302423.18704180926,3399711.851086738,3,Flower_rat,46.67,78.08418445513414,point,0418_single_date,Ridge
30,302423.774417984,3399714.9943430247,3,Flower_rat,86.67,68.15412963808967,point,0418_single_date,Ridge
31,302424.5205444763,3399717.629598296,3,Flower_rat,33.33,71.14521983020343,point,0418_single_date,Ridge
32,302425.2269833888,3399720.86228393,3,Flower_rat,53.33,66.59098812821362,point,0418_single_date,Ridge
33,302425.1079206507,3399730.188865084,4,Flower_rat,96.67,122.90307364835502,point,0418_single_date,Ridge
1,302396.7375411658,3399717.598090765,0,Flower_rat,83.33,70.43930221008458,point,change_only,Ridge
2,302398.0101895445,3399725.513117012,0,Flower_rat,100.0,95.90570102706721,point,change_only,Ridge
3,302403.2165384987,3399738.1918875086,2,Flower_rat,100.0,82.32084667323919,point,change_only,Ridge
4,302409.233175532,3399736.525009175,2,Flower_rat,100.0,76.90108568525513,point,change_only,Ridge
5,302410.8783579892,3399742.6640162445,2,Flower_rat,100.0,72.70214193177719,point,change_only,Ridge
6,302411.1087664363,3399745.335431309,2,Flower_rat,53.33,67.84236839049005,point,change_only,Ridge
7,302411.7040801269,3399746.711267394,2,Flower_rat,36.67,63.8371374196761,point,change_only,Ridge
8,302412.4978317144,3399749.7275234265,2,Flower_rat,90.0,71.79595696879694,point,change_only,Ridge
9,302412.9878189794,3399752.9752241927,1,Flower_rat,86.67,79.31511877882888,point,change_only,Ridge
10,302413.6863203764,3399755.959730162,1,Flower_rat,53.33,68.14755313553616,point,change_only,Ridge
11,302413.0724858154,3399758.774902459,1,Flower_rat,96.67,69.8348267023305,point,change_only,Ridge
12,302416.1254308109,3399766.0682448247,1,Flower_rat,100.0,58.80649749467118,point,change_only,Ridge
13,302424.01796742977,3399763.127395192,1,Flower_rat,76.67,74.04916121116783,point,change_only,Ridge
14,302424.0391341388,3399759.5925547886,1,Flower_rat,20.0,60.22601506518343,point,change_only,Ridge
15,302423.5470081547,3399757.362112827,1,Flower_rat,3.33,59.85848448993333,point,change_only,Ridge
16,302421.8536714346,3399755.245441927,1,Flower_rat,60.0,69.89188320287184,point,change_only,Ridge
17,302421.033461461,3399750.8464706275,1,Flower_rat,50.0,72.95140474968467,point,change_only,Ridge
18,302421.11812829704,3399747.417463769,1,Flower_rat,76.67,45.23543556519304,point,change_only,Ridge
19,302419.234291196,3399744.792791853,2,Flower_rat,90.0,66.91764867831286,point,change_only,Ridge
20,302419.8314569732,3399740.471784604,4,Flower_rat,76.67,52.461537329597334,point,change_only,Ridge
21,302417.8999947769,3399738.090529841,4,Flower_rat,100.0,89.58078186258962,point,change_only,Ridge
22,302418.72020475066,3399735.894483782,4,Flower_rat,3.33,56.064254358789384,point,change_only,Ridge
23,302416.9739512581,3399733.671979337,4,Flower_rat,86.67,55.81892974816389,point,change_only,Ridge
24,302415.80338815314,3399727.761175847,4,Flower_rat,70.0,61.840308787293,point,change_only,Ridge
25,302415.6419919966,3399721.3690502183,3,Flower_rat,13.33,64.47450561829717,point,change_only,Ridge
26,302414.9011571816,3399718.3527941857,3,Flower_rat,56.67,57.804650389285875,point,change_only,Ridge
27,302413.73698818655,3399713.325700798,3,Flower_rat,86.67,52.05838366093784,point,change_only,Ridge
28,302411.355733424,3399708.4573577275,3,Flower_rat,93.33,67.93839832445211,point,change_only,Ridge
29,302423.18704180926,3399711.851086738,3,Flower_rat,46.67,69.59544345333484,point,change_only,Ridge
30,302423.774417984,3399714.9943430247,3,Flower_rat,86.67,79.70129773721139,point,change_only,Ridge
31,302424.5205444763,3399717.629598296,3,Flower_rat,33.33,109.07343769711221,point,change_only,Ridge
32,302425.2269833888,3399720.86228393,3,Flower_rat,53.33,95.41748255671585,point,change_only,Ridge
33,302425.1079206507,3399730.188865084,4,Flower_rat,96.67,88.01334236864713,point,change_only,Ridge
1,302396.7375411658,3399717.598090765,0,Flower_rat,83.33,71.36405431122584,point,all_features,Ridge
2,302398.0101895445,3399725.513117012,0,Flower_rat,100.0,94.60276839253606,point,all_features,Ridge
3,302403.2165384987,3399738.1918875086,2,Flower_rat,100.0,94.8674573061989,point,all_features,Ridge
4,302409.233175532,3399736.525009175,2,Flower_rat,100.0,76.96650142344302,point,all_features,Ridge
5,302410.8783579892,3399742.6640162445,2,Flower_rat,100.0,72.09372881734039,point,all_features,Ridge
6,302411.1087664363,3399745.335431309,2,Flower_rat,53.33,63.35259982100971,point,all_features,Ridge
7,302411.7040801269,3399746.711267394,2,Flower_rat,36.67,61.71580712387829,point,all_features,Ridge
8,302412.4978317144,3399749.7275234265,2,Flower_rat,90.0,71.01627754187444,point,all_features,Ridge
9,302412.9878189794,3399752.9752241927,1,Flower_rat,86.67,79.42353421044761,point,all_features,Ridge
10,302413.6863203764,3399755.959730162,1,Flower_rat,53.33,69.49907568015641,point,all_features,Ridge
11,302413.0724858154,3399758.774902459,1,Flower_rat,96.67,69.75778142996928,point,all_features,Ridge
12,302416.1254308109,3399766.0682448247,1,Flower_rat,100.0,54.36482921614609,point,all_features,Ridge
13,302424.01796742977,3399763.127395192,1,Flower_rat,76.67,73.90646022122813,point,all_features,Ridge
14,302424.0391341388,3399759.5925547886,1,Flower_rat,20.0,59.10885262843887,point,all_features,Ridge
15,302423.5470081547,3399757.362112827,1,Flower_rat,3.33,58.74086556379044,point,all_features,Ridge
16,302421.8536714346,3399755.245441927,1,Flower_rat,60.0,72.01122058182395,point,all_features,Ridge
17,302421.033461461,3399750.8464706275,1,Flower_rat,50.0,72.59019043741866,point,all_features,Ridge
18,302421.11812829704,3399747.417463769,1,Flower_rat,76.67,42.135257828179405,point,all_features,Ridge
19,302419.234291196,3399744.792791853,2,Flower_rat,90.0,74.45274842634551,point,all_features,Ridge
20,302419.8314569732,3399740.471784604,4,Flower_rat,76.67,51.26721779313602,point,all_features,Ridge
21,302417.8999947769,3399738.090529841,4,Flower_rat,100.0,89.88049054261943,point,all_features,Ridge
22,302418.72020475066,3399735.894483782,4,Flower_rat,3.33,56.244717372416055,point,all_features,Ridge
23,302416.9739512581,3399733.671979337,4,Flower_rat,86.67,57.11473033070004,point,all_features,Ridge
24,302415.80338815314,3399727.761175847,4,Flower_rat,70.0,61.89393351160276,point,all_features,Ridge
25,302415.6419919966,3399721.3690502183,3,Flower_rat,13.33,64.47450561829717,point,all_features,Ridge
26,302414.9011571816,3399718.3527941857,3,Flower_rat,56.67,57.804650389285875,point,all_features,Ridge
27,302413.73698818655,3399713.325700798,3,Flower_rat,86.67,52.05838366093784,point,all_features,Ridge
28,302411.355733424,3399708.4573577275,3,Flower_rat,93.33,67.93839832445211,point,all_features,Ridge
29,302423.18704180926,3399711.851086738,3,Flower_rat,46.67,69.59544345333484,point,all_features,Ridge
30,302423.774417984,3399714.9943430247,3,Flower_rat,86.67,79.70129773721139,point,all_features,Ridge
31,302424.5205444763,3399717.629598296,3,Flower_rat,33.33,109.07343769711221,point,all_features,Ridge
32,302425.2269833888,3399720.86228393,3,Flower_rat,53.33,95.41748255671585,point,all_features,Ridge
33,302425.1079206507,3399730.188865084,4,Flower_rat,96.67,87.7279035759378,point,all_features,Ridge
1,302396.7375411658,3399717.598090765,0,Flower_rat,83.33,70.33806871176299,point,0510_single_date,SingleFeatureLinear
2,302398.0101895445,3399725.513117012,0,Flower_rat,100.0,91.35749111136249,point,0510_single_date,SingleFeatureLinear
3,302403.2165384987,3399738.1918875086,2,Flower_rat,100.0,92.70111074888219,point,0510_single_date,SingleFeatureLinear
4,302409.233175532,3399736.525009175,2,Flower_rat,100.0,79.11680551252466,point,0510_single_date,SingleFeatureLinear
5,302410.8783579892,3399742.6640162445,2,Flower_rat,100.0,71.70463460332905,point,0510_single_date,SingleFeatureLinear
6,302411.1087664363,3399745.335431309,2,Flower_rat,53.33,66.38287201714454,point,0510_single_date,SingleFeatureLinear
7,302411.7040801269,3399746.711267394,2,Flower_rat,36.67,62.26156737579981,point,0510_single_date,SingleFeatureLinear
8,302412.4978317144,3399749.7275234265,2,Flower_rat,90.0,71.12713699583443,point,0510_single_date,SingleFeatureLinear
9,302412.9878189794,3399752.9752241927,1,Flower_rat,86.67,71.51270117778698,point,0510_single_date,SingleFeatureLinear
10,302413.6863203764,3399755.959730162,1,Flower_rat,53.33,71.14143878682395,point,0510_single_date,SingleFeatureLinear
11,302413.0724858154,3399758.774902459,1,Flower_rat,96.67,65.84760097800807,point,0510_single_date,SingleFeatureLinear
12,302416.1254308109,3399766.0682448247,1,Flower_rat,100.0,45.24388255551624,point,0510_single_date,SingleFeatureLinear
13,302424.01796742977,3399763.127395192,1,Flower_rat,76.67,66.44694870060306,point,0510_single_date,SingleFeatureLinear
14,302424.0391341388,3399759.5925547886,1,Flower_rat,20.0,53.57214501020137,point,0510_single_date,SingleFeatureLinear
15,302423.5470081547,3399757.362112827,1,Flower_rat,3.33,58.45986419171829,point,0510_single_date,SingleFeatureLinear
16,302421.8536714346,3399755.245441927,1,Flower_rat,60.0,79.65546128355663,point,0510_single_date,SingleFeatureLinear
17,302421.033461461,3399750.8464706275,1,Flower_rat,50.0,76.92211684582144,point,0510_single_date,SingleFeatureLinear
18,302421.11812829704,3399747.417463769,1,Flower_rat,76.67,43.43552961856315,point,0510_single_date,SingleFeatureLinear
19,302419.234291196,3399744.792791853,2,Flower_rat,90.0,76.7623478263857,point,0510_single_date,SingleFeatureLinear
20,302419.8314569732,3399740.471784604,4,Flower_rat,76.67,49.90591064643954,point,0510_single_date,SingleFeatureLinear
21,302417.8999947769,3399738.090529841,4,Flower_rat,100.0,91.04098167062386,point,0510_single_date,SingleFeatureLinear
22,302418.72020475066,3399735.894483782,4,Flower_rat,3.33,56.63481024961521,point,0510_single_date,SingleFeatureLinear
23,302416.9739512581,3399733.671979337,4,Flower_rat,86.67,59.22395852488913,point,0510_single_date,SingleFeatureLinear
24,302415.80338815314,3399727.761175847,4,Flower_rat,70.0,61.707489754037006,point,0510_single_date,SingleFeatureLinear
25,302415.6419919966,3399721.3690502183,3,Flower_rat,13.33,62.30000259088693,point,0510_single_date,SingleFeatureLinear
26,302414.9011571816,3399718.3527941857,3,Flower_rat,56.67,59.97386031188506,point,0510_single_date,SingleFeatureLinear
27,302413.73698818655,3399713.325700798,3,Flower_rat,86.67,49.76974338956538,point,0510_single_date,SingleFeatureLinear
28,302411.355733424,3399708.4573577275,3,Flower_rat,93.33,65.52579854266226,point,0510_single_date,SingleFeatureLinear
29,302423.18704180926,3399711.851086738,3,Flower_rat,46.67,68.01106790022023,point,0510_single_date,SingleFeatureLinear
30,302423.774417984,3399714.9943430247,3,Flower_rat,86.67,78.39388248487496,point,0510_single_date,SingleFeatureLinear
31,302424.5205444763,3399717.629598296,3,Flower_rat,33.33,95.20160687105002,point,0510_single_date,SingleFeatureLinear
32,302425.2269833888,3399720.86228393,3,Flower_rat,53.33,86.5263352664149,point,0510_single_date,SingleFeatureLinear
33,302425.1079206507,3399730.188865084,4,Flower_rat,96.67,87.70674431503909,point,0510_single_date,SingleFeatureLinear
1,302396.7375411658,3399717.598090765,0,Flower_rat,83.33,67.63483870967742,one_sqft,all_features,DummyMean
2,302398.0101895445,3399725.513117012,0,Flower_rat,100.0,67.63483870967742,one_sqft,all_features,DummyMean
3,302403.2165384987,3399738.1918875086,2,Flower_rat,100.0,65.76961538461538,one_sqft,all_features,DummyMean
4,302409.233175532,3399736.525009175,2,Flower_rat,100.0,65.76961538461538,one_sqft,all_features,DummyMean
5,302410.8783579892,3399742.6640162445,2,Flower_rat,100.0,65.76961538461538,one_sqft,all_features,DummyMean
6,302411.1087664363,3399745.335431309,2,Flower_rat,53.33,65.76961538461538,one_sqft,all_features,DummyMean
7,302411.7040801269,3399746.711267394,2,Flower_rat,36.67,65.76961538461538,one_sqft,all_features,DummyMean
8,302412.4978317144,3399749.7275234265,2,Flower_rat,90.0,65.76961538461538,one_sqft,all_features,DummyMean
9,302412.9878189794,3399752.9752241927,1,Flower_rat,86.67,72.02913043478262,one_sqft,all_features,DummyMean
10,302413.6863203764,3399755.959730162,1,Flower_rat,53.33,72.02913043478262,one_sqft,all_features,DummyMean
11,302413.0724858154,3399758.774902459,1,Flower_rat,96.67,72.02913043478262,one_sqft,all_features,DummyMean
12,302416.1254308109,3399766.0682448247,1,Flower_rat,100.0,72.02913043478262,one_sqft,all_features,DummyMean
13,302424.01796742977,3399763.127395192,1,Flower_rat,76.67,72.02913043478262,one_sqft,all_features,DummyMean
14,302424.0391341388,3399759.5925547886,1,Flower_rat,20.0,72.02913043478262,one_sqft,all_features,DummyMean
15,302423.5470081547,3399757.362112827,1,Flower_rat,3.33,72.02913043478262,one_sqft,all_features,DummyMean
16,302421.8536714346,3399755.245441927,1,Flower_rat,60.0,72.02913043478262,one_sqft,all_features,DummyMean
17,302421.033461461,3399750.8464706275,1,Flower_rat,50.0,72.02913043478262,one_sqft,all_features,DummyMean
18,302421.11812829704,3399747.417463769,1,Flower_rat,76.67,72.02913043478262,one_sqft,all_features,DummyMean
19,302419.234291196,3399744.792791853,2,Flower_rat,90.0,65.76961538461538,one_sqft,all_features,DummyMean
20,302419.8314569732,3399740.471784604,4,Flower_rat,76.67,68.39518518518518,one_sqft,all_features,DummyMean
21,302417.8999947769,3399738.090529841,4,Flower_rat,100.0,68.39518518518518,one_sqft,all_features,DummyMean
22,302418.72020475066,3399735.894483782,4,Flower_rat,3.33,68.39518518518518,one_sqft,all_features,DummyMean
23,302416.9739512581,3399733.671979337,4,Flower_rat,86.67,68.39518518518518,one_sqft,all_features,DummyMean
24,302415.80338815314,3399727.761175847,4,Flower_rat,70.0,68.39518518518518,one_sqft,all_features,DummyMean
25,302415.6419919966,3399721.3690502183,3,Flower_rat,13.33,72.4004,one_sqft,all_features,DummyMean
26,302414.9011571816,3399718.3527941857,3,Flower_rat,56.67,72.4004,one_sqft,all_features,DummyMean
27,302413.73698818655,3399713.325700798,3,Flower_rat,86.67,72.4004,one_sqft,all_features,DummyMean
28,302411.355733424,3399708.4573577275,3,Flower_rat,93.33,72.4004,one_sqft,all_features,DummyMean
29,302423.18704180926,3399711.851086738,3,Flower_rat,46.67,72.4004,one_sqft,all_features,DummyMean
30,302423.774417984,3399714.9943430247,3,Flower_rat,86.67,72.4004,one_sqft,all_features,DummyMean
31,302424.5205444763,3399717.629598296,3,Flower_rat,33.33,72.4004,one_sqft,all_features,DummyMean
32,302425.2269833888,3399720.86228393,3,Flower_rat,53.33,72.4004,one_sqft,all_features,DummyMean
33,302425.1079206507,3399730.188865084,4,Flower_rat,96.67,68.39518518518518,one_sqft,all_features,DummyMean
1,302396.7375411658,3399717.598090765,0,Flower_rat,83.33,68.93415703480363,one_sqft,0510_single_date,Ridge
2,302398.0101895445,3399725.513117012,0,Flower_rat,100.0,107.4757611652415,one_sqft,0510_single_date,Ridge
3,302403.2165384987,3399738.1918875086,2,Flower_rat,100.0,102.80030303271285,one_sqft,0510_single_date,Ridge
4,302409.233175532,3399736.525009175,2,Flower_rat,100.0,84.43139563822842,one_sqft,0510_single_date,Ridge
5,302410.8783579892,3399742.6640162445,2,Flower_rat,100.0,73.47320405065015,one_sqft,0510_single_date,Ridge
6,302411.1087664363,3399745.335431309,2,Flower_rat,53.33,66.91863447554171,one_sqft,0510_single_date,Ridge
7,302411.7040801269,3399746.711267394,2,Flower_rat,36.67,63.78833147750051,one_sqft,0510_single_date,Ridge
8,302412.4978317144,3399749.7275234265,2,Flower_rat,90.0,79.75736581053216,one_sqft,0510_single_date,Ridge
9,302412.9878189794,3399752.9752241927,1,Flower_rat,86.67,73.20902599754588,one_sqft,0510_single_date,Ridge
10,302413.6863203764,3399755.959730162,1,Flower_rat,53.33,69.29696073026214,one_sqft,0510_single_date,Ridge
11,302413.0724858154,3399758.774902459,1,Flower_rat,96.67,75.74808517037914,one_sqft,0510_single_date,Ridge
12,302416.1254308109,3399766.0682448247,1,Flower_rat,100.0,61.11472791367673,one_sqft,0510_single_date,Ridge
13,302424.01796742977,3399763.127395192,1,Flower_rat,76.67,65.40541709205361,one_sqft,0510_single_date,Ridge
14,302424.0391341388,3399759.5925547886,1,Flower_rat,20.0,44.76255110859867,one_sqft,0510_single_date,Ridge
15,302423.5470081547,3399757.362112827,1,Flower_rat,3.33,48.732948305684836,one_sqft,0510_single_date,Ridge
16,302421.8536714346,3399755.245441927,1,Flower_rat,60.0,83.20340207843016,one_sqft,0510_single_date,Ridge
17,302421.033461461,3399750.8464706275,1,Flower_rat,50.0,80.03260264519176,one_sqft,0510_single_date,Ridge
18,302421.11812829704,3399747.417463769,1,Flower_rat,76.67,42.09935227412815,one_sqft,0510_single_date,Ridge
19,302419.234291196,3399744.792791853,2,Flower_rat,90.0,92.9589562605305,one_sqft,0510_single_date,Ridge
20,302419.8314569732,3399740.471784604,4,Flower_rat,76.67,47.32017953666653,one_sqft,0510_single_date,Ridge
21,302417.8999947769,3399738.090529841,4,Flower_rat,100.0,74.8817069257751,one_sqft,0510_single_date,Ridge
22,302418.72020475066,3399735.894483782,4,Flower_rat,3.33,49.92415791300387,one_sqft,0510_single_date,Ridge
23,302416.9739512581,3399733.671979337,4,Flower_rat,86.67,62.49459510003609,one_sqft,0510_single_date,Ridge
24,302415.80338815314,3399727.761175847,4,Flower_rat,70.0,57.82062024655407,one_sqft,0510_single_date,Ridge
25,302415.6419919966,3399721.3690502183,3,Flower_rat,13.33,50.497077897775426,one_sqft,0510_single_date,Ridge
26,302414.9011571816,3399718.3527941857,3,Flower_rat,56.67,50.38160204130065,one_sqft,0510_single_date,Ridge
27,302413.73698818655,3399713.325700798,3,Flower_rat,86.67,43.27573444211076,one_sqft,0510_single_date,Ridge
28,302411.355733424,3399708.4573577275,3,Flower_rat,93.33,69.25094738170544,one_sqft,0510_single_date,Ridge
29,302423.18704180926,3399711.851086738,3,Flower_rat,46.67,82.74440533233172,one_sqft,0510_single_date,Ridge
30,302423.774417984,3399714.9943430247,3,Flower_rat,86.67,85.15951469916759,one_sqft,0510_single_date,Ridge
31,302424.5205444763,3399717.629598296,3,Flower_rat,33.33,113.87859679073739,one_sqft,0510_single_date,Ridge
32,302425.2269833888,3399720.86228393,3,Flower_rat,53.33,98.82129844216098,one_sqft,0510_single_date,Ridge
33,302425.1079206507,3399730.188865084,4,Flower_rat,96.67,85.8055365324623,one_sqft,0510_single_date,Ridge
1,302396.7375411658,3399717.598090765,0,Flower_rat,83.33,82.30978323592916,one_sqft,0418_single_date,Ridge
2,302398.0101895445,3399725.513117012,0,Flower_rat,100.0,46.20413018026568,one_sqft,0418_single_date,Ridge
3,302403.2165384987,3399738.1918875086,2,Flower_rat,100.0,37.865546128667106,one_sqft,0418_single_date,Ridge
4,302409.233175532,3399736.525009175,2,Flower_rat,100.0,66.8796563560995,one_sqft,0418_single_date,Ridge
5,302410.8783579892,3399742.6640162445,2,Flower_rat,100.0,82.76105900688988,one_sqft,0418_single_date,Ridge
6,302411.1087664363,3399745.335431309,2,Flower_rat,53.33,68.5181190978548,one_sqft,0418_single_date,Ridge
7,302411.7040801269,3399746.711267394,2,Flower_rat,36.67,66.36240042406104,one_sqft,0418_single_date,Ridge
8,302412.4978317144,3399749.7275234265,2,Flower_rat,90.0,78.40619447322408,one_sqft,0418_single_date,Ridge
9,302412.9878189794,3399752.9752241927,1,Flower_rat,86.67,86.34036815124007,one_sqft,0418_single_date,Ridge
10,302413.6863203764,3399755.959730162,1,Flower_rat,53.33,98.94597237840485,one_sqft,0418_single_date,Ridge
11,302413.0724858154,3399758.774902459,1,Flower_rat,96.67,92.0472122817138,one_sqft,0418_single_date,Ridge
12,302416.1254308109,3399766.0682448247,1,Flower_rat,100.0,98.80065484463242,one_sqft,0418_single_date,Ridge
13,302424.01796742977,3399763.127395192,1,Flower_rat,76.67,116.77028230173384,one_sqft,0418_single_date,Ridge
14,302424.0391341388,3399759.5925547886,1,Flower_rat,20.0,107.92664470218645,one_sqft,0418_single_date,Ridge
15,302423.5470081547,3399757.362112827,1,Flower_rat,3.33,94.8359974200363,one_sqft,0418_single_date,Ridge
16,302421.8536714346,3399755.245441927,1,Flower_rat,60.0,273.7323451474848,one_sqft,0418_single_date,Ridge
17,302421.033461461,3399750.8464706275,1,Flower_rat,50.0,127.38757530805502,one_sqft,0418_single_date,Ridge
18,302421.11812829704,3399747.417463769,1,Flower_rat,76.67,89.74347643296842,one_sqft,0418_single_date,Ridge
19,302419.234291196,3399744.792791853,2,Flower_rat,90.0,70.83672852882175,one_sqft,0418_single_date,Ridge
20,302419.8314569732,3399740.471784604,4,Flower_rat,76.67,57.52416181139281,one_sqft,0418_single_date,Ridge
21,302417.8999947769,3399738.090529841,4,Flower_rat,100.0,71.43956705153269,one_sqft,0418_single_date,Ridge
22,302418.72020475066,3399735.894483782,4,Flower_rat,3.33,56.213544344983106,one_sqft,0418_single_date,Ridge
23,302416.9739512581,3399733.671979337,4,Flower_rat,86.67,56.75533208099007,one_sqft,0418_single_date,Ridge
24,302415.80338815314,3399727.761175847,4,Flower_rat,70.0,66.8198219067431,one_sqft,0418_single_date,Ridge
25,302415.6419919966,3399721.3690502183,3,Flower_rat,13.33,75.960954944098,one_sqft,0418_single_date,Ridge
26,302414.9011571816,3399718.3527941857,3,Flower_rat,56.67,89.36032008030892,one_sqft,0418_single_date,Ridge
27,302413.73698818655,3399713.325700798,3,Flower_rat,86.67,78.27428305084757,one_sqft,0418_single_date,Ridge
28,302411.355733424,3399708.4573577275,3,Flower_rat,93.33,94.54673020534264,one_sqft,0418_single_date,Ridge
29,302423.18704180926,3399711.851086738,3,Flower_rat,46.67,54.92063256271636,one_sqft,0418_single_date,Ridge
30,302423.774417984,3399714.9943430247,3,Flower_rat,86.67,92.555411125777,one_sqft,0418_single_date,Ridge
31,302424.5205444763,3399717.629598296,3,Flower_rat,33.33,84.39125028187084,one_sqft,0418_single_date,Ridge
32,302425.2269833888,3399720.86228393,3,Flower_rat,53.33,88.46851241002966,one_sqft,0418_single_date,Ridge
33,302425.1079206507,3399730.188865084,4,Flower_rat,96.67,102.69060444657326,one_sqft,0418_single_date,Ridge
1,302396.7375411658,3399717.598090765,0,Flower_rat,83.33,72.99241431829894,one_sqft,change_only,Ridge
2,302398.0101895445,3399725.513117012,0,Flower_rat,100.0,108.64613650593427,one_sqft,change_only,Ridge
3,302403.2165384987,3399738.1918875086,2,Flower_rat,100.0,86.51427447790417,one_sqft,change_only,Ridge
4,302409.233175532,3399736.525009175,2,Flower_rat,100.0,80.50857454944752,one_sqft,change_only,Ridge
5,302410.8783579892,3399742.6640162445,2,Flower_rat,100.0,73.68908958772096,one_sqft,change_only,Ridge
6,302411.1087664363,3399745.335431309,2,Flower_rat,53.33,70.92044340756001,one_sqft,change_only,Ridge
7,302411.7040801269,3399746.711267394,2,Flower_rat,36.67,63.32118308325999,one_sqft,change_only,Ridge
8,302412.4978317144,3399749.7275234265,2,Flower_rat,90.0,79.24568680626898,one_sqft,change_only,Ridge
9,302412.9878189794,3399752.9752241927,1,Flower_rat,86.67,80.88978749706494,one_sqft,change_only,Ridge
10,302413.6863203764,3399755.959730162,1,Flower_rat,53.33,75.13955789747332,one_sqft,change_only,Ridge
11,302413.0724858154,3399758.774902459,1,Flower_rat,96.67,80.20757680148438,one_sqft,change_only,Ridge
12,302416.1254308109,3399766.0682448247,1,Flower_rat,100.0,64.73819700039667,one_sqft,change_only,Ridge
13,302424.01796742977,3399763.127395192,1,Flower_rat,76.67,79.00903556596084,one_sqft,change_only,Ridge
14,302424.0391341388,3399759.5925547886,1,Flower_rat,20.0,63.75847943118785,one_sqft,change_only,Ridge
15,302423.5470081547,3399757.362112827,1,Flower_rat,3.33,59.54885825975609,one_sqft,change_only,Ridge
16,302421.8536714346,3399755.245441927,1,Flower_rat,60.0,60.64291149806927,one_sqft,change_only,Ridge
17,302421.033461461,3399750.8464706275,1,Flower_rat,50.0,76.93446114551378,one_sqft,change_only,Ridge
18,302421.11812829704,3399747.417463769,1,Flower_rat,76.67,50.001854772486695,one_sqft,change_only,Ridge
19,302419.234291196,3399744.792791853,2,Flower_rat,90.0,94.28962838758056,one_sqft,change_only,Ridge
20,302419.8314569732,3399740.471784604,4,Flower_rat,76.67,46.773666815754694,one_sqft,change_only,Ridge
21,302417.8999947769,3399738.090529841,4,Flower_rat,100.0,78.5327282737871,one_sqft,change_only,Ridge
22,302418.72020475066,3399735.894483782,4,Flower_rat,3.33,47.0848462590924,one_sqft,change_only,Ridge
23,302416.9739512581,3399733.671979337,4,Flower_rat,86.67,62.07495322854183,one_sqft,change_only,Ridge
24,302415.80338815314,3399727.761175847,4,Flower_rat,70.0,58.4247318395301,one_sqft,change_only,Ridge
25,302415.6419919966,3399721.3690502183,3,Flower_rat,13.33,56.89000924776227,one_sqft,change_only,Ridge
26,302414.9011571816,3399718.3527941857,3,Flower_rat,56.67,56.94047541111414,one_sqft,change_only,Ridge
27,302413.73698818655,3399713.325700798,3,Flower_rat,86.67,45.587026983537854,one_sqft,change_only,Ridge
28,302411.355733424,3399708.4573577275,3,Flower_rat,93.33,70.70307640784787,one_sqft,change_only,Ridge
29,302423.18704180926,3399711.851086738,3,Flower_rat,46.67,79.87355795293578,one_sqft,change_only,Ridge
30,302423.774417984,3399714.9943430247,3,Flower_rat,86.67,85.3120100684526,one_sqft,change_only,Ridge
31,302424.5205444763,3399717.629598296,3,Flower_rat,33.33,103.66782781736018,one_sqft,change_only,Ridge
32,302425.2269833888,3399720.86228393,3,Flower_rat,53.33,92.21590103320868,one_sqft,change_only,Ridge
33,302425.1079206507,3399730.188865084,4,Flower_rat,96.67,86.63685576494403,one_sqft,change_only,Ridge
1,302396.7375411658,3399717.598090765,0,Flower_rat,83.33,70.58878862499567,one_sqft,all_features,Ridge
2,302398.0101895445,3399725.513117012,0,Flower_rat,100.0,111.80335645005474,one_sqft,all_features,Ridge
3,302403.2165384987,3399738.1918875086,2,Flower_rat,100.0,89.33636892418923,one_sqft,all_features,Ridge
4,302409.233175532,3399736.525009175,2,Flower_rat,100.0,81.74338505071948,one_sqft,all_features,Ridge
5,302410.8783579892,3399742.6640162445,2,Flower_rat,100.0,73.89270754141424,one_sqft,all_features,Ridge
6,302411.1087664363,3399745.335431309,2,Flower_rat,53.33,70.83575418205535,one_sqft,all_features,Ridge
7,302411.7040801269,3399746.711267394,2,Flower_rat,36.67,63.2655936702504,one_sqft,all_features,Ridge
8,302412.4978317144,3399749.7275234265,2,Flower_rat,90.0,80.10223695249603,one_sqft,all_features,Ridge
9,302412.9878189794,3399752.9752241927,1,Flower_rat,86.67,78.72253455655903,one_sqft,all_features,Ridge
10,302413.6863203764,3399755.959730162,1,Flower_rat,53.33,72.9093952217723,one_sqft,all_features,Ridge
11,302413.0724858154,3399758.774902459,1,Flower_rat,96.67,80.23433113483696,one_sqft,all_features,Ridge
12,302416.1254308109,3399766.0682448247,1,Flower_rat,100.0,62.06398168613253,one_sqft,all_features,Ridge
13,302424.01796742977,3399763.127395192,1,Flower_rat,76.67,73.14662620925547,one_sqft,all_features,Ridge
14,302424.0391341388,3399759.5925547886,1,Flower_rat,20.0,53.12986664678104,one_sqft,all_features,Ridge
15,302423.5470081547,3399757.362112827,1,Flower_rat,3.33,53.134158776713754,one_sqft,all_features,Ridge
16,302421.8536714346,3399755.245441927,1,Flower_rat,60.0,70.28481329719946,one_sqft,all_features,Ridge
17,302421.033461461,3399750.8464706275,1,Flower_rat,50.0,79.73608923460176,one_sqft,all_features,Ridge
18,302421.11812829704,3399747.417463769,1,Flower_rat,76.67,39.92917087587512,one_sqft,all_features,Ridge
19,302419.234291196,3399744.792791853,2,Flower_rat,90.0,95.69199334454802,one_sqft,all_features,Ridge
20,302419.8314569732,3399740.471784604,4,Flower_rat,76.67,46.93729178759789,one_sqft,all_features,Ridge
21,302417.8999947769,3399738.090529841,4,Flower_rat,100.0,76.82734530839541,one_sqft,all_features,Ridge
22,302418.72020475066,3399735.894483782,4,Flower_rat,3.33,48.770268626173774,one_sqft,all_features,Ridge
23,302416.9739512581,3399733.671979337,4,Flower_rat,86.67,62.26056779254574,one_sqft,all_features,Ridge
24,302415.80338815314,3399727.761175847,4,Flower_rat,70.0,57.59722454976337,one_sqft,all_features,Ridge
25,302415.6419919966,3399721.3690502183,3,Flower_rat,13.33,54.29628106604069,one_sqft,all_features,Ridge
26,302414.9011571816,3399718.3527941857,3,Flower_rat,56.67,54.12676872222484,one_sqft,all_features,Ridge
27,302413.73698818655,3399713.325700798,3,Flower_rat,86.67,43.692225738009945,one_sqft,all_features,Ridge
28,302411.355733424,3399708.4573577275,3,Flower_rat,93.33,70.82501689401909,one_sqft,all_features,Ridge
29,302423.18704180926,3399711.851086738,3,Flower_rat,46.67,86.12739792167324,one_sqft,all_features,Ridge
30,302423.774417984,3399714.9943430247,3,Flower_rat,86.67,88.89829393386925,one_sqft,all_features,Ridge
31,302424.5205444763,3399717.629598296,3,Flower_rat,33.33,115.02684292525758,one_sqft,all_features,Ridge
32,302425.2269833888,3399720.86228393,3,Flower_rat,53.33,102.9979336371683,one_sqft,all_features,Ridge
33,302425.1079206507,3399730.188865084,4,Flower_rat,96.67,87.15225947880327,one_sqft,all_features,Ridge
1,302396.7375411658,3399717.598090765,0,Flower_rat,83.33,72.78795058367773,one_sqft,0510_single_date,SingleFeatureLinear
2,302398.0101895445,3399725.513117012,0,Flower_rat,100.0,108.67295100720466,one_sqft,0510_single_date,SingleFeatureLinear
3,302403.2165384987,3399738.1918875086,2,Flower_rat,100.0,111.1924270339387,one_sqft,0510_single_date,SingleFeatureLinear
4,302409.233175532,3399736.525009175,2,Flower_rat,100.0,90.54521385075546,one_sqft,0510_single_date,SingleFeatureLinear
5,302410.8783579892,3399742.6640162445,2,Flower_rat,100.0,75.32717820970794,one_sqft,0510_single_date,SingleFeatureLinear
6,302411.1087664363,3399745.335431309,2,Flower_rat,53.33,68.56508533401467,one_sqft,0510_single_date,SingleFeatureLinear
7,302411.7040801269,3399746.711267394,2,Flower_rat,36.67,64.40922245785171,one_sqft,0510_single_date,SingleFeatureLinear
8,302412.4978317144,3399749.7275234265,2,Flower_rat,90.0,84.84717532136098,one_sqft,0510_single_date,SingleFeatureLinear
9,302412.9878189794,3399752.9752241927,1,Flower_rat,86.67,72.82900708512945,one_sqft,0510_single_date,SingleFeatureLinear
10,302413.6863203764,3399755.959730162,1,Flower_rat,53.33,69.30067140616038,one_sqft,0510_single_date,SingleFeatureLinear
11,302413.0724858154,3399758.774902459,1,Flower_rat,96.67,76.12955627840691,one_sqft,0510_single_date,SingleFeatureLinear
12,302416.1254308109,3399766.0682448247,1,Flower_rat,100.0,63.67080826956638,one_sqft,0510_single_date,SingleFeatureLinear
13,302424.01796742977,3399763.127395192,1,Flower_rat,76.67,64.99718298152611,one_sqft,0510_single_date,SingleFeatureLinear
14,302424.0391341388,3399759.5925547886,1,Flower_rat,20.0,45.436732337855396,one_sqft,0510_single_date,SingleFeatureLinear
15,302423.5470081547,3399757.362112827,1,Flower_rat,3.33,53.30652141017036,one_sqft,0510_single_date,SingleFeatureLinear
16,302421.8536714346,3399755.245441927,1,Flower_rat,60.0,83.29570659419105,one_sqft,0510_single_date,SingleFeatureLinear
17,302421.033461461,3399750.8464706275,1,Flower_rat,50.0,81.28531275086773,one_sqft,0510_single_date,SingleFeatureLinear
18,302421.11812829704,3399747.417463769,1,Flower_rat,76.67,35.47332516921436,one_sqft,0510_single_date,SingleFeatureLinear
19,302419.234291196,3399744.792791853,2,Flower_rat,90.0,99.15939103972198,one_sqft,0510_single_date,SingleFeatureLinear
20,302419.8314569732,3399740.471784604,4,Flower_rat,76.67,45.727610946884404,one_sqft,0510_single_date,SingleFeatureLinear
21,302417.8999947769,3399738.090529841,4,Flower_rat,100.0,71.11988848107869,one_sqft,0510_single_date,SingleFeatureLinear
22,302418.72020475066,3399735.894483782,4,Flower_rat,3.33,48.714306141530685,one_sqft,0510_single_date,SingleFeatureLinear
23,302416.9739512581,3399733.671979337,4,Flower_rat,86.67,60.68823236834436,one_sqft,0510_single_date,SingleFeatureLinear
24,302415.80338815314,3399727.761175847,4,Flower_rat,70.0,59.219818673882195,one_sqft,0510_single_date,SingleFeatureLinear
25,302415.6419919966,3399721.3690502183,3,Flower_rat,13.33,47.81226904529956,one_sqft,0510_single_date,SingleFeatureLinear
26,302414.9011571816,3399718.3527941857,3,Flower_rat,56.67,46.439112499890655,one_sqft,0510_single_date,SingleFeatureLinear
27,302413.73698818655,3399713.325700798,3,Flower_rat,86.67,41.66518398955351,one_sqft,0510_single_date,SingleFeatureLinear
28,302411.355733424,3399708.4573577275,3,Flower_rat,93.33,69.8165206673945,one_sqft,0510_single_date,SingleFeatureLinear
29,302423.18704180926,3399711.851086738,3,Flower_rat,46.67,103.63328755500596,one_sqft,0510_single_date,SingleFeatureLinear
30,302423.774417984,3399714.9943430247,3,Flower_rat,86.67,97.46073596497921,one_sqft,0510_single_date,SingleFeatureLinear
31,302424.5205444763,3399717.629598296,3,Flower_rat,33.33,145.68670964884484,one_sqft,0510_single_date,SingleFeatureLinear
32,302425.2269833888,3399720.86228393,3,Flower_rat,53.33,131.56553394116972,one_sqft,0510_single_date,SingleFeatureLinear
33,302425.1079206507,3399730.188865084,4,Flower_rat,96.67,85.13797312046697,one_sqft,0510_single_date,SingleFeatureLinear
1,302396.7375411658,3399717.598090765,0,Flower_rat,83.33,68.66840414072381,one_sqft,0510_single_date,ElasticNet
2,302398.0101895445,3399725.513117012,0,Flower_rat,100.0,105.4230140246865,one_sqft,0510_single_date,ElasticNet
3,302403.2165384987,3399738.1918875086,2,Flower_rat,100.0,101.26014668004322,one_sqft,0510_single_date,ElasticNet
4,302409.233175532,3399736.525009175,2,Flower_rat,100.0,83.26907482894569,one_sqft,0510_single_date,ElasticNet
5,302410.8783579892,3399742.6640162445,2,Flower_rat,100.0,72.95350750388963,one_sqft,0510_single_date,ElasticNet
6,302411.1087664363,3399745.335431309,2,Flower_rat,53.33,66.6060481773057,one_sqft,0510_single_date,ElasticNet
7,302411.7040801269,3399746.711267394,2,Flower_rat,36.67,63.66011456878669,one_sqft,0510_single_date,ElasticNet
8,302412.4978317144,3399749.7275234265,2,Flower_rat,90.0,78.89737005369531,one_sqft,0510_single_date,ElasticNet
9,302412.9878189794,3399752.9752241927,1,Flower_rat,86.67,73.07498928337644,one_sqft,0510_single_date,ElasticNet
10,302413.6863203764,3399755.959730162,1,Flower_rat,53.33,69.28377227397581,one_sqft,0510_single_date,ElasticNet
11,302413.0724858154,3399758.774902459,1,Flower_rat,96.67,75.35507650897456,one_sqft,0510_single_date,ElasticNet
12,302416.1254308109,3399766.0682448247,1,Flower_rat,100.0,61.42455345538038,one_sqft,0510_single_date,ElasticNet
13,302424.01796742977,3399763.127395192,1,Flower_rat,76.67,65.59457292991297,one_sqft,0510_single_date,ElasticNet
14,302424.0391341388,3399759.5925547886,1,Flower_rat,20.0,46.05125386548279,one_sqft,0510_single_date,ElasticNet
15,302423.5470081547,3399757.362112827,1,Flower_rat,3.33,49.631653507213045,one_sqft,0510_single_date,ElasticNet
16,302421.8536714346,3399755.245441927,1,Flower_rat,60.0,82.47067776673782,one_sqft,0510_single_date,ElasticNet
17,302421.033461461,3399750.8464706275,1,Flower_rat,50.0,79.43145610918644,one_sqft,0510_single_date,ElasticNet
18,302421.11812829704,3399747.417463769,1,Flower_rat,76.67,43.79338699114819,one_sqft,0510_single_date,ElasticNet
19,302419.234291196,3399744.792791853,2,Flower_rat,90.0,91.63341180157755,one_sqft,0510_single_date,ElasticNet
20,302419.8314569732,3399740.471784604,4,Flower_rat,76.67,48.5305247870793,one_sqft,0510_single_date,ElasticNet
21,302417.8999947769,3399738.090529841,4,Flower_rat,100.0,74.55098910794328,one_sqft,0510_single_date,ElasticNet
22,302418.72020475066,3399735.894483782,4,Flower_rat,3.33,50.69545266364479,one_sqft,0510_single_date,ElasticNet
23,302416.9739512581,3399733.671979337,4,Flower_rat,86.67,62.80372903295936,one_sqft,0510_single_date,ElasticNet
24,302415.80338815314,3399727.761175847,4,Flower_rat,70.0,58.14418516208057,one_sqft,0510_single_date,ElasticNet
25,302415.6419919966,3399721.3690502183,3,Flower_rat,13.33,51.374303530850675,one_sqft,0510_single_date,ElasticNet
26,302414.9011571816,3399718.3527941857,3,Flower_rat,56.67,51.24217318914479,one_sqft,0510_single_date,ElasticNet
27,302413.73698818655,3399713.325700798,3,Flower_rat,86.67,44.294378712383754,one_sqft,0510_single_date,ElasticNet
28,302411.355733424,3399708.4573577275,3,Flower_rat,93.33,69.22541506941913,one_sqft,0510_single_date,ElasticNet
29,302423.18704180926,3399711.851086738,3,Flower_rat,46.67,81.56706313985879,one_sqft,0510_single_date,ElasticNet
30,302423.774417984,3399714.9943430247,3,Flower_rat,86.67,84.31067265834565,one_sqft,0510_single_date,ElasticNet
31,302424.5205444763,3399717.629598296,3,Flower_rat,33.33,111.20033575766074,one_sqft,0510_single_date,ElasticNet
32,302425.2269833888,3399720.86228393,3,Flower_rat,53.33,96.5710983439727,one_sqft,0510_single_date,ElasticNet
33,302425.1079206507,3399730.188865084,4,Flower_rat,96.67,85.35458135263136,one_sqft,0510_single_date,ElasticNet
1,302396.7375411658,3399717.598090765,0,Flower_rat,83.33,68.4533175331268,one_sqft,0510_single_date,PLS
2,302398.0101895445,3399725.513117012,0,Flower_rat,100.0,108.7113630065432,one_sqft,0510_single_date,PLS
3,302403.2165384987,3399738.1918875086,2,Flower_rat,100.0,105.845528942149,one_sqft,0510_single_date,PLS
4,302409.233175532,3399736.525009175,2,Flower_rat,100.0,83.41253603025316,one_sqft,0510_single_date,PLS
5,302410.8783579892,3399742.6640162445,2,Flower_rat,100.0,72.80588992606988,one_sqft,0510_single_date,PLS
6,302411.1087664363,3399745.335431309,2,Flower_rat,53.33,65.28380699436738,one_sqft,0510_single_date,PLS
7,302411.7040801269,3399746.711267394,2,Flower_rat,36.67,62.19024040322718,one_sqft,0510_single_date,PLS
8,302412.4978317144,3399749.7275234265,2,Flower_rat,90.0,79.0279605520409,one_sqft,0510_single_date,PLS
9,302412.9878189794,3399752.9752241927,1,Flower_rat,86.67,72.8306355034485,one_sqft,0510_single_date,PLS
10,302413.6863203764,3399755.959730162,1,Flower_rat,53.33,68.60473094257706,one_sqft,0510_single_date,PLS
11,302413.0724858154,3399758.774902459,1,Flower_rat,96.67,73.19936014544132,one_sqft,0510_single_date,PLS
12,302416.1254308109,3399766.0682448247,1,Flower_rat,100.0,59.819708229749516,one_sqft,0510_single_date,PLS
13,302424.01796742977,3399763.127395192,1,Flower_rat,76.67,65.08914724302187,one_sqft,0510_single_date,PLS
14,302424.0391341388,3399759.5925547886,1,Flower_rat,20.0,44.84852070096109,one_sqft,0510_single_date,PLS
15,302423.5470081547,3399757.362112827,1,Flower_rat,3.33,47.024249584140414,one_sqft,0510_single_date,PLS
16,302421.8536714346,3399755.245441927,1,Flower_rat,60.0,80.07882913188382,one_sqft,0510_single_date,PLS
17,302421.033461461,3399750.8464706275,1,Flower_rat,50.0,77.61004572623395,one_sqft,0510_single_date,PLS
18,302421.11812829704,3399747.417463769,1,Flower_rat,76.67,46.24129690284939,one_sqft,0510_single_date,PLS
19,302419.234291196,3399744.792791853,2,Flower_rat,90.0,93.85543051870529,one_sqft,0510_single_date,PLS
20,302419.8314569732,3399740.471784604,4,Flower_rat,76.67,47.55589819136308,one_sqft,0510_single_date,PLS
21,302417.8999947769,3399738.090529841,4,Flower_rat,100.0,75.35365920284931,one_sqft,0510_single_date,PLS
22,302418.72020475066,3399735.894483782,4,Flower_rat,3.33,48.672291364602444,one_sqft,0510_single_date,PLS
23,302416.9739512581,3399733.671979337,4,Flower_rat,86.67,62.44172520202355,one_sqft,0510_single_date,PLS
24,302415.80338815314,3399727.761175847,4,Flower_rat,70.0,56.42120013101347,one_sqft,0510_single_date,PLS
25,302415.6419919966,3399721.3690502183,3,Flower_rat,13.33,50.550195655129485,one_sqft,0510_single_date,PLS
26,302414.9011571816,3399718.3527941857,3,Flower_rat,56.67,50.41102389212063,one_sqft,0510_single_date,PLS
27,302413.73698818655,3399713.325700798,3,Flower_rat,86.67,41.95777501429954,one_sqft,0510_single_date,PLS
28,302411.355733424,3399708.4573577275,3,Flower_rat,93.33,68.26424448901432,one_sqft,0510_single_date,PLS
29,302423.18704180926,3399711.851086738,3,Flower_rat,46.67,75.54499647102476,one_sqft,0510_single_date,PLS
30,302423.774417984,3399714.9943430247,3,Flower_rat,86.67,81.86828839567585,one_sqft,0510_single_date,PLS
31,302424.5205444763,3399717.629598296,3,Flower_rat,33.33,103.90756155392333,one_sqft,0510_single_date,PLS
32,302425.2269833888,3399720.86228393,3,Flower_rat,53.33,87.6510137905414,one_sqft,0510_single_date,PLS
33,302425.1079206507,3399730.188865084,4,Flower_rat,96.67,88.4713125089293,one_sqft,0510_single_date,PLS
1,302396.7375411658,3399717.598090765,0,Flower_rat,83.33,73.40974448172202,one_sqft,0510_single_date,RandomForest
2,302398.0101895445,3399725.513117012,0,Flower_rat,100.0,90.35522971380466,one_sqft,0510_single_date,RandomForest
3,302403.2165384987,3399738.1918875086,2,Flower_rat,100.0,79.28379581770076,one_sqft,0510_single_date,RandomForest
4,302409.233175532,3399736.525009175,2,Flower_rat,100.0,79.31431617484364,one_sqft,0510_single_date,RandomForest
5,302410.8783579892,3399742.6640162445,2,Flower_rat,100.0,80.3533482635882,one_sqft,0510_single_date,RandomForest
6,302411.1087664363,3399745.335431309,2,Flower_rat,53.33,74.78933362674358,one_sqft,0510_single_date,RandomForest
7,302411.7040801269,3399746.711267394,2,Flower_rat,36.67,75.09657826358816,one_sqft,0510_single_date,RandomForest
8,302412.4978317144,3399749.7275234265,2,Flower_rat,90.0,76.45442060606055,one_sqft,0510_single_date,RandomForest
9,302412.9878189794,3399752.9752241927,1,Flower_rat,86.67,87.67668006086512,one_sqft,0510_single_date,RandomForest
10,302413.6863203764,3399755.959730162,1,Flower_rat,53.33,68.94238418831169,one_sqft,0510_single_date,RandomForest
11,302413.0724858154,3399758.774902459,1,Flower_rat,96.67,88.62959169506419,one_sqft,0510_single_date,RandomForest
12,302416.1254308109,3399766.0682448247,1,Flower_rat,100.0,60.86419660654164,one_sqft,0510_single_date,RandomForest
13,302424.01796742977,3399763.127395192,1,Flower_rat,76.67,63.3404158417509,one_sqft,0510_single_date,RandomForest
14,302424.0391341388,3399759.5925547886,1,Flower_rat,20.0,49.31989299062046,one_sqft,0510_single_date,RandomForest
15,302423.5470081547,3399757.362112827,1,Flower_rat,3.33,49.31989299062046,one_sqft,0510_single_date,RandomForest
16,302421.8536714346,3399755.245441927,1,Flower_rat,60.0,88.47482304667552,one_sqft,0510_single_date,RandomForest
17,302421.033461461,3399750.8464706275,1,Flower_rat,50.0,92.14608929126432,one_sqft,0510_single_date,RandomForest
18,302421.11812829704,3399747.417463769,1,Flower_rat,76.67,49.132657990620466,one_sqft,0510_single_date,RandomForest
19,302419.234291196,3399744.792791853,2,Flower_rat,90.0,79.28379581770076,one_sqft,0510_single_date,RandomForest
20,302419.8314569732,3399740.471784604,4,Flower_rat,76.67,41.86772463804715,one_sqft,0510_single_date,RandomForest
21,302417.8999947769,3399738.090529841,4,Flower_rat,100.0,77.23292227873984,one_sqft,0510_single_date,RandomForest
22,302418.72020475066,3399735.894483782,4,Flower_rat,3.33,41.87046978354981,one_sqft,0510_single_date,RandomForest
23,302416.9739512581,3399733.671979337,4,Flower_rat,86.67,67.00482745911495,one_sqft,0510_single_date,RandomForest
24,302415.80338815314,3399727.761175847,4,Flower_rat,70.0,52.16070466690718,one_sqft,0510_single_date,RandomForest
25,302415.6419919966,3399721.3690502183,3,Flower_rat,13.33,52.283598606763604,one_sqft,0510_single_date,RandomForest
26,302414.9011571816,3399718.3527941857,3,Flower_rat,56.67,52.26030495596996,one_sqft,0510_single_date,RandomForest
27,302413.73698818655,3399713.325700798,3,Flower_rat,86.67,36.645072511285015,one_sqft,0510_single_date,RandomForest
28,302411.355733424,3399708.4573577275,3,Flower_rat,93.33,72.1992726399526,one_sqft,0510_single_date,RandomForest
29,302423.18704180926,3399711.851086738,3,Flower_rat,46.67,75.11763699060195,one_sqft,0510_single_date,RandomForest
30,302423.774417984,3399714.9943430247,3,Flower_rat,86.67,82.33440146945651,one_sqft,0510_single_date,RandomForest
31,302424.5205444763,3399717.629598296,3,Flower_rat,33.33,96.01960016113513,one_sqft,0510_single_date,RandomForest
32,302425.2269833888,3399720.86228393,3,Flower_rat,53.33,84.54669084776343,one_sqft,0510_single_date,RandomForest
33,302425.1079206507,3399730.188865084,4,Flower_rat,96.67,90.5603692929294,one_sqft,0510_single_date,RandomForest
1,302396.7375411658,3399717.598090765,0,Flower_rat,83.33,72.01391588985088,one_sqft,all_features,RandomForest
2,302398.0101895445,3399725.513117012,0,Flower_rat,100.0,93.30311713924965,one_sqft,all_features,RandomForest
3,302403.2165384987,3399738.1918875086,2,Flower_rat,100.0,88.37300890729632,one_sqft,all_features,RandomForest
4,302409.233175532,3399736.525009175,2,Flower_rat,100.0,84.19003156241902,one_sqft,all_features,RandomForest
5,302410.8783579892,3399742.6640162445,2,Flower_rat,100.0,71.1615762518038,one_sqft,all_features,RandomForest
6,302411.1087664363,3399745.335431309,2,Flower_rat,53.33,66.8606807563733,one_sqft,all_features,RandomForest
7,302411.7040801269,3399746.711267394,2,Flower_rat,36.67,66.55333677008176,one_sqft,all_features,RandomForest
8,302412.4978317144,3399749.7275234265,2,Flower_rat,90.0,85.82468800782544,one_sqft,all_features,RandomForest
9,302412.9878189794,3399752.9752241927,1,Flower_rat,86.67,91.64411648342399,one_sqft,all_features,RandomForest
10,302413.6863203764,3399755.959730162,1,Flower_rat,53.33,81.67460045574795,one_sqft,all_features,RandomForest
11,302413.0724858154,3399758.774902459,1,Flower_rat,96.67,92.089709480057,one_sqft,all_features,RandomForest
12,302416.1254308109,3399766.0682448247,1,Flower_rat,100.0,68.00226240860994,one_sqft,all_features,RandomForest
13,302424.01796742977,3399763.127395192,1,Flower_rat,76.67,77.73746688431942,one_sqft,all_features,RandomForest
14,302424.0391341388,3399759.5925547886,1,Flower_rat,20.0,59.46849594877347,one_sqft,all_features,RandomForest
15,302423.5470081547,3399757.362112827,1,Flower_rat,3.33,50.852945975228494,one_sqft,all_features,RandomForest
16,302421.8536714346,3399755.245441927,1,Flower_rat,60.0,60.08605622127877,one_sqft,all_features,RandomForest
17,302421.033461461,3399750.8464706275,1,Flower_rat,50.0,92.02089566331816,one_sqft,all_features,RandomForest
18,302421.11812829704,3399747.417463769,1,Flower_rat,76.67,44.90363902236654,one_sqft,all_features,RandomForest
19,302419.234291196,3399744.792791853,2,Flower_rat,90.0,89.706586605709,one_sqft,all_features,RandomForest
20,302419.8314569732,3399740.471784604,4,Flower_rat,76.67,42.04565353294855,one_sqft,all_features,RandomForest
21,302417.8999947769,3399738.090529841,4,Flower_rat,100.0,78.60426626623376,one_sqft,all_features,RandomForest
22,302418.72020475066,3399735.894483782,4,Flower_rat,3.33,43.132005834535846,one_sqft,all_features,RandomForest
23,302416.9739512581,3399733.671979337,4,Flower_rat,86.67,65.69517430060677,one_sqft,all_features,RandomForest
24,302415.80338815314,3399727.761175847,4,Flower_rat,70.0,53.71739179292926,one_sqft,all_features,RandomForest
25,302415.6419919966,3399721.3690502183,3,Flower_rat,13.33,62.5389799618899,one_sqft,all_features,RandomForest
26,302414.9011571816,3399718.3527941857,3,Flower_rat,56.67,60.06209551744548,one_sqft,all_features,RandomForest
27,302413.73698818655,3399713.325700798,3,Flower_rat,86.67,41.252230088152565,one_sqft,all_features,RandomForest
28,302411.355733424,3399708.4573577275,3,Flower_rat,93.33,59.689762721815214,one_sqft,all_features,RandomForest
29,302423.18704180926,3399711.851086738,3,Flower_rat,46.67,88.60073423881671,one_sqft,all_features,RandomForest
30,302423.774417984,3399714.9943430247,3,Flower_rat,86.67,91.27841439874942,one_sqft,all_features,RandomForest
31,302424.5205444763,3399717.629598296,3,Flower_rat,33.33,97.02022726430972,one_sqft,all_features,RandomForest
32,302425.2269833888,3399720.86228393,3,Flower_rat,53.33,95.8959695923521,one_sqft,all_features,RandomForest
33,302425.1079206507,3399730.188865084,4,Flower_rat,96.67,90.20867949374701,one_sqft,all_features,RandomForest
1,302396.7375411658,3399717.598090765,0,Flower_rat,83.33,67.63483870967742,r0p3,all_features,DummyMean
2,302398.0101895445,3399725.513117012,0,Flower_rat,100.0,67.63483870967742,r0p3,all_features,DummyMean
3,302403.2165384987,3399738.1918875086,2,Flower_rat,100.0,65.76961538461538,r0p3,all_features,DummyMean
4,302409.233175532,3399736.525009175,2,Flower_rat,100.0,65.76961538461538,r0p3,all_features,DummyMean
5,302410.8783579892,3399742.6640162445,2,Flower_rat,100.0,65.76961538461538,r0p3,all_features,DummyMean
6,302411.1087664363,3399745.335431309,2,Flower_rat,53.33,65.76961538461538,r0p3,all_features,DummyMean
7,302411.7040801269,3399746.711267394,2,Flower_rat,36.67,65.76961538461538,r0p3,all_features,DummyMean
8,302412.4978317144,3399749.7275234265,2,Flower_rat,90.0,65.76961538461538,r0p3,all_features,DummyMean
9,302412.9878189794,3399752.9752241927,1,Flower_rat,86.67,72.02913043478262,r0p3,all_features,DummyMean
10,302413.6863203764,3399755.959730162,1,Flower_rat,53.33,72.02913043478262,r0p3,all_features,DummyMean
11,302413.0724858154,3399758.774902459,1,Flower_rat,96.67,72.02913043478262,r0p3,all_features,DummyMean
12,302416.1254308109,3399766.0682448247,1,Flower_rat,100.0,72.02913043478262,r0p3,all_features,DummyMean
13,302424.01796742977,3399763.127395192,1,Flower_rat,76.67,72.02913043478262,r0p3,all_features,DummyMean
14,302424.0391341388,3399759.5925547886,1,Flower_rat,20.0,72.02913043478262,r0p3,all_features,DummyMean
15,302423.5470081547,3399757.362112827,1,Flower_rat,3.33,72.02913043478262,r0p3,all_features,DummyMean
16,302421.8536714346,3399755.245441927,1,Flower_rat,60.0,72.02913043478262,r0p3,all_features,DummyMean
17,302421.033461461,3399750.8464706275,1,Flower_rat,50.0,72.02913043478262,r0p3,all_features,DummyMean
18,302421.11812829704,3399747.417463769,1,Flower_rat,76.67,72.02913043478262,r0p3,all_features,DummyMean
19,302419.234291196,3399744.792791853,2,Flower_rat,90.0,65.76961538461538,r0p3,all_features,DummyMean
20,302419.8314569732,3399740.471784604,4,Flower_rat,76.67,68.39518518518518,r0p3,all_features,DummyMean
21,302417.8999947769,3399738.090529841,4,Flower_rat,100.0,68.39518518518518,r0p3,all_features,DummyMean
22,302418.72020475066,3399735.894483782,4,Flower_rat,3.33,68.39518518518518,r0p3,all_features,DummyMean
23,302416.9739512581,3399733.671979337,4,Flower_rat,86.67,68.39518518518518,r0p3,all_features,DummyMean
24,302415.80338815314,3399727.761175847,4,Flower_rat,70.0,68.39518518518518,r0p3,all_features,DummyMean
25,302415.6419919966,3399721.3690502183,3,Flower_rat,13.33,72.4004,r0p3,all_features,DummyMean
26,302414.9011571816,3399718.3527941857,3,Flower_rat,56.67,72.4004,r0p3,all_features,DummyMean
27,302413.73698818655,3399713.325700798,3,Flower_rat,86.67,72.4004,r0p3,all_features,DummyMean
28,302411.355733424,3399708.4573577275,3,Flower_rat,93.33,72.4004,r0p3,all_features,DummyMean
29,302423.18704180926,3399711.851086738,3,Flower_rat,46.67,72.4004,r0p3,all_features,DummyMean
30,302423.774417984,3399714.9943430247,3,Flower_rat,86.67,72.4004,r0p3,all_features,DummyMean
31,302424.5205444763,3399717.629598296,3,Flower_rat,33.33,72.4004,r0p3,all_features,DummyMean
32,302425.2269833888,3399720.86228393,3,Flower_rat,53.33,72.4004,r0p3,all_features,DummyMean
33,302425.1079206507,3399730.188865084,4,Flower_rat,96.67,68.39518518518518,r0p3,all_features,DummyMean
1,302396.7375411658,3399717.598090765,0,Flower_rat,83.33,70.61952109087409,r0p3,0510_single_date,Ridge
2,302398.0101895445,3399725.513117012,0,Flower_rat,100.0,115.99226323650966,r0p3,0510_single_date,Ridge
3,302403.2165384987,3399738.1918875086,2,Flower_rat,100.0,90.88730500676516,r0p3,0510_single_date,Ridge
4,302409.233175532,3399736.525009175,2,Flower_rat,100.0,87.4256475547557,r0p3,0510_single_date,Ridge
5,302410.8783579892,3399742.6640162445,2,Flower_rat,100.0,75.19116332417505,r0p3,0510_single_date,Ridge
6,302411.1087664363,3399745.335431309,2,Flower_rat,53.33,67.03354546329336,r0p3,0510_single_date,Ridge
7,302411.7040801269,3399746.711267394,2,Flower_rat,36.67,66.88509460461418,r0p3,0510_single_date,Ridge
8,302412.4978317144,3399749.7275234265,2,Flower_rat,90.0,82.0785100034388,r0p3,0510_single_date,Ridge
9,302412.9878189794,3399752.9752241927,1,Flower_rat,86.67,71.29620584863703,r0p3,0510_single_date,Ridge
10,302413.6863203764,3399755.959730162,1,Flower_rat,53.33,70.92199958994284,r0p3,0510_single_date,Ridge
11,302413.0724858154,3399758.774902459,1,Flower_rat,96.67,79.80549895970034,r0p3,0510_single_date,Ridge
12,302416.1254308109,3399766.0682448247,1,Flower_rat,100.0,64.82539048363921,r0p3,0510_single_date,Ridge
13,302424.01796742977,3399763.127395192,1,Flower_rat,76.67,69.97093223317715,r0p3,0510_single_date,Ridge
14,302424.0391341388,3399759.5925547886,1,Flower_rat,20.0,45.05163768713872,r0p3,0510_single_date,Ridge
15,302423.5470081547,3399757.362112827,1,Flower_rat,3.33,43.72136068492936,r0p3,0510_single_date,Ridge
16,302421.8536714346,3399755.245441927,1,Flower_rat,60.0,89.283286153803,r0p3,0510_single_date,Ridge
17,302421.033461461,3399750.8464706275,1,Flower_rat,50.0,85.38102077199925,r0p3,0510_single_date,Ridge
18,302421.11812829704,3399747.417463769,1,Flower_rat,76.67,42.04253485697275,r0p3,0510_single_date,Ridge
19,302419.234291196,3399744.792791853,2,Flower_rat,90.0,97.57068994698344,r0p3,0510_single_date,Ridge
20,302419.8314569732,3399740.471784604,4,Flower_rat,76.67,52.028083876352014,r0p3,0510_single_date,Ridge
21,302417.8999947769,3399738.090529841,4,Flower_rat,100.0,82.43302799550264,r0p3,0510_single_date,Ridge
22,302418.72020475066,3399735.894483782,4,Flower_rat,3.33,52.87403635165614,r0p3,0510_single_date,Ridge
23,302416.9739512581,3399733.671979337,4,Flower_rat,86.67,74.07107847205097,r0p3,0510_single_date,Ridge
24,302415.80338815314,3399727.761175847,4,Flower_rat,70.0,56.10573497586087,r0p3,0510_single_date,Ridge
25,302415.6419919966,3399721.3690502183,3,Flower_rat,13.33,51.47643050782741,r0p3,0510_single_date,Ridge
26,302414.9011571816,3399718.3527941857,3,Flower_rat,56.67,51.07831196006718,r0p3,0510_single_date,Ridge
27,302413.73698818655,3399713.325700798,3,Flower_rat,86.67,46.977484808147665,r0p3,0510_single_date,Ridge
28,302411.355733424,3399708.4573577275,3,Flower_rat,93.33,66.82528796833492,r0p3,0510_single_date,Ridge
29,302423.18704180926,3399711.851086738,3,Flower_rat,46.67,65.65033420352805,r0p3,0510_single_date,Ridge
30,302423.774417984,3399714.9943430247,3,Flower_rat,86.67,79.4864369989885,r0p3,0510_single_date,Ridge
31,302424.5205444763,3399717.629598296,3,Flower_rat,33.33,91.37790309675147,r0p3,0510_single_date,Ridge
32,302425.2269833888,3399720.86228393,3,Flower_rat,53.33,71.3352581034807,r0p3,0510_single_date,Ridge
33,302425.1079206507,3399730.188865084,4,Flower_rat,96.67,54.0115352517673,r0p3,0510_single_date,Ridge
1,302396.7375411658,3399717.598090765,0,Flower_rat,83.33,72.85424750162979,r0p3,0418_single_date,Ridge
2,302398.0101895445,3399725.513117012,0,Flower_rat,100.0,56.54149089432717,r0p3,0418_single_date,Ridge
3,302403.2165384987,3399738.1918875086,2,Flower_rat,100.0,50.46882604290447,r0p3,0418_single_date,Ridge
4,302409.233175532,3399736.525009175,2,Flower_rat,100.0,69.88952238348165,r0p3,0418_single_date,Ridge
5,302410.8783579892,3399742.6640162445,2,Flower_rat,100.0,83.43656223007125,r0p3,0418_single_date,Ridge
6,302411.1087664363,3399745.335431309,2,Flower_rat,53.33,67.53968583992896,r0p3,0418_single_date,Ridge
7,302411.7040801269,3399746.711267394,2,Flower_rat,36.67,73.48596076815295,r0p3,0418_single_date,Ridge
8,302412.4978317144,3399749.7275234265,2,Flower_rat,90.0,77.34038902984663,r0p3,0418_single_date,Ridge
9,302412.9878189794,3399752.9752241927,1,Flower_rat,86.67,88.809224178801,r0p3,0418_single_date,Ridge
10,302413.6863203764,3399755.959730162,1,Flower_rat,53.33,93.80205357597237,r0p3,0418_single_date,Ridge
11,302413.0724858154,3399758.774902459,1,Flower_rat,96.67,93.88846359874239,r0p3,0418_single_date,Ridge
12,302416.1254308109,3399766.0682448247,1,Flower_rat,100.0,105.07768253558615,r0p3,0418_single_date,Ridge
13,302424.01796742977,3399763.127395192,1,Flower_rat,76.67,114.70485367939034,r0p3,0418_single_date,Ridge
14,302424.0391341388,3399759.5925547886,1,Flower_rat,20.0,111.19011681817216,r0p3,0418_single_date,Ridge
15,302423.5470081547,3399757.362112827,1,Flower_rat,3.33,103.2136030820452,r0p3,0418_single_date,Ridge
16,302421.8536714346,3399755.245441927,1,Flower_rat,60.0,214.33800586216802,r0p3,0418_single_date,Ridge
17,302421.033461461,3399750.8464706275,1,Flower_rat,50.0,82.78829298165421,r0p3,0418_single_date,Ridge
18,302421.11812829704,3399747.417463769,1,Flower_rat,76.67,81.44733808177544,r0p3,0418_single_date,Ridge
19,302419.234291196,3399744.792791853,2,Flower_rat,90.0,83.91825350447351,r0p3,0418_single_date,Ridge
20,302419.8314569732,3399740.471784604,4,Flower_rat,76.67,56.13395835041424,r0p3,0418_single_date,Ridge
21,302417.8999947769,3399738.090529841,4,Flower_rat,100.0,73.91221755984861,r0p3,0418_single_date,Ridge
22,302418.72020475066,3399735.894483782,4,Flower_rat,3.33,63.87343998553774,r0p3,0418_single_date,Ridge
23,302416.9739512581,3399733.671979337,4,Flower_rat,86.67,57.26890794287283,r0p3,0418_single_date,Ridge
24,302415.80338815314,3399727.761175847,4,Flower_rat,70.0,61.51746604564014,r0p3,0418_single_date,Ridge
25,302415.6419919966,3399721.3690502183,3,Flower_rat,13.33,64.44641450936125,r0p3,0418_single_date,Ridge
26,302414.9011571816,3399718.3527941857,3,Flower_rat,56.67,77.38569668611298,r0p3,0418_single_date,Ridge
27,302413.73698818655,3399713.325700798,3,Flower_rat,86.67,79.14270285462848,r0p3,0418_single_date,Ridge
28,302411.355733424,3399708.4573577275,3,Flower_rat,93.33,92.42339418027925,r0p3,0418_single_date,Ridge
29,302423.18704180926,3399711.851086738,3,Flower_rat,46.67,69.76562745102468,r0p3,0418_single_date,Ridge
30,302423.774417984,3399714.9943430247,3,Flower_rat,86.67,77.68605505005188,r0p3,0418_single_date,Ridge
31,302424.5205444763,3399717.629598296,3,Flower_rat,33.33,83.00413791485957,r0p3,0418_single_date,Ridge
32,302425.2269833888,3399720.86228393,3,Flower_rat,53.33,86.41300641891166,r0p3,0418_single_date,Ridge
33,302425.1079206507,3399730.188865084,4,Flower_rat,96.67,99.24649555699214,r0p3,0418_single_date,Ridge
1,302396.7375411658,3399717.598090765,0,Flower_rat,83.33,75.52361468117032,r0p3,change_only,Ridge
2,302398.0101895445,3399725.513117012,0,Flower_rat,100.0,113.58349524065179,r0p3,change_only,Ridge
3,302403.2165384987,3399738.1918875086,2,Flower_rat,100.0,81.98940924086405,r0p3,change_only,Ridge
4,302409.233175532,3399736.525009175,2,Flower_rat,100.0,81.21350286620279,r0p3,change_only,Ridge
5,302410.8783579892,3399742.6640162445,2,Flower_rat,100.0,71.62039090162082,r0p3,change_only,Ridge
6,302411.1087664363,3399745.335431309,2,Flower_rat,53.33,65.40711136536058,r0p3,change_only,Ridge
7,302411.7040801269,3399746.711267394,2,Flower_rat,36.67,64.48902374058248,r0p3,change_only,Ridge
8,302412.4978317144,3399749.7275234265,2,Flower_rat,90.0,75.37491076316938,r0p3,change_only,Ridge
9,302412.9878189794,3399752.9752241927,1,Flower_rat,86.67,76.69299827629183,r0p3,change_only,Ridge
10,302413.6863203764,3399755.959730162,1,Flower_rat,53.33,76.4445047467281,r0p3,change_only,Ridge
11,302413.0724858154,3399758.774902459,1,Flower_rat,96.67,90.35233109754365,r0p3,change_only,Ridge
12,302416.1254308109,3399766.0682448247,1,Flower_rat,100.0,65.77270016172693,r0p3,change_only,Ridge
13,302424.01796742977,3399763.127395192,1,Flower_rat,76.67,87.84934066774225,r0p3,change_only,Ridge
14,302424.0391341388,3399759.5925547886,1,Flower_rat,20.0,66.3030744310376,r0p3,change_only,Ridge
15,302423.5470081547,3399757.362112827,1,Flower_rat,3.33,62.91961016408938,r0p3,change_only,Ridge
16,302421.8536714346,3399755.245441927,1,Flower_rat,60.0,53.77739729075099,r0p3,change_only,Ridge
17,302421.033461461,3399750.8464706275,1,Flower_rat,50.0,93.43265080038967,r0p3,change_only,Ridge
18,302421.11812829704,3399747.417463769,1,Flower_rat,76.67,59.44829633995385,r0p3,change_only,Ridge
19,302419.234291196,3399744.792791853,2,Flower_rat,90.0,101.24424684652553,r0p3,change_only,Ridge
20,302419.8314569732,3399740.471784604,4,Flower_rat,76.67,47.02474262415804,r0p3,change_only,Ridge
21,302417.8999947769,3399738.090529841,4,Flower_rat,100.0,89.84514245386426,r0p3,change_only,Ridge
22,302418.72020475066,3399735.894483782,4,Flower_rat,3.33,43.6395579699858,r0p3,change_only,Ridge
23,302416.9739512581,3399733.671979337,4,Flower_rat,86.67,70.11698606368206,r0p3,change_only,Ridge
24,302415.80338815314,3399727.761175847,4,Flower_rat,70.0,53.77331211032728,r0p3,change_only,Ridge
25,302415.6419919966,3399721.3690502183,3,Flower_rat,13.33,54.39225935791679,r0p3,change_only,Ridge
26,302414.9011571816,3399718.3527941857,3,Flower_rat,56.67,55.46092549768542,r0p3,change_only,Ridge
27,302413.73698818655,3399713.325700798,3,Flower_rat,86.67,47.654666510532046,r0p3,change_only,Ridge
28,302411.355733424,3399708.4573577275,3,Flower_rat,93.33,68.42980595117773,r0p3,change_only,Ridge
29,302423.18704180926,3399711.851086738,3,Flower_rat,46.67,75.50211754188926,r0p3,change_only,Ridge
30,302423.774417984,3399714.9943430247,3,Flower_rat,86.67,86.40369058120581,r0p3,change_only,Ridge
31,302424.5205444763,3399717.629598296,3,Flower_rat,33.33,96.36909789454003,r0p3,change_only,Ridge
32,302425.2269833888,3399720.86228393,3,Flower_rat,53.33,82.45313008014003,r0p3,change_only,Ridge
33,302425.1079206507,3399730.188865084,4,Flower_rat,96.67,79.29660740278253,r0p3,change_only,Ridge
1,302396.7375411658,3399717.598090765,0,Flower_rat,83.33,73.57559695879006,r0p3,all_features,Ridge
2,302398.0101895445,3399725.513117012,0,Flower_rat,100.0,121.79602142133098,r0p3,all_features,Ridge
3,302403.2165384987,3399738.1918875086,2,Flower_rat,100.0,81.98940924086405,r0p3,all_features,Ridge
4,302409.233175532,3399736.525009175,2,Flower_rat,100.0,81.21350286620279,r0p3,all_features,Ridge
5,302410.8783579892,3399742.6640162445,2,Flower_rat,100.0,71.62039090162082,r0p3,all_features,Ridge
6,302411.1087664363,3399745.335431309,2,Flower_rat,53.33,65.40711136536058,r0p3,all_features,Ridge
7,302411.7040801269,3399746.711267394,2,Flower_rat,36.67,64.48902374058248,r0p3,all_features,Ridge
8,302412.4978317144,3399749.7275234265,2,Flower_rat,90.0,75.37491076316938,r0p3,all_features,Ridge
9,302412.9878189794,3399752.9752241927,1,Flower_rat,86.67,76.69299827629183,r0p3,all_features,Ridge
10,302413.6863203764,3399755.959730162,1,Flower_rat,53.33,76.4445047467281,r0p3,all_features,Ridge
11,302413.0724858154,3399758.774902459,1,Flower_rat,96.67,90.35233109754365,r0p3,all_features,Ridge
12,302416.1254308109,3399766.0682448247,1,Flower_rat,100.0,65.77270016172693,r0p3,all_features,Ridge
13,302424.01796742977,3399763.127395192,1,Flower_rat,76.67,87.84934066774225,r0p3,all_features,Ridge
14,302424.0391341388,3399759.5925547886,1,Flower_rat,20.0,66.3030744310376,r0p3,all_features,Ridge
15,302423.5470081547,3399757.362112827,1,Flower_rat,3.33,62.91961016408938,r0p3,all_features,Ridge
16,302421.8536714346,3399755.245441927,1,Flower_rat,60.0,53.77739729075099,r0p3,all_features,Ridge
17,302421.033461461,3399750.8464706275,1,Flower_rat,50.0,93.43265080038967,r0p3,all_features,Ridge
18,302421.11812829704,3399747.417463769,1,Flower_rat,76.67,59.44829633995385,r0p3,all_features,Ridge
19,302419.234291196,3399744.792791853,2,Flower_rat,90.0,101.24424684652553,r0p3,all_features,Ridge
20,302419.8314569732,3399740.471784604,4,Flower_rat,76.67,55.847640347325424,r0p3,all_features,Ridge
21,302417.8999947769,3399738.090529841,4,Flower_rat,100.0,90.21699396841582,r0p3,all_features,Ridge
22,302418.72020475066,3399735.894483782,4,Flower_rat,3.33,52.00799586823173,r0p3,all_features,Ridge
23,302416.9739512581,3399733.671979337,4,Flower_rat,86.67,77.20031961656427,r0p3,all_features,Ridge
24,302415.80338815314,3399727.761175847,4,Flower_rat,70.0,56.027253895699346,r0p3,all_features,Ridge
25,302415.6419919966,3399721.3690502183,3,Flower_rat,13.33,54.39225935791679,r0p3,all_features,Ridge
26,302414.9011571816,3399718.3527941857,3,Flower_rat,56.67,55.46092549768542,r0p3,all_features,Ridge
27,302413.73698818655,3399713.325700798,3,Flower_rat,86.67,47.654666510532046,r0p3,all_features,Ridge
28,302411.355733424,3399708.4573577275,3,Flower_rat,93.33,68.42980595117773,r0p3,all_features,Ridge
29,302423.18704180926,3399711.851086738,3,Flower_rat,46.67,75.50211754188926,r0p3,all_features,Ridge
30,302423.774417984,3399714.9943430247,3,Flower_rat,86.67,86.40369058120581,r0p3,all_features,Ridge
31,302424.5205444763,3399717.629598296,3,Flower_rat,33.33,96.36909789454003,r0p3,all_features,Ridge
32,302425.2269833888,3399720.86228393,3,Flower_rat,53.33,82.45313008014003,r0p3,all_features,Ridge
33,302425.1079206507,3399730.188865084,4,Flower_rat,96.67,53.06280767924295,r0p3,all_features,Ridge
1,302396.7375411658,3399717.598090765,0,Flower_rat,83.33,66.41332082578408,r0p3,0510_single_date,SingleFeatureLinear
2,302398.0101895445,3399725.513117012,0,Flower_rat,100.0,130.49001093904332,r0p3,0510_single_date,SingleFeatureLinear
3,302403.2165384987,3399738.1918875086,2,Flower_rat,100.0,100.68097571792765,r0p3,0510_single_date,SingleFeatureLinear
4,302409.233175532,3399736.525009175,2,Flower_rat,100.0,89.2940333120302,r0p3,0510_single_date,SingleFeatureLinear
5,302410.8783579892,3399742.6640162445,2,Flower_rat,100.0,75.1701300485444,r0p3,0510_single_date,SingleFeatureLinear
6,302411.1087664363,3399745.335431309,2,Flower_rat,53.33,64.20455238045749,r0p3,0510_single_date,SingleFeatureLinear
7,302411.7040801269,3399746.711267394,2,Flower_rat,36.67,68.39206321954862,r0p3,0510_single_date,SingleFeatureLinear
8,302412.4978317144,3399749.7275234265,2,Flower_rat,90.0,81.12422715655612,r0p3,0510_single_date,SingleFeatureLinear
9,302412.9878189794,3399752.9752241927,1,Flower_rat,86.67,67.91702894909042,r0p3,0510_single_date,SingleFeatureLinear
10,302413.6863203764,3399755.959730162,1,Flower_rat,53.33,68.28667769515408,r0p3,0510_single_date,SingleFeatureLinear
11,302413.0724858154,3399758.774902459,1,Flower_rat,96.67,80.75261896347729,r0p3,0510_single_date,SingleFeatureLinear
12,302416.1254308109,3399766.0682448247,1,Flower_rat,100.0,58.0711578626648,r0p3,0510_single_date,SingleFeatureLinear
13,302424.01796742977,3399763.127395192,1,Flower_rat,76.67,64.09736968119024,r0p3,0510_single_date,SingleFeatureLinear
14,302424.0391341388,3399759.5925547886,1,Flower_rat,20.0,44.45950926954427,r0p3,0510_single_date,SingleFeatureLinear
15,302423.5470081547,3399757.362112827,1,Flower_rat,3.33,40.44354249801532,r0p3,0510_single_date,SingleFeatureLinear
16,302421.8536714346,3399755.245441927,1,Flower_rat,60.0,89.725540288729,r0p3,0510_single_date,SingleFeatureLinear
17,302421.033461461,3399750.8464706275,1,Flower_rat,50.0,82.34271332948323,r0p3,0510_single_date,SingleFeatureLinear
18,302421.11812829704,3399747.417463769,1,Flower_rat,76.67,39.84190596920725,r0p3,0510_single_date,SingleFeatureLinear
19,302419.234291196,3399744.792791853,2,Flower_rat,90.0,101.7724224815355,r0p3,0510_single_date,SingleFeatureLinear
20,302419.8314569732,3399740.471784604,4,Flower_rat,76.67,63.255162070906934,r0p3,0510_single_date,SingleFeatureLinear
21,302417.8999947769,3399738.090529841,4,Flower_rat,100.0,90.09334329820621,r0p3,0510_single_date,SingleFeatureLinear
22,302418.72020475066,3399735.894483782,4,Flower_rat,3.33,65.59756049686446,r0p3,0510_single_date,SingleFeatureLinear
23,302416.9739512581,3399733.671979337,4,Flower_rat,86.67,83.56747314470832,r0p3,0510_single_date,SingleFeatureLinear
24,302415.80338815314,3399727.761175847,4,Flower_rat,70.0,59.99654876247156,r0p3,0510_single_date,SingleFeatureLinear
25,302415.6419919966,3399721.3690502183,3,Flower_rat,13.33,48.134922619313684,r0p3,0510_single_date,SingleFeatureLinear
26,302414.9011571816,3399718.3527941857,3,Flower_rat,56.67,48.75975946852601,r0p3,0510_single_date,SingleFeatureLinear
27,302413.73698818655,3399713.325700798,3,Flower_rat,86.67,44.798288163854515,r0p3,0510_single_date,SingleFeatureLinear
28,302411.355733424,3399708.4573577275,3,Flower_rat,93.33,67.29698595039433,r0p3,0510_single_date,SingleFeatureLinear
29,302423.18704180926,3399711.851086738,3,Flower_rat,46.67,70.57824541284243,r0p3,0510_single_date,SingleFeatureLinear
30,302423.774417984,3399714.9943430247,3,Flower_rat,86.67,82.49057730003979,r0p3,0510_single_date,SingleFeatureLinear
31,302424.5205444763,3399717.629598296,3,Flower_rat,33.33,93.29858236330197,r0p3,0510_single_date,SingleFeatureLinear
32,302425.2269833888,3399720.86228393,3,Flower_rat,53.33,72.6542965191938,r0p3,0510_single_date,SingleFeatureLinear
33,302425.1079206507,3399730.188865084,4,Flower_rat,96.67,30.03805081277131,r0p3,0510_single_date,SingleFeatureLinear
1,302396.7375411658,3399717.598090765,0,Flower_rat,83.33,67.63483870967742,r0p5,all_features,DummyMean
2,302398.0101895445,3399725.513117012,0,Flower_rat,100.0,67.63483870967742,r0p5,all_features,DummyMean
3,302403.2165384987,3399738.1918875086,2,Flower_rat,100.0,65.76961538461538,r0p5,all_features,DummyMean
4,302409.233175532,3399736.525009175,2,Flower_rat,100.0,65.76961538461538,r0p5,all_features,DummyMean
5,302410.8783579892,3399742.6640162445,2,Flower_rat,100.0,65.76961538461538,r0p5,all_features,DummyMean
6,302411.1087664363,3399745.335431309,2,Flower_rat,53.33,65.76961538461538,r0p5,all_features,DummyMean
7,302411.7040801269,3399746.711267394,2,Flower_rat,36.67,65.76961538461538,r0p5,all_features,DummyMean
8,302412.4978317144,3399749.7275234265,2,Flower_rat,90.0,65.76961538461538,r0p5,all_features,DummyMean
9,302412.9878189794,3399752.9752241927,1,Flower_rat,86.67,72.02913043478262,r0p5,all_features,DummyMean
10,302413.6863203764,3399755.959730162,1,Flower_rat,53.33,72.02913043478262,r0p5,all_features,DummyMean
11,302413.0724858154,3399758.774902459,1,Flower_rat,96.67,72.02913043478262,r0p5,all_features,DummyMean
12,302416.1254308109,3399766.0682448247,1,Flower_rat,100.0,72.02913043478262,r0p5,all_features,DummyMean
13,302424.01796742977,3399763.127395192,1,Flower_rat,76.67,72.02913043478262,r0p5,all_features,DummyMean
14,302424.0391341388,3399759.5925547886,1,Flower_rat,20.0,72.02913043478262,r0p5,all_features,DummyMean
15,302423.5470081547,3399757.362112827,1,Flower_rat,3.33,72.02913043478262,r0p5,all_features,DummyMean
16,302421.8536714346,3399755.245441927,1,Flower_rat,60.0,72.02913043478262,r0p5,all_features,DummyMean
17,302421.033461461,3399750.8464706275,1,Flower_rat,50.0,72.02913043478262,r0p5,all_features,DummyMean
18,302421.11812829704,3399747.417463769,1,Flower_rat,76.67,72.02913043478262,r0p5,all_features,DummyMean
19,302419.234291196,3399744.792791853,2,Flower_rat,90.0,65.76961538461538,r0p5,all_features,DummyMean
20,302419.8314569732,3399740.471784604,4,Flower_rat,76.67,68.39518518518518,r0p5,all_features,DummyMean
21,302417.8999947769,3399738.090529841,4,Flower_rat,100.0,68.39518518518518,r0p5,all_features,DummyMean
22,302418.72020475066,3399735.894483782,4,Flower_rat,3.33,68.39518518518518,r0p5,all_features,DummyMean
23,302416.9739512581,3399733.671979337,4,Flower_rat,86.67,68.39518518518518,r0p5,all_features,DummyMean
24,302415.80338815314,3399727.761175847,4,Flower_rat,70.0,68.39518518518518,r0p5,all_features,DummyMean
25,302415.6419919966,3399721.3690502183,3,Flower_rat,13.33,72.4004,r0p5,all_features,DummyMean
26,302414.9011571816,3399718.3527941857,3,Flower_rat,56.67,72.4004,r0p5,all_features,DummyMean
27,302413.73698818655,3399713.325700798,3,Flower_rat,86.67,72.4004,r0p5,all_features,DummyMean
28,302411.355733424,3399708.4573577275,3,Flower_rat,93.33,72.4004,r0p5,all_features,DummyMean
29,302423.18704180926,3399711.851086738,3,Flower_rat,46.67,72.4004,r0p5,all_features,DummyMean
30,302423.774417984,3399714.9943430247,3,Flower_rat,86.67,72.4004,r0p5,all_features,DummyMean
31,302424.5205444763,3399717.629598296,3,Flower_rat,33.33,72.4004,r0p5,all_features,DummyMean
32,302425.2269833888,3399720.86228393,3,Flower_rat,53.33,72.4004,r0p5,all_features,DummyMean
33,302425.1079206507,3399730.188865084,4,Flower_rat,96.67,68.39518518518518,r0p5,all_features,DummyMean
1,302396.7375411658,3399717.598090765,0,Flower_rat,83.33,77.29361003164085,r0p5,0510_single_date,Ridge
2,302398.0101895445,3399725.513117012,0,Flower_rat,100.0,106.97946976700433,r0p5,0510_single_date,Ridge
3,302403.2165384987,3399738.1918875086,2,Flower_rat,100.0,94.85940641159277,r0p5,0510_single_date,Ridge
4,302409.233175532,3399736.525009175,2,Flower_rat,100.0,94.6954699999356,r0p5,0510_single_date,Ridge
5,302410.8783579892,3399742.6640162445,2,Flower_rat,100.0,75.01665956489234,r0p5,0510_single_date,Ridge
6,302411.1087664363,3399745.335431309,2,Flower_rat,53.33,63.360564285969204,r0p5,0510_single_date,Ridge
7,302411.7040801269,3399746.711267394,2,Flower_rat,36.67,67.64410156497473,r0p5,0510_single_date,Ridge
8,302412.4978317144,3399749.7275234265,2,Flower_rat,90.0,79.65277443376654,r0p5,0510_single_date,Ridge
9,302412.9878189794,3399752.9752241927,1,Flower_rat,86.67,72.13957568589649,r0p5,0510_single_date,Ridge
10,302413.6863203764,3399755.959730162,1,Flower_rat,53.33,69.57444079090416,r0p5,0510_single_date,Ridge
11,302413.0724858154,3399758.774902459,1,Flower_rat,96.67,84.72917410825849,r0p5,0510_single_date,Ridge
12,302416.1254308109,3399766.0682448247,1,Flower_rat,100.0,70.33967571987095,r0p5,0510_single_date,Ridge
13,302424.01796742977,3399763.127395192,1,Flower_rat,76.67,85.37466623567792,r0p5,0510_single_date,Ridge
14,302424.0391341388,3399759.5925547886,1,Flower_rat,20.0,49.05664766098087,r0p5,0510_single_date,Ridge
15,302423.5470081547,3399757.362112827,1,Flower_rat,3.33,44.86287229340977,r0p5,0510_single_date,Ridge
16,302421.8536714346,3399755.245441927,1,Flower_rat,60.0,94.55338333838269,r0p5,0510_single_date,Ridge
17,302421.033461461,3399750.8464706275,1,Flower_rat,50.0,89.81498030807546,r0p5,0510_single_date,Ridge
18,302421.11812829704,3399747.417463769,1,Flower_rat,76.67,43.60254234094743,r0p5,0510_single_date,Ridge
19,302419.234291196,3399744.792791853,2,Flower_rat,90.0,102.16082531320791,r0p5,0510_single_date,Ridge
20,302419.8314569732,3399740.471784604,4,Flower_rat,76.67,47.18203062346438,r0p5,0510_single_date,Ridge
21,302417.8999947769,3399738.090529841,4,Flower_rat,100.0,80.83469657143637,r0p5,0510_single_date,Ridge
22,302418.72020475066,3399735.894483782,4,Flower_rat,3.33,50.917913903003985,r0p5,0510_single_date,Ridge
23,302416.9739512581,3399733.671979337,4,Flower_rat,86.67,73.18009548226811,r0p5,0510_single_date,Ridge
24,302415.80338815314,3399727.761175847,4,Flower_rat,70.0,57.3527640294284,r0p5,0510_single_date,Ridge
25,302415.6419919966,3399721.3690502183,3,Flower_rat,13.33,44.3796994019941,r0p5,0510_single_date,Ridge
26,302414.9011571816,3399718.3527941857,3,Flower_rat,56.67,40.41869597021652,r0p5,0510_single_date,Ridge
27,302413.73698818655,3399713.325700798,3,Flower_rat,86.67,41.10307165493961,r0p5,0510_single_date,Ridge
28,302411.355733424,3399708.4573577275,3,Flower_rat,93.33,65.81143316170446,r0p5,0510_single_date,Ridge
29,302423.18704180926,3399711.851086738,3,Flower_rat,46.67,68.93178789737904,r0p5,0510_single_date,Ridge
30,302423.774417984,3399714.9943430247,3,Flower_rat,86.67,86.97734361695908,r0p5,0510_single_date,Ridge
31,302424.5205444763,3399717.629598296,3,Flower_rat,33.33,100.42081527862969,r0p5,0510_single_date,Ridge
32,302425.2269833888,3399720.86228393,3,Flower_rat,53.33,75.08097871427076,r0p5,0510_single_date,Ridge
33,302425.1079206507,3399730.188865084,4,Flower_rat,96.67,52.00681936265282,r0p5,0510_single_date,Ridge
1,302396.7375411658,3399717.598090765,0,Flower_rat,83.33,69.74297860511767,r0p5,0418_single_date,Ridge
2,302398.0101895445,3399725.513117012,0,Flower_rat,100.0,63.20633100329498,r0p5,0418_single_date,Ridge
3,302403.2165384987,3399738.1918875086,2,Flower_rat,100.0,68.16176566750632,r0p5,0418_single_date,Ridge
4,302409.233175532,3399736.525009175,2,Flower_rat,100.0,103.53759384427192,r0p5,0418_single_date,Ridge
5,302410.8783579892,3399742.6640162445,2,Flower_rat,100.0,68.29123514740196,r0p5,0418_single_date,Ridge
6,302411.1087664363,3399745.335431309,2,Flower_rat,53.33,69.22106819421563,r0p5,0418_single_date,Ridge
7,302411.7040801269,3399746.711267394,2,Flower_rat,36.67,90.21397974566358,r0p5,0418_single_date,Ridge
8,302412.4978317144,3399749.7275234265,2,Flower_rat,90.0,67.43229833013476,r0p5,0418_single_date,Ridge
9,302412.9878189794,3399752.9752241927,1,Flower_rat,86.67,80.23915924485189,r0p5,0418_single_date,Ridge
10,302413.6863203764,3399755.959730162,1,Flower_rat,53.33,94.1463017723751,r0p5,0418_single_date,Ridge
11,302413.0724858154,3399758.774902459,1,Flower_rat,96.67,95.95590590083603,r0p5,0418_single_date,Ridge
12,302416.1254308109,3399766.0682448247,1,Flower_rat,100.0,105.18184888935193,r0p5,0418_single_date,Ridge
13,302424.01796742977,3399763.127395192,1,Flower_rat,76.67,121.05057804710569,r0p5,0418_single_date,Ridge
14,302424.0391341388,3399759.5925547886,1,Flower_rat,20.0,85.04972971309957,r0p5,0418_single_date,Ridge
15,302423.5470081547,3399757.362112827,1,Flower_rat,3.33,86.44300342793596,r0p5,0418_single_date,Ridge
16,302421.8536714346,3399755.245441927,1,Flower_rat,60.0,238.6098739806879,r0p5,0418_single_date,Ridge
17,302421.033461461,3399750.8464706275,1,Flower_rat,50.0,89.88144938564352,r0p5,0418_single_date,Ridge
18,302421.11812829704,3399747.417463769,1,Flower_rat,76.67,69.13665816875003,r0p5,0418_single_date,Ridge
19,302419.234291196,3399744.792791853,2,Flower_rat,90.0,75.97299995962612,r0p5,0418_single_date,Ridge
20,302419.8314569732,3399740.471784604,4,Flower_rat,76.67,57.189194450083924,r0p5,0418_single_date,Ridge
21,302417.8999947769,3399738.090529841,4,Flower_rat,100.0,72.91443254928112,r0p5,0418_single_date,Ridge
22,302418.72020475066,3399735.894483782,4,Flower_rat,3.33,57.403842464711786,r0p5,0418_single_date,Ridge
23,302416.9739512581,3399733.671979337,4,Flower_rat,86.67,51.682357471023394,r0p5,0418_single_date,Ridge
24,302415.80338815314,3399727.761175847,4,Flower_rat,70.0,63.04585595838172,r0p5,0418_single_date,Ridge
25,302415.6419919966,3399721.3690502183,3,Flower_rat,13.33,62.350486935148965,r0p5,0418_single_date,Ridge
26,302414.9011571816,3399718.3527941857,3,Flower_rat,56.67,71.43168837598392,r0p5,0418_single_date,Ridge
27,302413.73698818655,3399713.325700798,3,Flower_rat,86.67,66.57379163799092,r0p5,0418_single_date,Ridge
28,302411.355733424,3399708.4573577275,3,Flower_rat,93.33,84.19407932034063,r0p5,0418_single_date,Ridge
29,302423.18704180926,3399711.851086738,3,Flower_rat,46.67,79.40626585065947,r0p5,0418_single_date,Ridge
30,302423.774417984,3399714.9943430247,3,Flower_rat,86.67,79.71374938125159,r0p5,0418_single_date,Ridge
31,302424.5205444763,3399717.629598296,3,Flower_rat,33.33,85.45105881926372,r0p5,0418_single_date,Ridge
32,302425.2269833888,3399720.86228393,3,Flower_rat,53.33,82.79693202745342,r0p5,0418_single_date,Ridge
33,302425.1079206507,3399730.188865084,4,Flower_rat,96.67,79.41534877597012,r0p5,0418_single_date,Ridge
1,302396.7375411658,3399717.598090765,0,Flower_rat,83.33,84.47317518338976,r0p5,change_only,Ridge
2,302398.0101895445,3399725.513117012,0,Flower_rat,100.0,111.67580619574437,r0p5,change_only,Ridge
3,302403.2165384987,3399738.1918875086,2,Flower_rat,100.0,73.90849730778326,r0p5,change_only,Ridge
4,302409.233175532,3399736.525009175,2,Flower_rat,100.0,87.6877176642889,r0p5,change_only,Ridge
5,302410.8783579892,3399742.6640162445,2,Flower_rat,100.0,73.77255664951365,r0p5,change_only,Ridge
6,302411.1087664363,3399745.335431309,2,Flower_rat,53.33,62.46584419857481,r0p5,change_only,Ridge
7,302411.7040801269,3399746.711267394,2,Flower_rat,36.67,66.40267063347395,r0p5,change_only,Ridge
8,302412.4978317144,3399749.7275234265,2,Flower_rat,90.0,76.6263303606672,r0p5,change_only,Ridge
9,302412.9878189794,3399752.9752241927,1,Flower_rat,86.67,82.12915156020088,r0p5,change_only,Ridge
10,302413.6863203764,3399755.959730162,1,Flower_rat,53.33,75.0055493077888,r0p5,change_only,Ridge
11,302413.0724858154,3399758.774902459,1,Flower_rat,96.67,95.59526814518327,r0p5,change_only,Ridge
12,302416.1254308109,3399766.0682448247,1,Flower_rat,100.0,75.16451029297555,r0p5,change_only,Ridge
13,302424.01796742977,3399763.127395192,1,Flower_rat,76.67,98.48667836327162,r0p5,change_only,Ridge
14,302424.0391341388,3399759.5925547886,1,Flower_rat,20.0,60.49368617471653,r0p5,change_only,Ridge
15,302423.5470081547,3399757.362112827,1,Flower_rat,3.33,62.380933623895615,r0p5,change_only,Ridge
16,302421.8536714346,3399755.245441927,1,Flower_rat,60.0,26.347814120647122,r0p5,change_only,Ridge
17,302421.033461461,3399750.8464706275,1,Flower_rat,50.0,101.9800794442566,r0p5,change_only,Ridge
18,302421.11812829704,3399747.417463769,1,Flower_rat,76.67,61.7887195002709,r0p5,change_only,Ridge
19,302419.234291196,3399744.792791853,2,Flower_rat,90.0,100.7960594936857,r0p5,change_only,Ridge
20,302419.8314569732,3399740.471784604,4,Flower_rat,76.67,50.411420617681195,r0p5,change_only,Ridge
21,302417.8999947769,3399738.090529841,4,Flower_rat,100.0,92.09183892694162,r0p5,change_only,Ridge
22,302418.72020475066,3399735.894483782,4,Flower_rat,3.33,43.555439518906894,r0p5,change_only,Ridge
23,302416.9739512581,3399733.671979337,4,Flower_rat,86.67,77.54150191533391,r0p5,change_only,Ridge
24,302415.80338815314,3399727.761175847,4,Flower_rat,70.0,57.61623851940031,r0p5,change_only,Ridge
25,302415.6419919966,3399721.3690502183,3,Flower_rat,13.33,51.60681532099658,r0p5,change_only,Ridge
26,302414.9011571816,3399718.3527941857,3,Flower_rat,56.67,49.0883892009885,r0p5,change_only,Ridge
27,302413.73698818655,3399713.325700798,3,Flower_rat,86.67,45.60357596912444,r0p5,change_only,Ridge
28,302411.355733424,3399708.4573577275,3,Flower_rat,93.33,68.92410588999694,r0p5,change_only,Ridge
29,302423.18704180926,3399711.851086738,3,Flower_rat,46.67,73.56042827713415,r0p5,change_only,Ridge
30,302423.774417984,3399714.9943430247,3,Flower_rat,86.67,90.59512334589431,r0p5,change_only,Ridge
31,302424.5205444763,3399717.629598296,3,Flower_rat,33.33,100.25840367016988,r0p5,change_only,Ridge
32,302425.2269833888,3399720.86228393,3,Flower_rat,53.33,79.93201549034443,r0p5,change_only,Ridge
33,302425.1079206507,3399730.188865084,4,Flower_rat,96.67,62.2334025038801,r0p5,change_only,Ridge
1,302396.7375411658,3399717.598090765,0,Flower_rat,83.33,79.67181782225451,r0p5,all_features,Ridge
2,302398.0101895445,3399725.513117012,0,Flower_rat,100.0,116.31423928788506,r0p5,all_features,Ridge
3,302403.2165384987,3399738.1918875086,2,Flower_rat,100.0,80.5437460994512,r0p5,all_features,Ridge
4,302409.233175532,3399736.525009175,2,Flower_rat,100.0,94.25075112729505,r0p5,all_features,Ridge
5,302410.8783579892,3399742.6640162445,2,Flower_rat,100.0,75.48907654998496,r0p5,all_features,Ridge
6,302411.1087664363,3399745.335431309,2,Flower_rat,53.33,61.235751651789656,r0p5,all_features,Ridge
7,302411.7040801269,3399746.711267394,2,Flower_rat,36.67,67.25622626595626,r0p5,all_features,Ridge
8,302412.4978317144,3399749.7275234265,2,Flower_rat,90.0,78.52859327745095,r0p5,all_features,Ridge
9,302412.9878189794,3399752.9752241927,1,Flower_rat,86.67,80.4520547831199,r0p5,all_features,Ridge
10,302413.6863203764,3399755.959730162,1,Flower_rat,53.33,74.35698958121509,r0p5,all_features,Ridge
11,302413.0724858154,3399758.774902459,1,Flower_rat,96.67,93.72532458553033,r0p5,all_features,Ridge
12,302416.1254308109,3399766.0682448247,1,Flower_rat,100.0,73.67084314597976,r0p5,all_features,Ridge
13,302424.01796742977,3399763.127395192,1,Flower_rat,76.67,95.91553887945557,r0p5,all_features,Ridge
14,302424.0391341388,3399759.5925547886,1,Flower_rat,20.0,58.10901825065224,r0p5,all_features,Ridge
15,302423.5470081547,3399757.362112827,1,Flower_rat,3.33,58.086004900931016,r0p5,all_features,Ridge
16,302421.8536714346,3399755.245441927,1,Flower_rat,60.0,34.074449716833165,r0p5,all_features,Ridge
17,302421.033461461,3399750.8464706275,1,Flower_rat,50.0,99.78289206322538,r0p5,all_features,Ridge
18,302421.11812829704,3399747.417463769,1,Flower_rat,76.67,57.035988761030865,r0p5,all_features,Ridge
19,302419.234291196,3399744.792791853,2,Flower_rat,90.0,107.12956375780425,r0p5,all_features,Ridge
20,302419.8314569732,3399740.471784604,4,Flower_rat,76.67,50.630577126848365,r0p5,all_features,Ridge
21,302417.8999947769,3399738.090529841,4,Flower_rat,100.0,85.82902945174658,r0p5,all_features,Ridge
22,302418.72020475066,3399735.894483782,4,Flower_rat,3.33,51.29830684361647,r0p5,all_features,Ridge
23,302416.9739512581,3399733.671979337,4,Flower_rat,86.67,76.77501806056264,r0p5,all_features,Ridge
24,302415.80338815314,3399727.761175847,4,Flower_rat,70.0,58.05215853524141,r0p5,all_features,Ridge
25,302415.6419919966,3399721.3690502183,3,Flower_rat,13.33,51.60681532099658,r0p5,all_features,Ridge
26,302414.9011571816,3399718.3527941857,3,Flower_rat,56.67,49.0883892009885,r0p5,all_features,Ridge
27,302413.73698818655,3399713.325700798,3,Flower_rat,86.67,45.60357596912444,r0p5,all_features,Ridge
28,302411.355733424,3399708.4573577275,3,Flower_rat,93.33,68.92410588999694,r0p5,all_features,Ridge
29,302423.18704180926,3399711.851086738,3,Flower_rat,46.67,73.56042827713415,r0p5,all_features,Ridge
30,302423.774417984,3399714.9943430247,3,Flower_rat,86.67,90.59512334589431,r0p5,all_features,Ridge
31,302424.5205444763,3399717.629598296,3,Flower_rat,33.33,100.25840367016988,r0p5,all_features,Ridge
32,302425.2269833888,3399720.86228393,3,Flower_rat,53.33,79.93201549034443,r0p5,all_features,Ridge
33,302425.1079206507,3399730.188865084,4,Flower_rat,96.67,49.8612285153244,r0p5,all_features,Ridge
1,302396.7375411658,3399717.598090765,0,Flower_rat,83.33,77.31337666880934,r0p5,0510_single_date,SingleFeatureLinear
2,302398.0101895445,3399725.513117012,0,Flower_rat,100.0,114.5585860785338,r0p5,0510_single_date,SingleFeatureLinear
3,302403.2165384987,3399738.1918875086,2,Flower_rat,100.0,95.6095925317265,r0p5,0510_single_date,SingleFeatureLinear
4,302409.233175532,3399736.525009175,2,Flower_rat,100.0,106.95339985862108,r0p5,0510_single_date,SingleFeatureLinear
5,302410.8783579892,3399742.6640162445,2,Flower_rat,100.0,78.97628578154327,r0p5,0510_single_date,SingleFeatureLinear
6,302411.1087664363,3399745.335431309,2,Flower_rat,53.33,61.96617799829328,r0p5,0510_single_date,SingleFeatureLinear
7,302411.7040801269,3399746.711267394,2,Flower_rat,36.67,70.43557712707835,r0p5,0510_single_date,SingleFeatureLinear
8,302412.4978317144,3399749.7275234265,2,Flower_rat,90.0,83.53561936515877,r0p5,0510_single_date,SingleFeatureLinear
9,302412.9878189794,3399752.9752241927,1,Flower_rat,86.67,70.89930246419284,r0p5,0510_single_date,SingleFeatureLinear
10,302413.6863203764,3399755.959730162,1,Flower_rat,53.33,70.95623134687496,r0p5,0510_single_date,SingleFeatureLinear
11,302413.0724858154,3399758.774902459,1,Flower_rat,96.67,76.38793512796418,r0p5,0510_single_date,SingleFeatureLinear
12,302416.1254308109,3399766.0682448247,1,Flower_rat,100.0,64.72014229366339,r0p5,0510_single_date,SingleFeatureLinear
13,302424.01796742977,3399763.127395192,1,Flower_rat,76.67,73.65083515715462,r0p5,0510_single_date,SingleFeatureLinear
14,302424.0391341388,3399759.5925547886,1,Flower_rat,20.0,44.80010217626621,r0p5,0510_single_date,SingleFeatureLinear
15,302423.5470081547,3399757.362112827,1,Flower_rat,3.33,36.5262096926607,r0p5,0510_single_date,SingleFeatureLinear
16,302421.8536714346,3399755.245441927,1,Flower_rat,60.0,83.40318483251909,r0p5,0510_single_date,SingleFeatureLinear
17,302421.033461461,3399750.8464706275,1,Flower_rat,50.0,79.65009413305424,r0p5,0510_single_date,SingleFeatureLinear
18,302421.11812829704,3399747.417463769,1,Flower_rat,76.67,35.84017874895609,r0p5,0510_single_date,SingleFeatureLinear
19,302419.234291196,3399744.792791853,2,Flower_rat,90.0,111.40333304201619,r0p5,0510_single_date,SingleFeatureLinear
20,302419.8314569732,3399740.471784604,4,Flower_rat,76.67,63.68950082659828,r0p5,0510_single_date,SingleFeatureLinear
21,302417.8999947769,3399738.090529841,4,Flower_rat,100.0,76.69754653534156,r0p5,0510_single_date,SingleFeatureLinear
22,302418.72020475066,3399735.894483782,4,Flower_rat,3.33,70.28512963666529,r0p5,0510_single_date,SingleFeatureLinear
23,302416.9739512581,3399733.671979337,4,Flower_rat,86.67,77.93223550340966,r0p5,0510_single_date,SingleFeatureLinear
24,302415.80338815314,3399727.761175847,4,Flower_rat,70.0,61.18029421407278,r0p5,0510_single_date,SingleFeatureLinear
25,302415.6419919966,3399721.3690502183,3,Flower_rat,13.33,43.93981465161579,r0p5,0510_single_date,SingleFeatureLinear
26,302414.9011571816,3399718.3527941857,3,Flower_rat,56.67,40.672888838867166,r0p5,0510_single_date,SingleFeatureLinear
27,302413.73698818655,3399713.325700798,3,Flower_rat,86.67,44.137185137411706,r0p5,0510_single_date,SingleFeatureLinear
28,302411.355733424,3399708.4573577275,3,Flower_rat,93.33,67.8792044823676,r0p5,0510_single_date,SingleFeatureLinear
29,302423.18704180926,3399711.851086738,3,Flower_rat,46.67,67.61803263998625,r0p5,0510_single_date,SingleFeatureLinear
30,302423.774417984,3399714.9943430247,3,Flower_rat,86.67,84.7659748359037,r0p5,0510_single_date,SingleFeatureLinear
31,302424.5205444763,3399717.629598296,3,Flower_rat,33.33,98.44889686823869,r0p5,0510_single_date,SingleFeatureLinear
32,302425.2269833888,3399720.86228393,3,Flower_rat,53.33,70.61606859128813,r0p5,0510_single_date,SingleFeatureLinear
33,302425.1079206507,3399730.188865084,4,Flower_rat,96.67,36.757349852157965,r0p5,0510_single_date,SingleFeatureLinear
1,302396.7375411658,3399717.598090765,0,Flower_rat,83.33,67.63483870967742,r1,all_features,DummyMean
2,302398.0101895445,3399725.513117012,0,Flower_rat,100.0,67.63483870967742,r1,all_features,DummyMean
3,302403.2165384987,3399738.1918875086,2,Flower_rat,100.0,65.76961538461538,r1,all_features,DummyMean
4,302409.233175532,3399736.525009175,2,Flower_rat,100.0,65.76961538461538,r1,all_features,DummyMean
5,302410.8783579892,3399742.6640162445,2,Flower_rat,100.0,65.76961538461538,r1,all_features,DummyMean
6,302411.1087664363,3399745.335431309,2,Flower_rat,53.33,65.76961538461538,r1,all_features,DummyMean
7,302411.7040801269,3399746.711267394,2,Flower_rat,36.67,65.76961538461538,r1,all_features,DummyMean
8,302412.4978317144,3399749.7275234265,2,Flower_rat,90.0,65.76961538461538,r1,all_features,DummyMean
9,302412.9878189794,3399752.9752241927,1,Flower_rat,86.67,72.02913043478262,r1,all_features,DummyMean
10,302413.6863203764,3399755.959730162,1,Flower_rat,53.33,72.02913043478262,r1,all_features,DummyMean
11,302413.0724858154,3399758.774902459,1,Flower_rat,96.67,72.02913043478262,r1,all_features,DummyMean
12,302416.1254308109,3399766.0682448247,1,Flower_rat,100.0,72.02913043478262,r1,all_features,DummyMean
13,302424.01796742977,3399763.127395192,1,Flower_rat,76.67,72.02913043478262,r1,all_features,DummyMean
14,302424.0391341388,3399759.5925547886,1,Flower_rat,20.0,72.02913043478262,r1,all_features,DummyMean
15,302423.5470081547,3399757.362112827,1,Flower_rat,3.33,72.02913043478262,r1,all_features,DummyMean
16,302421.8536714346,3399755.245441927,1,Flower_rat,60.0,72.02913043478262,r1,all_features,DummyMean
17,302421.033461461,3399750.8464706275,1,Flower_rat,50.0,72.02913043478262,r1,all_features,DummyMean
18,302421.11812829704,3399747.417463769,1,Flower_rat,76.67,72.02913043478262,r1,all_features,DummyMean
19,302419.234291196,3399744.792791853,2,Flower_rat,90.0,65.76961538461538,r1,all_features,DummyMean
20,302419.8314569732,3399740.471784604,4,Flower_rat,76.67,68.39518518518518,r1,all_features,DummyMean
21,302417.8999947769,3399738.090529841,4,Flower_rat,100.0,68.39518518518518,r1,all_features,DummyMean
22,302418.72020475066,3399735.894483782,4,Flower_rat,3.33,68.39518518518518,r1,all_features,DummyMean
23,302416.9739512581,3399733.671979337,4,Flower_rat,86.67,68.39518518518518,r1,all_features,DummyMean
24,302415.80338815314,3399727.761175847,4,Flower_rat,70.0,68.39518518518518,r1,all_features,DummyMean
25,302415.6419919966,3399721.3690502183,3,Flower_rat,13.33,72.4004,r1,all_features,DummyMean
26,302414.9011571816,3399718.3527941857,3,Flower_rat,56.67,72.4004,r1,all_features,DummyMean
27,302413.73698818655,3399713.325700798,3,Flower_rat,86.67,72.4004,r1,all_features,DummyMean
28,302411.355733424,3399708.4573577275,3,Flower_rat,93.33,72.4004,r1,all_features,DummyMean
29,302423.18704180926,3399711.851086738,3,Flower_rat,46.67,72.4004,r1,all_features,DummyMean
30,302423.774417984,3399714.9943430247,3,Flower_rat,86.67,72.4004,r1,all_features,DummyMean
31,302424.5205444763,3399717.629598296,3,Flower_rat,33.33,72.4004,r1,all_features,DummyMean
32,302425.2269833888,3399720.86228393,3,Flower_rat,53.33,72.4004,r1,all_features,DummyMean
33,302425.1079206507,3399730.188865084,4,Flower_rat,96.67,68.39518518518518,r1,all_features,DummyMean
1,302396.7375411658,3399717.598090765,0,Flower_rat,83.33,93.40160704133847,r1,0510_single_date,Ridge
2,302398.0101895445,3399725.513117012,0,Flower_rat,100.0,99.96278265894694,r1,0510_single_date,Ridge
3,302403.2165384987,3399738.1918875086,2,Flower_rat,100.0,95.89376664543839,r1,0510_single_date,Ridge
4,302409.233175532,3399736.525009175,2,Flower_rat,100.0,95.91465440502334,r1,0510_single_date,Ridge
5,302410.8783579892,3399742.6640162445,2,Flower_rat,100.0,70.17202868596267,r1,0510_single_date,Ridge
6,302411.1087664363,3399745.335431309,2,Flower_rat,53.33,54.98653618159858,r1,0510_single_date,Ridge
7,302411.7040801269,3399746.711267394,2,Flower_rat,36.67,66.10937606223965,r1,0510_single_date,Ridge
8,302412.4978317144,3399749.7275234265,2,Flower_rat,90.0,71.16452478203506,r1,0510_single_date,Ridge
9,302412.9878189794,3399752.9752241927,1,Flower_rat,86.67,74.65208319717041,r1,0510_single_date,Ridge
10,302413.6863203764,3399755.959730162,1,Flower_rat,53.33,74.96596188700009,r1,0510_single_date,Ridge
11,302413.0724858154,3399758.774902459,1,Flower_rat,96.67,86.67867857706291,r1,0510_single_date,Ridge
12,302416.1254308109,3399766.0682448247,1,Flower_rat,100.0,86.58139736204868,r1,0510_single_date,Ridge
13,302424.01796742977,3399763.127395192,1,Flower_rat,76.67,80.03297206130343,r1,0510_single_date,Ridge
14,302424.0391341388,3399759.5925547886,1,Flower_rat,20.0,53.58717989317677,r1,0510_single_date,Ridge
15,302423.5470081547,3399757.362112827,1,Flower_rat,3.33,46.74694301544369,r1,0510_single_date,Ridge
16,302421.8536714346,3399755.245441927,1,Flower_rat,60.0,83.60442188175693,r1,0510_single_date,Ridge
17,302421.033461461,3399750.8464706275,1,Flower_rat,50.0,77.89218426091446,r1,0510_single_date,Ridge
18,302421.11812829704,3399747.417463769,1,Flower_rat,76.67,44.06490604955603,r1,0510_single_date,Ridge
19,302419.234291196,3399744.792791853,2,Flower_rat,90.0,90.51378217701178,r1,0510_single_date,Ridge
20,302419.8314569732,3399740.471784604,4,Flower_rat,76.67,37.543382878657184,r1,0510_single_date,Ridge
21,302417.8999947769,3399738.090529841,4,Flower_rat,100.0,86.21910951370114,r1,0510_single_date,Ridge
22,302418.72020475066,3399735.894483782,4,Flower_rat,3.33,40.67867806798349,r1,0510_single_date,Ridge
23,302416.9739512581,3399733.671979337,4,Flower_rat,86.67,78.34927659538184,r1,0510_single_date,Ridge
24,302415.80338815314,3399727.761175847,4,Flower_rat,70.0,62.57664841222376,r1,0510_single_date,Ridge
25,302415.6419919966,3399721.3690502183,3,Flower_rat,13.33,42.249181737231986,r1,0510_single_date,Ridge
26,302414.9011571816,3399718.3527941857,3,Flower_rat,56.67,37.233834017088604,r1,0510_single_date,Ridge
27,302413.73698818655,3399713.325700798,3,Flower_rat,86.67,50.331790156505036,r1,0510_single_date,Ridge
28,302411.355733424,3399708.4573577275,3,Flower_rat,93.33,67.00020578264909,r1,0510_single_date,Ridge
29,302423.18704180926,3399711.851086738,3,Flower_rat,46.67,53.69566258122,r1,0510_single_date,Ridge
30,302423.774417984,3399714.9943430247,3,Flower_rat,86.67,76.48839012281205,r1,0510_single_date,Ridge
31,302424.5205444763,3399717.629598296,3,Flower_rat,33.33,99.8887271377878,r1,0510_single_date,Ridge
32,302425.2269833888,3399720.86228393,3,Flower_rat,53.33,68.13154938121949,r1,0510_single_date,Ridge
33,302425.1079206507,3399730.188865084,4,Flower_rat,96.67,74.17643022874667,r1,0510_single_date,Ridge
1,302396.7375411658,3399717.598090765,0,Flower_rat,83.33,74.48976607460926,r1,0418_single_date,Ridge
2,302398.0101895445,3399725.513117012,0,Flower_rat,100.0,70.90981041517871,r1,0418_single_date,Ridge
3,302403.2165384987,3399738.1918875086,2,Flower_rat,100.0,77.01022793335687,r1,0418_single_date,Ridge
4,302409.233175532,3399736.525009175,2,Flower_rat,100.0,79.61732738386934,r1,0418_single_date,Ridge
5,302410.8783579892,3399742.6640162445,2,Flower_rat,100.0,70.69736073006152,r1,0418_single_date,Ridge
6,302411.1087664363,3399745.335431309,2,Flower_rat,53.33,87.05449159710845,r1,0418_single_date,Ridge
7,302411.7040801269,3399746.711267394,2,Flower_rat,36.67,90.67411425261093,r1,0418_single_date,Ridge
8,302412.4978317144,3399749.7275234265,2,Flower_rat,90.0,80.22077144548217,r1,0418_single_date,Ridge
9,302412.9878189794,3399752.9752241927,1,Flower_rat,86.67,93.4466813463867,r1,0418_single_date,Ridge
10,302413.6863203764,3399755.959730162,1,Flower_rat,53.33,94.01224390960944,r1,0418_single_date,Ridge
11,302413.0724858154,3399758.774902459,1,Flower_rat,96.67,101.97373058550316,r1,0418_single_date,Ridge
12,302416.1254308109,3399766.0682448247,1,Flower_rat,100.0,124.27887283817441,r1,0418_single_date,Ridge
13,302424.01796742977,3399763.127395192,1,Flower_rat,76.67,138.99223934999287,r1,0418_single_date,Ridge
14,302424.0391341388,3399759.5925547886,1,Flower_rat,20.0,97.67598886200128,r1,0418_single_date,Ridge
15,302423.5470081547,3399757.362112827,1,Flower_rat,3.33,99.3962003434447,r1,0418_single_date,Ridge
16,302421.8536714346,3399755.245441927,1,Flower_rat,60.0,173.44712699843143,r1,0418_single_date,Ridge
17,302421.033461461,3399750.8464706275,1,Flower_rat,50.0,96.6890550860503,r1,0418_single_date,Ridge
18,302421.11812829704,3399747.417463769,1,Flower_rat,76.67,75.90367786795198,r1,0418_single_date,Ridge
19,302419.234291196,3399744.792791853,2,Flower_rat,90.0,76.9645199816111,r1,0418_single_date,Ridge
20,302419.8314569732,3399740.471784604,4,Flower_rat,76.67,57.775108314140944,r1,0418_single_date,Ridge
21,302417.8999947769,3399738.090529841,4,Flower_rat,100.0,74.21073292378028,r1,0418_single_date,Ridge
22,302418.72020475066,3399735.894483782,4,Flower_rat,3.33,67.7285933685976,r1,0418_single_date,Ridge
23,302416.9739512581,3399733.671979337,4,Flower_rat,86.67,53.66876650659389,r1,0418_single_date,Ridge
24,302415.80338815314,3399727.761175847,4,Flower_rat,70.0,58.26693342539726,r1,0418_single_date,Ridge
25,302415.6419919966,3399721.3690502183,3,Flower_rat,13.33,64.28242422179699,r1,0418_single_date,Ridge
26,302414.9011571816,3399718.3527941857,3,Flower_rat,56.67,71.1185038253987,r1,0418_single_date,Ridge
27,302413.73698818655,3399713.325700798,3,Flower_rat,86.67,68.0146490344252,r1,0418_single_date,Ridge
28,302411.355733424,3399708.4573577275,3,Flower_rat,93.33,73.11522152419748,r1,0418_single_date,Ridge
29,302423.18704180926,3399711.851086738,3,Flower_rat,46.67,78.25981199889763,r1,0418_single_date,Ridge
30,302423.774417984,3399714.9943430247,3,Flower_rat,86.67,82.34663620046395,r1,0418_single_date,Ridge
31,302424.5205444763,3399717.629598296,3,Flower_rat,33.33,81.0737713265336,r1,0418_single_date,Ridge
32,302425.2269833888,3399720.86228393,3,Flower_rat,53.33,77.00958657133059,r1,0418_single_date,Ridge
33,302425.1079206507,3399730.188865084,4,Flower_rat,96.67,75.03913034685229,r1,0418_single_date,Ridge
1,302396.7375411658,3399717.598090765,0,Flower_rat,83.33,101.63683512216828,r1,change_only,Ridge
2,302398.0101895445,3399725.513117012,0,Flower_rat,100.0,108.00202217884411,r1,change_only,Ridge
3,302403.2165384987,3399738.1918875086,2,Flower_rat,100.0,84.5961210169123,r1,change_only,Ridge
4,302409.233175532,3399736.525009175,2,Flower_rat,100.0,98.63016557514491,r1,change_only,Ridge
5,302410.8783579892,3399742.6640162445,2,Flower_rat,100.0,70.83666163163086,r1,change_only,Ridge
6,302411.1087664363,3399745.335431309,2,Flower_rat,53.33,61.67864013069813,r1,change_only,Ridge
7,302411.7040801269,3399746.711267394,2,Flower_rat,36.67,66.27138359736308,r1,change_only,Ridge
8,302412.4978317144,3399749.7275234265,2,Flower_rat,90.0,76.57445610169316,r1,change_only,Ridge
9,302412.9878189794,3399752.9752241927,1,Flower_rat,86.67,78.97938595440863,r1,change_only,Ridge
10,302413.6863203764,3399755.959730162,1,Flower_rat,53.33,75.9616452482436,r1,change_only,Ridge
11,302413.0724858154,3399758.774902459,1,Flower_rat,96.67,77.20331680618372,r1,change_only,Ridge
12,302416.1254308109,3399766.0682448247,1,Flower_rat,100.0,78.62622019468151,r1,change_only,Ridge
13,302424.01796742977,3399763.127395192,1,Flower_rat,76.67,67.68341297241467,r1,change_only,Ridge
14,302424.0391341388,3399759.5925547886,1,Flower_rat,20.0,50.71256544366221,r1,change_only,Ridge
15,302423.5470081547,3399757.362112827,1,Flower_rat,3.33,45.05508527262478,r1,change_only,Ridge
16,302421.8536714346,3399755.245441927,1,Flower_rat,60.0,59.08899676651081,r1,change_only,Ridge
17,302421.033461461,3399750.8464706275,1,Flower_rat,50.0,73.99052637565008,r1,change_only,Ridge
18,302421.11812829704,3399747.417463769,1,Flower_rat,76.67,49.41177804161595,r1,change_only,Ridge
19,302419.234291196,3399744.792791853,2,Flower_rat,90.0,95.31710690812005,r1,change_only,Ridge
20,302419.8314569732,3399740.471784604,4,Flower_rat,76.67,46.24245070820924,r1,change_only,Ridge
21,302417.8999947769,3399738.090529841,4,Flower_rat,100.0,83.97944857315059,r1,change_only,Ridge
22,302418.72020475066,3399735.894483782,4,Flower_rat,3.33,43.60706190863527,r1,change_only,Ridge
23,302416.9739512581,3399733.671979337,4,Flower_rat,86.67,74.67693076495674,r1,change_only,Ridge
24,302415.80338815314,3399727.761175847,4,Flower_rat,70.0,59.30949141489009,r1,change_only,Ridge
25,302415.6419919966,3399721.3690502183,3,Flower_rat,13.33,51.63187948130695,r1,change_only,Ridge
26,302414.9011571816,3399718.3527941857,3,Flower_rat,56.67,49.64975708626419,r1,change_only,Ridge
27,302413.73698818655,3399713.325700798,3,Flower_rat,86.67,54.1777177655336,r1,change_only,Ridge
28,302411.355733424,3399708.4573577275,3,Flower_rat,93.33,71.50988370869037,r1,change_only,Ridge
29,302423.18704180926,3399711.851086738,3,Flower_rat,46.67,65.74718914170705,r1,change_only,Ridge
30,302423.774417984,3399714.9943430247,3,Flower_rat,86.67,86.35299898461591,r1,change_only,Ridge
31,302424.5205444763,3399717.629598296,3,Flower_rat,33.33,105.73687200907135,r1,change_only,Ridge
32,302425.2269833888,3399720.86228393,3,Flower_rat,53.33,77.32297533255516,r1,change_only,Ridge
33,302425.1079206507,3399730.188865084,4,Flower_rat,96.67,72.80096366043331,r1,change_only,Ridge
1,302396.7375411658,3399717.598090765,0,Flower_rat,83.33,98.01802327411968,r1,all_features,Ridge
2,302398.0101895445,3399725.513117012,0,Flower_rat,100.0,105.1697936375025,r1,all_features,Ridge
3,302403.2165384987,3399738.1918875086,2,Flower_rat,100.0,89.53263557779111,r1,all_features,Ridge
4,302409.233175532,3399736.525009175,2,Flower_rat,100.0,100.77476624644977,r1,all_features,Ridge
5,302410.8783579892,3399742.6640162445,2,Flower_rat,100.0,72.74590294654745,r1,all_features,Ridge
6,302411.1087664363,3399745.335431309,2,Flower_rat,53.33,58.90257422285114,r1,all_features,Ridge
7,302411.7040801269,3399746.711267394,2,Flower_rat,36.67,65.90987964468022,r1,all_features,Ridge
8,302412.4978317144,3399749.7275234265,2,Flower_rat,90.0,75.48985994484215,r1,all_features,Ridge
9,302412.9878189794,3399752.9752241927,1,Flower_rat,86.67,92.29563352007304,r1,all_features,Ridge
10,302413.6863203764,3399755.959730162,1,Flower_rat,53.33,92.30319969330112,r1,all_features,Ridge
11,302413.0724858154,3399758.774902459,1,Flower_rat,96.67,104.37135071906046,r1,all_features,Ridge
12,302416.1254308109,3399766.0682448247,1,Flower_rat,100.0,115.90511489261445,r1,all_features,Ridge
13,302424.01796742977,3399763.127395192,1,Flower_rat,76.67,120.77788327605356,r1,all_features,Ridge
14,302424.0391341388,3399759.5925547886,1,Flower_rat,20.0,76.74352480074485,r1,all_features,Ridge
15,302423.5470081547,3399757.362112827,1,Flower_rat,3.33,70.09981858394309,r1,all_features,Ridge
16,302421.8536714346,3399755.245441927,1,Flower_rat,60.0,133.96815334993528,r1,all_features,Ridge
17,302421.033461461,3399750.8464706275,1,Flower_rat,50.0,92.260777737709,r1,all_features,Ridge
18,302421.11812829704,3399747.417463769,1,Flower_rat,76.67,58.3933485644224,r1,all_features,Ridge
19,302419.234291196,3399744.792791853,2,Flower_rat,90.0,97.16484870601334,r1,all_features,Ridge
20,302419.8314569732,3399740.471784604,4,Flower_rat,76.67,40.811786258792715,r1,all_features,Ridge
21,302417.8999947769,3399738.090529841,4,Flower_rat,100.0,85.41401097730039,r1,all_features,Ridge
22,302418.72020475066,3399735.894483782,4,Flower_rat,3.33,42.339293177501986,r1,all_features,Ridge
23,302416.9739512581,3399733.671979337,4,Flower_rat,86.67,76.59810166202818,r1,all_features,Ridge
24,302415.80338815314,3399727.761175847,4,Flower_rat,70.0,59.1184950575751,r1,all_features,Ridge
25,302415.6419919966,3399721.3690502183,3,Flower_rat,13.33,50.397855282636655,r1,all_features,Ridge
26,302414.9011571816,3399718.3527941857,3,Flower_rat,56.67,48.055478384799706,r1,all_features,Ridge
27,302413.73698818655,3399713.325700798,3,Flower_rat,86.67,53.419634692458246,r1,all_features,Ridge
28,302411.355733424,3399708.4573577275,3,Flower_rat,93.33,71.69235054502072,r1,all_features,Ridge
29,302423.18704180926,3399711.851086738,3,Flower_rat,46.67,65.3522884980338,r1,all_features,Ridge
30,302423.774417984,3399714.9943430247,3,Flower_rat,86.67,85.5798030536597,r1,all_features,Ridge
31,302424.5205444763,3399717.629598296,3,Flower_rat,33.33,104.73104109316301,r1,all_features,Ridge
32,302425.2269833888,3399720.86228393,3,Flower_rat,53.33,76.66234499705749,r1,all_features,Ridge
33,302425.1079206507,3399730.188865084,4,Flower_rat,96.67,74.168712078303,r1,all_features,Ridge
1,302396.7375411658,3399717.598090765,0,Flower_rat,83.33,96.52222945371886,r1,0510_single_date,SingleFeatureLinear
2,302398.0101895445,3399725.513117012,0,Flower_rat,100.0,104.80136271551811,r1,0510_single_date,SingleFeatureLinear
3,302403.2165384987,3399738.1918875086,2,Flower_rat,100.0,88.23254046314041,r1,0510_single_date,SingleFeatureLinear
4,302409.233175532,3399736.525009175,2,Flower_rat,100.0,111.94802666992109,r1,0510_single_date,SingleFeatureLinear
5,302410.8783579892,3399742.6640162445,2,Flower_rat,100.0,75.90157565556979,r1,0510_single_date,SingleFeatureLinear
6,302411.1087664363,3399745.335431309,2,Flower_rat,53.33,62.778506602927074,r1,0510_single_date,SingleFeatureLinear
7,302411.7040801269,3399746.711267394,2,Flower_rat,36.67,71.89674739122718,r1,0510_single_date,SingleFeatureLinear
8,302412.4978317144,3399749.7275234265,2,Flower_rat,90.0,80.8587805394186,r1,0510_single_date,SingleFeatureLinear
9,302412.9878189794,3399752.9752241927,1,Flower_rat,86.67,73.26541911728796,r1,0510_single_date,SingleFeatureLinear
10,302413.6863203764,3399755.959730162,1,Flower_rat,53.33,74.48033942516481,r1,0510_single_date,SingleFeatureLinear
11,302413.0724858154,3399758.774902459,1,Flower_rat,96.67,94.74473834683904,r1,0510_single_date,SingleFeatureLinear
12,302416.1254308109,3399766.0682448247,1,Flower_rat,100.0,91.47742839264593,r1,0510_single_date,SingleFeatureLinear
13,302424.01796742977,3399763.127395192,1,Flower_rat,76.67,85.12367040711517,r1,0510_single_date,SingleFeatureLinear
14,302424.0391341388,3399759.5925547886,1,Flower_rat,20.0,56.759802766261885,r1,0510_single_date,SingleFeatureLinear
15,302423.5470081547,3399757.362112827,1,Flower_rat,3.33,55.92626520875413,r1,0510_single_date,SingleFeatureLinear
16,302421.8536714346,3399755.245441927,1,Flower_rat,60.0,97.784005006997,r1,0510_single_date,SingleFeatureLinear
17,302421.033461461,3399750.8464706275,1,Flower_rat,50.0,89.20879079508947,r1,0510_single_date,SingleFeatureLinear
18,302421.11812829704,3399747.417463769,1,Flower_rat,76.67,50.93290342557093,r1,0510_single_date,SingleFeatureLinear
19,302419.234291196,3399744.792791853,2,Flower_rat,90.0,101.46566065820181,r1,0510_single_date,SingleFeatureLinear
20,302419.8314569732,3399740.471784604,4,Flower_rat,76.67,41.97691297354592,r1,0510_single_date,SingleFeatureLinear
21,302417.8999947769,3399738.090529841,4,Flower_rat,100.0,86.40537928840283,r1,0510_single_date,SingleFeatureLinear
22,302418.72020475066,3399735.894483782,4,Flower_rat,3.33,46.25558029868529,r1,0510_single_date,SingleFeatureLinear
23,302416.9739512581,3399733.671979337,4,Flower_rat,86.67,80.37297156415778,r1,0510_single_date,SingleFeatureLinear
24,302415.80338815314,3399727.761175847,4,Flower_rat,70.0,60.55238196992559,r1,0510_single_date,SingleFeatureLinear
25,302415.6419919966,3399721.3690502183,3,Flower_rat,13.33,44.82898527181988,r1,0510_single_date,SingleFeatureLinear
26,302414.9011571816,3399718.3527941857,3,Flower_rat,56.67,40.04372611739838,r1,0510_single_date,SingleFeatureLinear
27,302413.73698818655,3399713.325700798,3,Flower_rat,86.67,48.7911372953273,r1,0510_single_date,SingleFeatureLinear
28,302411.355733424,3399708.4573577275,3,Flower_rat,93.33,72.15073411036548,r1,0510_single_date,SingleFeatureLinear
29,302423.18704180926,3399711.851086738,3,Flower_rat,46.67,64.94475750850131,r1,0510_single_date,SingleFeatureLinear
30,302423.774417984,3399714.9943430247,3,Flower_rat,86.67,83.37865924342245,r1,0510_single_date,SingleFeatureLinear
31,302424.5205444763,3399717.629598296,3,Flower_rat,33.33,100.00361390676998,r1,0510_single_date,SingleFeatureLinear
32,302425.2269833888,3399720.86228393,3,Flower_rat,53.33,74.66322990282703,r1,0510_single_date,SingleFeatureLinear
33,302425.1079206507,3399730.188865084,4,Flower_rat,96.67,70.34196647150779,r1,0510_single_date,SingleFeatureLinear
