target,scale,scale_label,feature,feature_type,date_type,statistic,feature_core,n,pearson_r,pearson_p,spearman_r,spearman_p,abs_spearman_r,fdr_q_within_scale,max_stat_permutation_p,bootstrap_ci_lower,bootstrap_ci_upper,bootstrap_top1_frequency,bootstrap_top5_frequency,bootstrap_top10_frequency,fdr_q_global
Flower_rat,point,点采样,0418_rpt_B1_mean,raw_band,0418,mean,B1,33,0.03987167725462161,0.8256366203162654,0.020656850801807413,0.9091576869185461,0.020656850801807413,0.9651811872704958,0.014985014985014986,,,,,,0.9424709349439775
Flower_rat,point,点采样,0418_rpt_B1_median,raw_band,0418,median,B1,33,0.03987167725462161,0.8256366203162654,0.020656850801807413,0.9091576869185461,0.020656850801807413,0.9651811872704958,0.014985014985014986,,,,,,0.9424709349439775
Flower_rat,point,点采样,0418_rpt_B1_std,raw_band,0418,std,B1,33,,,,,,,0.014985014985014986,,,,,,
Flower_rat,point,点采样,0418_rpt_B1_min,raw_band,0418,min,B1,33,0.03987167725462161,0.8256366203162654,0.020656850801807413,0.9091576869185461,0.020656850801807413,0.9651811872704958,0.014985014985014986,,,,,,0.9424709349439775
Flower_rat,point,点采样,0418_rpt_B1_max,raw_band,0418,max,B1,33,0.03987167725462161,0.8256366203162654,0.020656850801807413,0.9091576869185461,0.020656850801807413,0.9651811872704958,0.014985014985014986,,,,,,0.9424709349439775
Flower_rat,point,点采样,0418_rpt_B1_p25,raw_band,0418,p25,B1,33,0.03987167725462161,0.8256366203162654,0.020656850801807413,0.9091576869185461,0.020656850801807413,0.9651811872704958,0.014985014985014986,,,,,,0.9424709349439775
Flower_rat,point,点采样,0418_rpt_B1_p75,raw_band,0418,p75,B1,33,0.03987167725462161,0.8256366203162654,0.020656850801807413,0.9091576869185461,0.020656850801807413,0.9651811872704958,0.014985014985014986,,,,,,0.9424709349439775
Flower_rat,point,点采样,0418_rpt_B1_valid_count,other,0418,unknown,0418_rpt_B1_valid_count,33,,,,,,,0.014985014985014986,,,,,,
Flower_rat,point,点采样,0418_rpt_B2_mean,raw_band,0418,mean,B2,33,0.014819128660348695,0.9347649499079453,-0.02031587258504541,0.9106511766902419,0.02031587258504541,0.9651811872704958,0.014985014985014986,,,,,,0.9424709349439775
Flower_rat,point,点采样,0418_rpt_B2_median,raw_band,0418,median,B2,33,0.014819128660348695,0.9347649499079453,-0.02031587258504541,0.9106511766902419,0.02031587258504541,0.9651811872704958,0.014985014985014986,,,,,,0.9424709349439775
Flower_rat,point,点采样,0418_rpt_B2_std,raw_band,0418,std,B2,33,,,,,,,0.014985014985014986,,,,,,
Flower_rat,point,点采样,0418_rpt_B2_min,raw_band,0418,min,B2,33,0.014819128660348695,0.9347649499079453,-0.02031587258504541,0.9106511766902419,0.02031587258504541,0.9651811872704958,0.014985014985014986,,,,,,0.9424709349439775
Flower_rat,point,点采样,0418_rpt_B2_max,raw_band,0418,max,B2,33,0.014819128660348695,0.9347649499079453,-0.02031587258504541,0.9106511766902419,0.02031587258504541,0.9651811872704958,0.014985014985014986,,,,,,0.9424709349439775
Flower_rat,point,点采样,0418_rpt_B2_p25,raw_band,0418,p25,B2,33,0.014819128660348695,0.9347649499079453,-0.02031587258504541,0.9106511766902419,0.02031587258504541,0.9651811872704958,0.014985014985014986,,,,,,0.9424709349439775
Flower_rat,point,点采样,0418_rpt_B2_p75,raw_band,0418,p75,B2,33,0.014819128660348695,0.9347649499079453,-0.02031587258504541,0.9106511766902419,0.02031587258504541,0.9651811872704958,0.014985014985014986,,,,,,0.9424709349439775
Flower_rat,point,点采样,0418_rpt_B2_valid_count,other,0418,unknown,0418_rpt_B2_valid_count,33,,,,,,,0.014985014985014986,,,,,,
Flower_rat,point,点采样,0418_rpt_B3_mean,raw_band,0418,mean,B3,33,0.22224143114427025,0.2138421785618456,0.18530836987588717,0.3018633120806017,0.18530836987588717,0.4017278664531316,0.014985014985014986,,,,,,0.386600508127936
Flower_rat,point,点采样,0418_rpt_B3_median,raw_band,0418,median,B3,33,0.22224143114427025,0.2138421785618456,0.18530836987588717,0.3018633120806017,0.18530836987588717,0.4017278664531316,0.014985014985014986,,,,,,0.386600508127936
Flower_rat,point,点采样,0418_rpt_B3_std,raw_band,0418,std,B3,33,,,,,,,0.014985014985014986,,,,,,
Flower_rat,point,点采样,0418_rpt_B3_min,raw_band,0418,min,B3,33,0.22224143114427025,0.2138421785618456,0.18530836987588717,0.3018633120806017,0.18530836987588717,0.4017278664531316,0.014985014985014986,,,,,,0.386600508127936
Flower_rat,point,点采样,0418_rpt_B3_max,raw_band,0418,max,B3,33,0.22224143114427025,0.2138421785618456,0.18530836987588717,0.3018633120806017,0.18530836987588717,0.4017278664531316,0.014985014985014986,,,,,,0.386600508127936
Flower_rat,point,点采样,0418_rpt_B3_p25,raw_band,0418,p25,B3,33,0.22224143114427025,0.2138421785618456,0.18530836987588717,0.3018633120806017,0.18530836987588717,0.4017278664531316,0.014985014985014986,,,,,,0.386600508127936
Flower_rat,point,点采样,0418_rpt_B3_p75,raw_band,0418,p75,B3,33,0.22224143114427025,0.2138421785618456,0.18530836987588717,0.3018633120806017,0.18530836987588717,0.4017278664531316,0.014985014985014986,,,,,,0.386600508127936
Flower_rat,point,点采样,0418_rpt_B3_valid_count,other,0418,unknown,0418_rpt_B3_valid_count,33,,,,,,,0.014985014985014986,,,,,,
Flower_rat,point,点采样,0418_rpt_B4_mean,raw_band,0418,mean,B4,33,0.03159606062447536,0.861432956673981,-0.09452757244116171,0.6007962713735959,0.09452757244116171,0.738478750230045,0.014985014985014986,,,,,,0.6911749953040259
Flower_rat,point,点采样,0418_rpt_B4_median,raw_band,0418,median,B4,33,0.03159606062447536,0.861432956673981,-0.09452757244116171,0.6007962713735959,0.09452757244116171,0.738478750230045,0.014985014985014986,,,,,,0.6911749953040259
Flower_rat,point,点采样,0418_rpt_B4_std,raw_band,0418,std,B4,33,,,,,,,0.014985014985014986,,,,,,
Flower_rat,point,点采样,0418_rpt_B4_min,raw_band,0418,min,B4,33,0.03159606062447536,0.861432956673981,-0.09452757244116171,0.6007962713735959,0.09452757244116171,0.738478750230045,0.014985014985014986,,,,,,0.6911749953040259
Flower_rat,point,点采样,0418_rpt_B4_max,raw_band,0418,max,B4,33,0.03159606062447536,0.861432956673981,-0.09452757244116171,0.6007962713735959,0.09452757244116171,0.738478750230045,0.014985014985014986,,,,,,0.6911749953040259
Flower_rat,point,点采样,0418_rpt_B4_p25,raw_band,0418,p25,B4,33,0.03159606062447536,0.861432956673981,-0.09452757244116171,0.6007962713735959,0.09452757244116171,0.738478750230045,0.014985014985014986,,,,,,0.6911749953040259
Flower_rat,point,点采样,0418_rpt_B4_p75,raw_band,0418,p75,B4,33,0.03159606062447536,0.861432956673981,-0.09452757244116171,0.6007962713735959,0.09452757244116171,0.738478750230045,0.014985014985014986,,,,,,0.6911749953040259
Flower_rat,point,点采样,0418_rpt_B4_valid_count,other,0418,unknown,0418_rpt_B4_valid_count,33,,,,,,,0.014985014985014986,,,,,,
Flower_rat,point,点采样,0418_rpt_B5_mean,raw_band,0418,mean,B5,33,-0.01664254940793925,0.9267583931281355,-8.395690212365112e-05,0.9996300223148135,8.395690212365112e-05,0.9996300223148135,0.014985014985014986,,,,,,0.9996300223148135
Flower_rat,point,点采样,0418_rpt_B5_median,raw_band,0418,median,B5,33,-0.01664254940793925,0.9267583931281355,-8.395690212365112e-05,0.9996300223148135,8.395690212365112e-05,0.9996300223148135,0.014985014985014986,,,,,,0.9996300223148135
Flower_rat,point,点采样,0418_rpt_B5_std,raw_band,0418,std,B5,33,,,,,,,0.014985014985014986,,,,,,
Flower_rat,point,点采样,0418_rpt_B5_min,raw_band,0418,min,B5,33,-0.01664254940793925,0.9267583931281355,-8.395690212365112e-05,0.9996300223148135,8.395690212365112e-05,0.9996300223148135,0.014985014985014986,,,,,,0.9996300223148135
Flower_rat,point,点采样,0418_rpt_B5_max,raw_band,0418,max,B5,33,-0.01664254940793925,0.9267583931281355,-8.395690212365112e-05,0.9996300223148135,8.395690212365112e-05,0.9996300223148135,0.014985014985014986,,,,,,0.9996300223148135
Flower_rat,point,点采样,0418_rpt_B5_p25,raw_band,0418,p25,B5,33,-0.01664254940793925,0.9267583931281355,-8.395690212365112e-05,0.9996300223148135,8.395690212365112e-05,0.9996300223148135,0.014985014985014986,,,,,,0.9996300223148135
Flower_rat,point,点采样,0418_rpt_B5_p75,raw_band,0418,p75,B5,33,-0.01664254940793925,0.9267583931281355,-8.395690212365112e-05,0.9996300223148135,8.395690212365112e-05,0.9996300223148135,0.014985014985014986,,,,,,0.9996300223148135
Flower_rat,point,点采样,0418_rpt_B5_valid_count,other,0418,unknown,0418_rpt_B5_valid_count,33,,,,,,,0.014985014985014986,,,,,,
Flower_rat,point,点采样,0418_rpt_B6_mean,raw_band,0418,mean,B6,33,0.02960115784959897,0.8701053726253392,0.037441649474918404,0.8361153856597026,0.037441649474918404,0.9366609067200465,0.014985014985014986,,,,,,0.8930688664230136
Flower_rat,point,点采样,0418_rpt_B6_median,raw_band,0418,median,B6,33,0.02960115784959897,0.8701053726253392,0.037441649474918404,0.8361153856597026,0.037441649474918404,0.9366609067200465,0.014985014985014986,,,,,,0.8930688664230136
Flower_rat,point,点采样,0418_rpt_B6_std,raw_band,0418,std,B6,33,,,,,,,0.014985014985014986,,,,,,
Flower_rat,point,点采样,0418_rpt_B6_min,raw_band,0418,min,B6,33,0.02960115784959897,0.8701053726253392,0.037441649474918404,0.8361153856597026,0.037441649474918404,0.9366609067200465,0.014985014985014986,,,,,,0.8930688664230136
Flower_rat,point,点采样,0418_rpt_B6_max,raw_band,0418,max,B6,33,0.02960115784959897,0.8701053726253392,0.037441649474918404,0.8361153856597026,0.037441649474918404,0.9366609067200465,0.014985014985014986,,,,,,0.8930688664230136
Flower_rat,point,点采样,0418_rpt_B6_p25,raw_band,0418,p25,B6,33,0.02960115784959897,0.8701053726253392,0.037441649474918404,0.8361153856597026,0.037441649474918404,0.9366609067200465,0.014985014985014986,,,,,,0.8930688664230136
Flower_rat,point,点采样,0418_rpt_B6_p75,raw_band,0418,p75,B6,33,0.02960115784959897,0.8701053726253392,0.037441649474918404,0.8361153856597026,0.037441649474918404,0.9366609067200465,0.014985014985014986,,,,,,0.8930688664230136
Flower_rat,point,点采样,0418_rpt_B6_valid_count,other,0418,unknown,0418_rpt_B6_valid_count,33,,,,,,,0.014985014985014986,,,,,,
Flower_rat,point,点采样,0510_rpt_B1_mean,raw_band,0510,mean,B1,33,0.3028897057845,0.08664094293014359,0.24882746422344876,0.16260471817057828,0.24882746422344876,0.2654353604872723,0.014985014985014986,,,,,,0.24434667148345124
Flower_rat,point,点采样,0510_rpt_B1_median,raw_band,0510,median,B1,33,0.3028897057845,0.08664094293014359,0.24882746422344876,0.16260471817057828,0.24882746422344876,0.2654353604872723,0.014985014985014986,,,,,,0.24434667148345124
Flower_rat,point,点采样,0510_rpt_B1_std,raw_band,0510,std,B1,33,,,,,,,0.014985014985014986,,,,,,
Flower_rat,point,点采样,0510_rpt_B1_min,raw_band,0510,min,B1,33,0.3028897057845,0.08664094293014359,0.24882746422344876,0.16260471817057828,0.24882746422344876,0.2654353604872723,0.014985014985014986,,,,,,0.24434667148345124
Flower_rat,point,点采样,0510_rpt_B1_max,raw_band,0510,max,B1,33,0.3028897057845,0.08664094293014359,0.24882746422344876,0.16260471817057828,0.24882746422344876,0.2654353604872723,0.014985014985014986,,,,,,0.24434667148345124
Flower_rat,point,点采样,0510_rpt_B1_p25,raw_band,0510,p25,B1,33,0.3028897057845,0.08664094293014359,0.24882746422344876,0.16260471817057828,0.24882746422344876,0.2654353604872723,0.014985014985014986,,,,,,0.24434667148345124
Flower_rat,point,点采样,0510_rpt_B1_p75,raw_band,0510,p75,B1,33,0.3028897057845,0.08664094293014359,0.24882746422344876,0.16260471817057828,0.24882746422344876,0.2654353604872723,0.014985014985014986,,,,,,0.24434667148345124
Flower_rat,point,点采样,0510_rpt_B1_valid_count,other,0510,unknown,0510_rpt_B1_valid_count,33,,,,,,,0.014985014985014986,,,,,,
Flower_rat,point,点采样,0510_rpt_B2_mean,raw_band,0510,mean,B2,33,0.3112552478695411,0.07787083108401646,0.24748426603600773,0.16495982855141217,0.24748426603600773,0.2654353604872723,0.014985014985014986,,,,,,0.24488070014075985
Flower_rat,point,点采样,0510_rpt_B2_median,raw_band,0510,median,B2,33,0.3112552478695411,0.07787083108401646,0.24748426603600773,0.16495982855141217,0.24748426603600773,0.2654353604872723,0.014985014985014986,,,,,,0.24488070014075985
Flower_rat,point,点采样,0510_rpt_B2_std,raw_band,0510,std,B2,33,,,,,,,0.014985014985014986,,,,,,
Flower_rat,point,点采样,0510_rpt_B2_min,raw_band,0510,min,B2,33,0.3112552478695411,0.07787083108401646,0.24748426603600773,0.16495982855141217,0.24748426603600773,0.2654353604872723,0.014985014985014986,,,,,,0.24488070014075985
Flower_rat,point,点采样,0510_rpt_B2_max,raw_band,0510,max,B2,33,0.3112552478695411,0.07787083108401646,0.24748426603600773,0.16495982855141217,0.24748426603600773,0.2654353604872723,0.014985014985014986,,,,,,0.24488070014075985
Flower_rat,point,点采样,0510_rpt_B2_p25,raw_band,0510,p25,B2,33,0.3112552478695411,0.07787083108401646,0.24748426603600773,0.16495982855141217,0.24748426603600773,0.2654353604872723,0.014985014985014986,,,,,,0.24488070014075985
Flower_rat,point,点采样,0510_rpt_B2_p75,raw_band,0510,p75,B2,33,0.3112552478695411,0.07787083108401646,0.24748426603600773,0.16495982855141217,0.24748426603600773,0.2654353604872723,0.014985014985014986,,,,,,0.24488070014075985
Flower_rat,point,点采样,0510_rpt_B2_valid_count,other,0510,unknown,0510_rpt_B2_valid_count,33,,,,,,,0.014985014985014986,,,,,,
Flower_rat,point,点采样,0510_rpt_B3_mean,raw_band,0510,mean,B3,33,0.36429830945101077,0.03713545336136151,0.35577961989843987,0.042151307510755145,0.35577961989843987,0.09713249997448677,0.014985014985014986,,,,,,0.08521596946378018
Flower_rat,point,点采样,0510_rpt_B3_median,raw_band,0510,median,B3,33,0.36429830945101077,0.03713545336136151,0.35577961989843987,0.042151307510755145,0.35577961989843987,0.09713249997448677,0.014985014985014986,,,,,,0.08521596946378018
Flower_rat,point,点采样,0510_rpt_B3_std,raw_band,0510,std,B3,33,,,,,,,0.014985014985014986,,,,,,
Flower_rat,point,点采样,0510_rpt_B3_min,raw_band,0510,min,B3,33,0.36429830945101077,0.03713545336136151,0.35577961989843987,0.042151307510755145,0.35577961989843987,0.09713249997448677,0.014985014985014986,,,,,,0.08521596946378018
Flower_rat,point,点采样,0510_rpt_B3_max,raw_band,0510,max,B3,33,0.36429830945101077,0.03713545336136151,0.35577961989843987,0.042151307510755145,0.35577961989843987,0.09713249997448677,0.014985014985014986,,,,,,0.08521596946378018
Flower_rat,point,点采样,0510_rpt_B3_p25,raw_band,0510,p25,B3,33,0.36429830945101077,0.03713545336136151,0.35577961989843987,0.042151307510755145,0.35577961989843987,0.09713249997448677,0.014985014985014986,,,,,,0.08521596946378018
Flower_rat,point,点采样,0510_rpt_B3_p75,raw_band,0510,p75,B3,33,0.36429830945101077,0.03713545336136151,0.35577961989843987,0.042151307510755145,0.35577961989843987,0.09713249997448677,0.014985014985014986,,,,,,0.08521596946378018
Flower_rat,point,点采样,0510_rpt_B3_valid_count,other,0510,unknown,0510_rpt_B3_valid_count,33,,,,,,,0.014985014985014986,,,,,,
Flower_rat,point,点采样,0510_rpt_B4_mean,raw_band,0510,mean,B4,33,0.24941540165050236,0.16158147526960373,0.17461576436733245,0.3310964569856303,0.17461576436733245,0.42640652347050134,0.014985014985014986,,,,,,0.4133334641456917
Flower_rat,point,点采样,0510_rpt_B4_median,raw_band,0510,median,B4,33,0.24941540165050236,0.16158147526960373,0.17461576436733245,0.3310964569856303,0.17461576436733245,0.42640652347050134,0.014985014985014986,,,,,,0.4133334641456917
Flower_rat,point,点采样,0510_rpt_B4_std,raw_band,0510,std,B4,33,,,,,,,0.014985014985014986,,,,,,
Flower_rat,point,点采样,0510_rpt_B4_min,raw_band,0510,min,B4,33,0.24941540165050236,0.16158147526960373,0.17461576436733245,0.3310964569856303,0.17461576436733245,0.42640652347050134,0.014985014985014986,,,,,,0.4133334641456917
Flower_rat,point,点采样,0510_rpt_B4_max,raw_band,0510,max,B4,33,0.24941540165050236,0.16158147526960373,0.17461576436733245,0.3310964569856303,0.17461576436733245,0.42640652347050134,0.014985014985014986,,,,,,0.4133334641456917
Flower_rat,point,点采样,0510_rpt_B4_p25,raw_band,0510,p25,B4,33,0.24941540165050236,0.16158147526960373,0.17461576436733245,0.3310964569856303,0.17461576436733245,0.42640652347050134,0.014985014985014986,,,,,,0.4133334641456917
Flower_rat,point,点采样,0510_rpt_B4_p75,raw_band,0510,p75,B4,33,0.24941540165050236,0.16158147526960373,0.17461576436733245,0.3310964569856303,0.17461576436733245,0.42640652347050134,0.014985014985014986,,,,,,0.4133334641456917
Flower_rat,point,点采样,0510_rpt_B4_valid_count,other,0510,unknown,0510_rpt_B4_valid_count,33,,,,,,,0.014985014985014986,,,,,,
Flower_rat,point,点采样,0510_rpt_B5_mean,raw_band,0510,mean,B5,33,-0.1559885711694075,0.3860195530003836,-0.06917470665321247,0.7020794471180056,0.06917470665321247,0.8284537475992466,0.014985014985014986,,,,,,0.7812046799774588
Flower_rat,point,点采样,0510_rpt_B5_median,raw_band,0510,median,B5,33,-0.1559885711694075,0.3860195530003836,-0.06917470665321247,0.7020794471180056,0.06917470665321247,0.8284537475992466,0.014985014985014986,,,,,,0.7812046799774588
Flower_rat,point,点采样,0510_rpt_B5_std,raw_band,0510,std,B5,33,,,,,,,0.014985014985014986,,,,,,
Flower_rat,point,点采样,0510_rpt_B5_min,raw_band,0510,min,B5,33,-0.1559885711694075,0.3860195530003836,-0.06917470665321247,0.7020794471180056,0.06917470665321247,0.8284537475992466,0.014985014985014986,,,,,,0.7812046799774588
Flower_rat,point,点采样,0510_rpt_B5_max,raw_band,0510,max,B5,33,-0.1559885711694075,0.3860195530003836,-0.06917470665321247,0.7020794471180056,0.06917470665321247,0.8284537475992466,0.014985014985014986,,,,,,0.7812046799774588
Flower_rat,point,点采样,0510_rpt_B5_p25,raw_band,0510,p25,B5,33,-0.1559885711694075,0.3860195530003836,-0.06917470665321247,0.7020794471180056,0.06917470665321247,0.8284537475992466,0.014985014985014986,,,,,,0.7812046799774588
Flower_rat,point,点采样,0510_rpt_B5_p75,raw_band,0510,p75,B5,33,-0.1559885711694075,0.3860195530003836,-0.06917470665321247,0.7020794471180056,0.06917470665321247,0.8284537475992466,0.014985014985014986,,,,,,0.7812046799774588
Flower_rat,point,点采样,0510_rpt_B5_valid_count,other,0510,unknown,0510_rpt_B5_valid_count,33,,,,,,,0.014985014985014986,,,,,,
Flower_rat,point,点采样,0510_rpt_B6_mean,raw_band,0510,mean,B6,33,-0.2339814989034052,0.19000164546215223,-0.23338068506787707,0.19117448798057746,0.23338068506787707,0.29945030418196644,0.014985014985014986,,,,,,0.2741979973649174
Flower_rat,point,点采样,0510_rpt_B6_median,raw_band,0510,median,B6,33,-0.2339814989034052,0.19000164546215223,-0.23338068506787707,0.19117448798057746,0.23338068506787707,0.29945030418196644,0.014985014985014986,,,,,,0.2741979973649174
Flower_rat,point,点采样,0510_rpt_B6_std,raw_band,0510,std,B6,33,,,,,,,0.014985014985014986,,,,,,
Flower_rat,point,点采样,0510_rpt_B6_min,raw_band,0510,min,B6,33,-0.2339814989034052,0.19000164546215223,-0.23338068506787707,0.19117448798057746,0.23338068506787707,0.29945030418196644,0.014985014985014986,,,,,,0.2741979973649174
Flower_rat,point,点采样,0510_rpt_B6_max,raw_band,0510,max,B6,33,-0.2339814989034052,0.19000164546215223,-0.23338068506787707,0.19117448798057746,0.23338068506787707,0.29945030418196644,0.014985014985014986,,,,,,0.2741979973649174
Flower_rat,point,点采样,0510_rpt_B6_p25,raw_band,0510,p25,B6,33,-0.2339814989034052,0.19000164546215223,-0.23338068506787707,0.19117448798057746,0.23338068506787707,0.29945030418196644,0.014985014985014986,,,,,,0.2741979973649174
Flower_rat,point,点采样,0510_rpt_B6_p75,raw_band,0510,p75,B6,33,-0.2339814989034052,0.19000164546215223,-0.23338068506787707,0.19117448798057746,0.23338068506787707,0.29945030418196644,0.014985014985014986,,,,,,0.2741979973649174
Flower_rat,point,点采样,0510_rpt_B6_valid_count,other,0510,unknown,0510_rpt_B6_valid_count,33,,,,,,,0.014985014985014986,,,,,,
Flower_rat,point,点采样,diff_rpt_B1_mean,raw_band,diff,mean,B1,33,0.30352152307242186,0.08595321600516691,0.2815679200423236,0.11241645872398759,0.2815679200423236,0.20098700196106872,0.014985014985014986,,,,,,0.18465590843218382
Flower_rat,point,点采样,ratio_rpt_B1_mean,raw_band,ratio,mean,B1,33,0.2665052034257215,0.1338245091677943,0.2725013322770967,0.12496992375059854,0.2725013322770967,0.21475414081413535,0.014985014985014986,,,,,,0.1976219302700143
Flower_rat,point,点采样,rel_rpt_B1_mean,raw_band,rel,mean,B1,33,0.26650520342572137,0.13382450916779462,0.2725013322770967,0.12496992375059854,0.2725013322770967,0.21475414081413535,0.014985014985014986,,,,,,0.1976219302700143
Flower_rat,point,点采样,diff_rpt_B1_median,raw_band,diff,median,B1,33,0.30352152307242186,0.08595321600516691,0.2815679200423236,0.11241645872398759,0.2815679200423236,0.20098700196106872,0.014985014985014986,,,,,,0.18465590843218382
Flower_rat,point,点采样,ratio_rpt_B1_median,raw_band,ratio,median,B1,33,0.2665052034257215,0.1338245091677943,0.2725013322770967,0.12496992375059854,0.2725013322770967,0.21475414081413535,0.014985014985014986,,,,,,0.1976219302700143
Flower_rat,point,点采样,rel_rpt_B1_median,raw_band,rel,median,B1,33,0.26650520342572137,0.13382450916779462,0.2725013322770967,0.12496992375059854,0.2725013322770967,0.21475414081413535,0.014985014985014986,,,,,,0.1976219302700143
Flower_rat,point,点采样,diff_rpt_B1_p25,raw_band,diff,p25,B1,33,0.30352152307242186,0.08595321600516691,0.2815679200423236,0.11241645872398759,0.2815679200423236,0.20098700196106872,0.014985014985014986,,,,,,0.18465590843218382
Flower_rat,point,点采样,ratio_rpt_B1_p25,raw_band,ratio,p25,B1,33,0.2665052034257215,0.1338245091677943,0.2725013322770967,0.12496992375059854,0.2725013322770967,0.21475414081413535,0.014985014985014986,,,,,,0.1976219302700143
Flower_rat,point,点采样,rel_rpt_B1_p25,raw_band,rel,p25,B1,33,0.26650520342572137,0.13382450916779462,0.2725013322770967,0.12496992375059854,0.2725013322770967,0.21475414081413535,0.014985014985014986,,,,,,0.1976219302700143
Flower_rat,point,点采样,diff_rpt_B1_p75,raw_band,diff,p75,B1,33,0.30352152307242186,0.08595321600516691,0.2815679200423236,0.11241645872398759,0.2815679200423236,0.20098700196106872,0.014985014985014986,,,,,,0.18465590843218382
Flower_rat,point,点采样,ratio_rpt_B1_p75,raw_band,ratio,p75,B1,33,0.2665052034257215,0.1338245091677943,0.2725013322770967,0.12496992375059854,0.2725013322770967,0.21475414081413535,0.014985014985014986,,,,,,0.1976219302700143
Flower_rat,point,点采样,rel_rpt_B1_p75,raw_band,rel,p75,B1,33,0.26650520342572137,0.13382450916779462,0.2725013322770967,0.12496992375059854,0.2725013322770967,0.21475414081413535,0.014985014985014986,,,,,,0.1976219302700143
Flower_rat,point,点采样,diff_rpt_B2_mean,raw_band,diff,mean,B2,33,0.31642208137850225,0.07280776054657155,0.30339489058824015,0.08609071720704553,0.30339489058824015,0.1693117438405229,0.014985014985014986,,,,,,0.14957660922564894
Flower_rat,point,点采样,ratio_rpt_B2_mean,raw_band,ratio,mean,B2,33,0.27838944676901944,0.11670483104143638,0.28677281301865754,0.10565063379625848,0.28677281301865754,0.1927851771333789,0.014985014985014986,,,,,,0.17477312292891695
Flower_rat,point,点采样,rel_rpt_B2_mean,raw_band,rel,mean,B2,33,0.27838944676901944,0.11670483104143638,0.28677281301865754,0.10565063379625848,0.28677281301865754,0.1927851771333789,0.014985014985014986,,,,,,0.17477312292891695
Flower_rat,point,点采样,diff_rpt_B2_median,raw_band,diff,median,B2,33,0.31642208137850225,0.07280776054657155,0.30339489058824015,0.08609071720704553,0.30339489058824015,0.1693117438405229,0.014985014985014986,,,,,,0.14957660922564894
Flower_rat,point,点采样,ratio_rpt_B2_median,raw_band,ratio,median,B2,33,0.27838944676901944,0.11670483104143638,0.28677281301865754,0.10565063379625848,0.28677281301865754,0.1927851771333789,0.014985014985014986,,,,,,0.17477312292891695
Flower_rat,point,点采样,rel_rpt_B2_median,raw_band,rel,median,B2,33,0.27838944676901944,0.11670483104143638,0.28677281301865754,0.10565063379625848,0.28677281301865754,0.1927851771333789,0.014985014985014986,,,,,,0.17477312292891695
Flower_rat,point,点采样,diff_rpt_B2_p25,raw_band,diff,p25,B2,33,0.31642208137850225,0.07280776054657155,0.30339489058824015,0.08609071720704553,0.30339489058824015,0.1693117438405229,0.014985014985014986,,,,,,0.14957660922564894
Flower_rat,point,点采样,ratio_rpt_B2_p25,raw_band,ratio,p25,B2,33,0.27838944676901944,0.11670483104143638,0.28677281301865754,0.10565063379625848,0.28677281301865754,0.1927851771333789,0.014985014985014986,,,,,,0.17477312292891695
Flower_rat,point,点采样,rel_rpt_B2_p25,raw_band,rel,p25,B2,33,0.27838944676901944,0.11670483104143638,0.28677281301865754,0.10565063379625848,0.28677281301865754,0.1927851771333789,0.014985014985014986,,,,,,0.17477312292891695
Flower_rat,point,点采样,diff_rpt_B2_p75,raw_band,diff,p75,B2,33,0.31642208137850225,0.07280776054657155,0.30339489058824015,0.08609071720704553,0.30339489058824015,0.1693117438405229,0.014985014985014986,,,,,,0.14957660922564894
Flower_rat,point,点采样,ratio_rpt_B2_p75,raw_band,ratio,p75,B2,33,0.27838944676901944,0.11670483104143638,0.28677281301865754,0.10565063379625848,0.28677281301865754,0.1927851771333789,0.014985014985014986,,,,,,0.17477312292891695
Flower_rat,point,点采样,rel_rpt_B2_p75,raw_band,rel,p75,B2,33,0.27838944676901944,0.11670483104143638,0.28677281301865754,0.10565063379625848,0.28677281301865754,0.1927851771333789,0.014985014985014986,,,,,,0.17477312292891695
Flower_rat,point,点采样,diff_rpt_B3_mean,raw_band,diff,mean,B3,33,0.34597664520673777,0.04858266192399191,0.3351279477665342,0.05658844918544826,0.3351279477665342,0.12067657235932942,0.014985014985014986,,,,,,0.1090847584504612
Flower_rat,point,点采样,ratio_rpt_B3_mean,raw_band,ratio,mean,B3,33,0.2733237066932085,0.12379021462595943,0.34453033507862135,0.04959448599892745,0.34453033507862135,0.10837313607173035,0.014985014985014986,,,,,,0.09751666056269612
Flower_rat,point,点采样,rel_rpt_B3_mean,raw_band,rel,mean,B3,33,0.2733237066932085,0.12379021462595943,0.34453033507862135,0.04959448599892745,0.34453033507862135,0.10837313607173035,0.014985014985014986,,,,,,0.09751666056269612
Flower_rat,point,点采样,diff_rpt_B3_median,raw_band,diff,median,B3,33,0.34597664520673777,0.04858266192399191,0.3351279477665342,0.05658844918544826,0.3351279477665342,0.12067657235932942,0.014985014985014986,,,,,,0.1090847584504612
Flower_rat,point,点采样,ratio_rpt_B3_median,raw_band,ratio,median,B3,33,0.2733237066932085,0.12379021462595943,0.34453033507862135,0.04959448599892745,0.34453033507862135,0.10837313607173035,0.014985014985014986,,,,,,0.09751666056269612
Flower_rat,point,点采样,rel_rpt_B3_median,raw_band,rel,median,B3,33,0.2733237066932085,0.12379021462595943,0.34453033507862135,0.04959448599892745,0.34453033507862135,0.10837313607173035,0.014985014985014986,,,,,,0.09751666056269612
Flower_rat,point,点采样,diff_rpt_B3_p25,raw_band,diff,p25,B3,33,0.34597664520673777,0.04858266192399191,0.3351279477665342,0.05658844918544826,0.3351279477665342,0.12067657235932942,0.014985014985014986,,,,,,0.1090847584504612
Flower_rat,point,点采样,ratio_rpt_B3_p25,raw_band,ratio,p25,B3,33,0.2733237066932085,0.12379021462595943,0.34453033507862135,0.04959448599892745,0.34453033507862135,0.10837313607173035,0.014985014985014986,,,,,,0.09751666056269612
Flower_rat,point,点采样,rel_rpt_B3_p25,raw_band,rel,p25,B3,33,0.2733237066932085,0.12379021462595943,0.34453033507862135,0.04959448599892745,0.34453033507862135,0.10837313607173035,0.014985014985014986,,,,,,0.09751666056269612
Flower_rat,point,点采样,diff_rpt_B3_p75,raw_band,diff,p75,B3,33,0.34597664520673777,0.04858266192399191,0.3351279477665342,0.05658844918544826,0.3351279477665342,0.12067657235932942,0.014985014985014986,,,,,,0.1090847584504612
Flower_rat,point,点采样,ratio_rpt_B3_p75,raw_band,ratio,p75,B3,33,0.2733237066932085,0.12379021462595943,0.34453033507862135,0.04959448599892745,0.34453033507862135,0.10837313607173035,0.014985014985014986,,,,,,0.09751666056269612
Flower_rat,point,点采样,rel_rpt_B3_p75,raw_band,rel,p75,B3,33,0.2733237066932085,0.12379021462595943,0.34453033507862135,0.04959448599892745,0.34453033507862135,0.10837313607173035,0.014985014985014986,,,,,,0.09751666056269612
Flower_rat,point,点采样,diff_rpt_B4_mean,raw_band,diff,mean,B4,33,0.24699447824574378,0.1658246460314314,0.2036624251707445,0.25561996888619143,0.2036624251707445,0.35625775191225106,0.014985014985014986,,,,,,0.34070490138688087
Flower_rat,point,点采样,ratio_rpt_B4_mean,raw_band,ratio,mean,B4,33,0.2055657490098684,0.2511086164536419,0.21507960976399315,0.2293527960892456,0.21507960976399315,0.3327495484245612,0.014985014985014986,,,,,,0.3130741166807113
Flower_rat,point,点采样,rel_rpt_B4_mean,raw_band,rel,mean,B4,33,0.2055657490098684,0.2511086164536419,0.21507960976399315,0.2293527960892456,0.21507960976399315,0.3327495484245612,0.014985014985014986,,,,,,0.3130741166807113
Flower_rat,point,点采样,diff_rpt_B4_median,raw_band,diff,median,B4,33,0.24699447824574378,0.1658246460314314,0.2036624251707445,0.25561996888619143,0.2036624251707445,0.35625775191225106,0.014985014985014986,,,,,,0.34070490138688087
Flower_rat,point,点采样,ratio_rpt_B4_median,raw_band,ratio,median,B4,33,0.2055657490098684,0.2511086164536419,0.21507960976399315,0.2293527960892456,0.21507960976399315,0.3327495484245612,0.014985014985014986,,,,,,0.3130741166807113
Flower_rat,point,点采样,rel_rpt_B4_median,raw_band,rel,median,B4,33,0.2055657490098684,0.2511086164536419,0.21507960976399315,0.2293527960892456,0.21507960976399315,0.3327495484245612,0.014985014985014986,,,,,,0.3130741166807113
Flower_rat,point,点采样,diff_rpt_B4_p25,raw_band,diff,p25,B4,33,0.24699447824574378,0.1658246460314314,0.2036624251707445,0.25561996888619143,0.2036624251707445,0.35625775191225106,0.014985014985014986,,,,,,0.34070490138688087
Flower_rat,point,点采样,ratio_rpt_B4_p25,raw_band,ratio,p25,B4,33,0.2055657490098684,0.2511086164536419,0.21507960976399315,0.2293527960892456,0.21507960976399315,0.3327495484245612,0.014985014985014986,,,,,,0.3130741166807113
Flower_rat,point,点采样,rel_rpt_B4_p25,raw_band,rel,p25,B4,33,0.2055657490098684,0.2511086164536419,0.21507960976399315,0.2293527960892456,0.21507960976399315,0.3327495484245612,0.014985014985014986,,,,,,0.3130741166807113
Flower_rat,point,点采样,diff_rpt_B4_p75,raw_band,diff,p75,B4,33,0.24699447824574378,0.1658246460314314,0.2036624251707445,0.25561996888619143,0.2036624251707445,0.35625775191225106,0.014985014985014986,,,,,,0.34070490138688087
Flower_rat,point,点采样,ratio_rpt_B4_p75,raw_band,ratio,p75,B4,33,0.2055657490098684,0.2511086164536419,0.21507960976399315,0.2293527960892456,0.21507960976399315,0.3327495484245612,0.014985014985014986,,,,,,0.3130741166807113
Flower_rat,point,点采样,rel_rpt_B4_p75,raw_band,rel,p75,B4,33,0.2055657490098684,0.2511086164536419,0.21507960976399315,0.2293527960892456,0.21507960976399315,0.3327495484245612,0.014985014985014986,,,,,,0.3130741166807113
Flower_rat,point,点采样,diff_rpt_B5_mean,raw_band,diff,mean,B5,33,-0.1899460564974853,0.289708864617934,-0.20567722245190603,0.25084604449577774,0.20567722245190603,0.3551979990060213,0.014985014985014986,,,,,,0.3362634475783917
Flower_rat,point,点采样,ratio_rpt_B5_mean,raw_band,ratio,mean,B5,33,-0.21680845312027713,0.2255407798218276,-0.22767209277125272,0.20257134434515026,0.22767209277125272,0.3038570165177254,0.014985014985014986,,,,,,0.28356948878323357
Flower_rat,point,点采样,rel_rpt_B5_mean,raw_band,rel,mean,B5,33,-0.21680845312027708,0.2255407798218276,-0.22767209277125272,0.20257134434515026,0.22767209277125272,0.3038570165177254,0.014985014985014986,,,,,,0.28356948878323357
Flower_rat,point,点采样,diff_rpt_B5_median,raw_band,diff,median,B5,33,-0.1899460564974853,0.289708864617934,-0.20567722245190603,0.25084604449577774,0.20567722245190603,0.3551979990060213,0.014985014985014986,,,,,,0.3362634475783917
Flower_rat,point,点采样,ratio_rpt_B5_median,raw_band,ratio,median,B5,33,-0.21680845312027713,0.2255407798218276,-0.22767209277125272,0.20257134434515026,0.22767209277125272,0.3038570165177254,0.014985014985014986,,,,,,0.28356948878323357
Flower_rat,point,点采样,rel_rpt_B5_median,raw_band,rel,median,B5,33,-0.21680845312027708,0.2255407798218276,-0.22767209277125272,0.20257134434515026,0.22767209277125272,0.3038570165177254,0.014985014985014986,,,,,,0.28356948878323357
Flower_rat,point,点采样,diff_rpt_B5_p25,raw_band,diff,p25,B5,33,-0.1899460564974853,0.289708864617934,-0.20567722245190603,0.25084604449577774,0.20567722245190603,0.3551979990060213,0.014985014985014986,,,,,,0.3362634475783917
Flower_rat,point,点采样,ratio_rpt_B5_p25,raw_band,ratio,p25,B5,33,-0.21680845312027713,0.2255407798218276,-0.22767209277125272,0.20257134434515026,0.22767209277125272,0.3038570165177254,0.014985014985014986,,,,,,0.28356948878323357
Flower_rat,point,点采样,rel_rpt_B5_p25,raw_band,rel,p25,B5,33,-0.21680845312027708,0.2255407798218276,-0.22767209277125272,0.20257134434515026,0.22767209277125272,0.3038570165177254,0.014985014985014986,,,,,,0.28356948878323357
Flower_rat,point,点采样,diff_rpt_B5_p75,raw_band,diff,p75,B5,33,-0.1899460564974853,0.289708864617934,-0.20567722245190603,0.25084604449577774,0.20567722245190603,0.3551979990060213,0.014985014985014986,,,,,,0.3362634475783917
Flower_rat,point,点采样,ratio_rpt_B5_p75,raw_band,ratio,p75,B5,33,-0.21680845312027713,0.2255407798218276,-0.22767209277125272,0.20257134434515026,0.22767209277125272,0.3038570165177254,0.014985014985014986,,,,,,0.28356948878323357
Flower_rat,point,点采样,rel_rpt_B5_p75,raw_band,rel,p75,B5,33,-0.21680845312027708,0.2255407798218276,-0.22767209277125272,0.20257134434515026,0.22767209277125272,0.3038570165177254,0.014985014985014986,,,,,,0.28356948878323357
Flower_rat,point,点采样,diff_rpt_B6_mean,raw_band,diff,mean,B6,33,-0.34420955600876235,0.049821159748957324,-0.4046384539666069,0.019505027858590776,0.4046384539666069,0.05003463668073286,0.014985014985014986,,,,,,0.045552418002666316
Flower_rat,point,点采样,ratio_rpt_B6_mean,raw_band,ratio,mean,B6,33,-0.3491890780990297,0.04639418446069797,-0.4385542081994927,0.010681095361805688,0.4385542081994927,0.03501025701925198,0.014985014985014986,,,,,,0.028351243165191203
Flower_rat,point,点采样,rel_rpt_B6_mean,raw_band,rel,mean,B6,33,-0.34918907809902977,0.04639418446069782,-0.4385542081994927,0.010681095361805688,0.4385542081994927,0.03501025701925198,0.014985014985014986,,,,,,0.028351243165191203
Flower_rat,point,点采样,diff_rpt_B6_median,raw_band,diff,median,B6,33,-0.34420955600876235,0.049821159748957324,-0.4046384539666069,0.019505027858590776,0.4046384539666069,0.05003463668073286,0.014985014985014986,,,,,,0.045552418002666316
Flower_rat,point,点采样,ratio_rpt_B6_median,raw_band,ratio,median,B6,33,-0.3491890780990297,0.04639418446069797,-0.4385542081994927,0.010681095361805688,0.4385542081994927,0.03501025701925198,0.014985014985014986,,,,,,0.028351243165191203
Flower_rat,point,点采样,rel_rpt_B6_median,raw_band,rel,median,B6,33,-0.34918907809902977,0.04639418446069782,-0.4385542081994927,0.010681095361805688,0.4385542081994927,0.03501025701925198,0.014985014985014986,,,,,,0.028351243165191203
Flower_rat,point,点采样,diff_rpt_B6_p25,raw_band,diff,p25,B6,33,-0.34420955600876235,0.049821159748957324,-0.4046384539666069,0.019505027858590776,0.4046384539666069,0.05003463668073286,0.014985014985014986,,,,,,0.045552418002666316
Flower_rat,point,点采样,ratio_rpt_B6_p25,raw_band,ratio,p25,B6,33,-0.3491890780990297,0.04639418446069797,-0.4385542081994927,0.010681095361805688,0.4385542081994927,0.03501025701925198,0.014985014985014986,,,,,,0.028351243165191203
Flower_rat,point,点采样,rel_rpt_B6_p25,raw_band,rel,p25,B6,33,-0.34918907809902977,0.04639418446069782,-0.4385542081994927,0.010681095361805688,0.4385542081994927,0.03501025701925198,0.014985014985014986,,,,,,0.028351243165191203
Flower_rat,point,点采样,diff_rpt_B6_p75,raw_band,diff,p75,B6,33,-0.34420955600876235,0.049821159748957324,-0.4046384539666069,0.019505027858590776,0.4046384539666069,0.05003463668073286,0.014985014985014986,,,,,,0.045552418002666316
Flower_rat,point,点采样,ratio_rpt_B6_p75,raw_band,ratio,p75,B6,33,-0.3491890780990297,0.04639418446069797,-0.4385542081994927,0.010681095361805688,0.4385542081994927,0.03501025701925198,0.014985014985014986,,,,,,0.028351243165191203
Flower_rat,point,点采样,rel_rpt_B6_p75,raw_band,rel,p75,B6,33,-0.34918907809902977,0.04639418446069782,-0.4385542081994927,0.010681095361805688,0.4385542081994927,0.03501025701925198,0.014985014985014986,,,,,,0.028351243165191203
Flower_rat,point,点采样,0418_rpt_ND_B1_B2_mean,pairwise_nd,0418,mean,ND_B1_B2,33,0.03777987863106122,0.8346551737322738,-0.056246424099092675,0.7558776475513932,0.056246424099092675,0.8801996290565566,0.014985014985014986,,,,,,0.8267688688926728
Flower_rat,point,点采样,0510_rpt_ND_B1_B2_mean,pairwise_nd,0510,mean,ND_B1_B2,33,-0.12575787679084724,0.48558708352215574,-0.024345467147368467,0.8930220374005513,0.024345467147368467,0.9651811872704958,0.014985014985014986,,,,,,0.9418241789069869
Flower_rat,point,点采样,diff_rpt_ND_B1_B2_mean,pairwise_nd,diff,mean,ND_B1_B2,33,-0.12587585147437755,0.48517458207166814,-0.02367386805364796,0.8959569678326222,0.02367386805364796,0.9651811872704958,0.014985014985014986,,,,,,0.9418241789069869
Flower_rat,point,点采样,0418_rpt_ND_B1_B3_mean,pairwise_nd,0418,mean,ND_B1_B3,33,-0.31604477379689316,0.07316859348154359,-0.2889555100732492,0.10290657394323612,0.2889555100732492,0.1927851771333789,0.014985014985014986,,,,,,0.17237313014190178
Flower_rat,point,点采样,0510_rpt_ND_B1_B3_mean,pairwise_nd,0510,mean,ND_B1_B3,33,-0.375084617578775,0.03148901565915633,-0.407324850341489,0.018635843714880904,0.407324850341489,0.05003463668073286,0.014985014985014986,,,,,,0.04458267227175355
Flower_rat,point,点采样,diff_rpt_ND_B1_B3_mean,pairwise_nd,diff,mean,ND_B1_B3,33,-0.2175957476155782,0.22381916707423088,-0.18989464374947404,0.28984186453330846,0.18989464374947404,0.39463084632612,0.014985014985014986,,,,,,0.37402829821518224
Flower_rat,point,点采样,0418_rpt_ND_B1_B4_mean,pairwise_nd,0418,mean,ND_B1_B4,33,-0.008573241264610322,0.9622332233162203,-0.037945348795208785,0.8339409986025623,0.037945348795208785,0.9366609067200465,0.014985014985014986,,,,,,0.8930688664230136
Flower_rat,point,点采样,0510_rpt_ND_B1_B4_mean,pairwise_nd,0510,mean,ND_B1_B4,33,0.23916943062043064,0.1800835087792824,0.23086218846642512,0.1961459054081064,0.23086218846642512,0.3038570165177254,0.014985014985014986,,,,,,0.2779105994620551
Flower_rat,point,点采样,diff_rpt_ND_B1_B4_mean,pairwise_nd,diff,mean,ND_B1_B4,33,0.2217645637654866,0.21485200010501254,0.213568511803122,0.232720189939469,0.213568511803122,0.33489002942508955,0.014985014985014986,,,,,,0.3162825014035318
Flower_rat,point,点采样,0418_rpt_ND_B1_B5_mean,pairwise_nd,0418,mean,ND_B1_B5,33,0.01910596436090125,0.9159529812691902,0.04449343995898375,0.8057893423662553,0.04449343995898375,0.9321876705805698,0.014985014985014986,,,,,,0.8716538625248883
Flower_rat,point,点采样,0510_rpt_ND_B1_B5_mean,pairwise_nd,0510,mean,ND_B1_B5,33,0.44421746398527434,0.009602799939808105,0.5356002772421062,0.0013175113937973857,0.5356002772421062,0.016810024836110226,0.014985014985014986,0.20308947586675258,0.7600513156598834,0.01,0.0565,0.1615,0.009109788504997843
Flower_rat,point,点采样,diff_rpt_ND_B1_B5_mean,pairwise_nd,diff,mean,ND_B1_B5,33,0.4582479182884506,0.007321026289688766,0.5992342913721246,0.00022884337037991674,0.5992342913721246,0.016810024836110226,0.014985014985014986,0.28500545115055886,0.8102382121201085,0.1605,0.392,0.5075,0.007093024941597355
Flower_rat,point,点采样,0418_rpt_ND_B1_B6_mean,pairwise_nd,0418,mean,ND_B1_B6,33,-0.025560527842541383,0.8877157090399664,-0.03996014607637031,0.8252556702409748,0.03996014607637031,0.9366609067200465,0.014985014985014986,,,,,,0.888077901193575
Flower_rat,point,点采样,0510_rpt_ND_B1_B6_mean,pairwise_nd,0510,mean,ND_B1_B6,33,0.4537971093005865,0.007988599256327592,0.5549087511865709,0.000803581767937571,0.5549087511865709,0.016810024836110226,0.014985014985014986,0.2288494500117601,0.7754698442269423,0.035,0.147,0.2715,0.008834457357762558
Flower_rat,point,点采样,diff_rpt_ND_B1_B6_mean,pairwise_nd,diff,mean,ND_B1_B6,33,0.4695473645110369,0.005836048656039184,0.5888245054194566,0.000312429425837497,0.5888245054194566,0.016810024836110226,0.014985014985014986,0.26929939524706464,0.8056861791577238,0.0575,0.3345,0.4465,0.007670964587010124
Flower_rat,point,点采样,0418_rpt_ND_B2_B3_mean,pairwise_nd,0418,mean,ND_B2_B3,33,-0.2676947070299193,0.132032285094832,-0.15312459336827616,0.3949081648105627,0.15312459336827616,0.49573578135794044,0.014985014985014986,,,,,,0.4813185078618615
Flower_rat,point,点采样,0510_rpt_ND_B2_B3_mean,pairwise_nd,0510,mean,ND_B2_B3,33,-0.3799341746447398,0.029189331077974317,-0.4392258072932132,0.010548102899209029,0.4392258072932132,0.03501025701925198,0.014985014985014986,,,,,,0.028351243165191203
Flower_rat,point,点采样,diff_rpt_ND_B2_B3_mean,pairwise_nd,diff,mean,ND_B2_B3,33,-0.17988027047975463,0.316492853436632,-0.2547039562935032,0.15258436945713347,0.2547039562935032,0.25968685955685217,0.014985014985014986,,,,,,0.23299708134779956
Flower_rat,point,点采样,0418_rpt_ND_B2_B4_mean,pairwise_nd,0418,mean,ND_B2_B4,33,-0.059545962126273624,0.7420284900266485,-0.014439380514990953,0.9364332219489949,0.014439380514990953,0.9715813948357379,0.014985014985014986,,,,,,0.9548548591020899
Flower_rat,point,点采样,0510_rpt_ND_B2_B4_mean,pairwise_nd,0510,mean,ND_B2_B4,33,0.33854238719934143,0.05396365010983419,0.35561172012500974,0.042255381344833226,0.35561172012500974,0.09713249997448677,0.014985014985014986,,,,,,0.0852416665831987
Flower_rat,point,点采样,diff_rpt_ND_B2_B4_mean,pairwise_nd,diff,mean,ND_B2_B4,33,0.36407140115062114,0.03726248998910654,0.3749201940694744,0.031569501458703596,0.3749201940694744,0.07654522956425393,0.014985014985014986,,,,,,0.06763339807341091
Flower_rat,point,点采样,0418_rpt_ND_B2_B5_mean,pairwise_nd,0418,mean,ND_B2_B5,33,0.009169759431539127,0.9596075119045041,0.06296241503629776,0.7277718630934067,0.06296241503629776,0.8530835746194237,0.014985014985014986,,,,,,0.8021395726711735
Flower_rat,point,点采样,0510_rpt_ND_B2_B5_mean,pairwise_nd,0510,mean,ND_B2_B5,33,0.4407461168448119,0.010252207370366672,0.5092400128135763,0.0024724218006700253,0.5092400128135763,0.016810024836110226,0.014985014985014986,,,,,,0.010390853783896998
Flower_rat,point,点采样,diff_rpt_ND_B2_B5_mean,pairwise_nd,diff,mean,ND_B2_B5,33,0.4520739757198392,0.008260606254372771,0.5359360767889666,0.0013065572519201114,0.5359360767889666,0.016810024836110226,0.014985014985014986,0.16251428476041552,0.8053634098365297,0.033,0.109,0.179,0.009109788504997843
Flower_rat,point,点采样,0418_rpt_ND_B2_B6_mean,pairwise_nd,0418,mean,ND_B2_B6,33,-0.03365936636068526,0.8524798633258351,-0.013935681194700572,0.9386464322989332,0.013935681194700572,0.9715813948357379,0.014985014985014986,,,,,,0.9550241235931349
Flower_rat,point,点采样,0510_rpt_ND_B2_B6_mean,pairwise_nd,0510,mean,ND_B2_B6,33,0.46115944918875174,0.0069105595115003,0.524686791969148,0.001720251266369822,0.524686791969148,0.016810024836110226,0.014985014985014986,0.16258145763913828,0.7825314495717339,0.0055,0.0415,0.088,0.009413457076381488
Flower_rat,point,点采样,diff_rpt_ND_B2_B6_mean,pairwise_nd,diff,mean,ND_B2_B6,33,0.4766293024052426,0.005043516215646153,0.5300595847189121,0.001510242458082033,0.5300595847189121,0.016810024836110226,0.014985014985014986,0.1548976206076547,0.7979238303554608,0.002,0.0205,0.0815,0.009163277638714667
Flower_rat,point,点采样,0418_rpt_ND_B3_B4_mean,pairwise_nd,0418,mean,ND_B3_B4,33,0.21042988776327626,0.23982054848721537,0.20114392856929258,0.2616712486828944,0.20114392856929258,0.35903729470443646,0.014985014985014986,,,,,,0.3465426189086451
Flower_rat,point,点采样,0510_rpt_ND_B3_B4_mean,pairwise_nd,0510,mean,ND_B3_B4,33,0.4236684856354721,0.01401371720583471,0.45500838599564514,0.007801985853989694,0.45500838599564514,0.028769822836586995,0.014985014985014986,,,,,,0.022890732081045237
Flower_rat,point,点采样,diff_rpt_ND_B3_B4_mean,pairwise_nd,diff,mean,ND_B3_B4,33,0.3313141617784957,0.059638551638889654,0.40598165215404797,0.0190663214366033,0.40598165215404797,0.05003463668073286,0.014985014985014986,,,,,,0.044808256675946796
Flower_rat,point,点采样,0418_rpt_ND_B3_B5_mean,pairwise_nd,0418,mean,ND_B3_B5,33,0.17064069927763442,0.3423930389574284,0.3319378520713618,0.05913107632132351,0.3319378520713618,0.12313177069263836,0.014985014985014986,,,,,,0.1127054018545349
Flower_rat,point,点采样,0510_rpt_ND_B3_B5_mean,pairwise_nd,0510,mean,ND_B3_B5,33,0.4370795007664824,0.010978099713249105,0.4674329692294745,0.00609241981008362,0.4674329692294745,0.025078100148483738,0.014985014985014986,,,,,,0.019042638803376942
Flower_rat,point,点采样,diff_rpt_ND_B3_B5_mean,pairwise_nd,diff,mean,ND_B3_B5,33,0.42416084701689677,0.013890978871661977,0.4702872653777868,0.005748545296247209,0.4702872653777868,0.024987728296049984,0.014985014985014986,,,,,,0.018336385509055197
Flower_rat,point,点采样,0418_rpt_ND_B3_B6_mean,pairwise_nd,0418,mean,ND_B3_B6,33,0.14112502633267857,0.43340702296646105,0.1724330673127408,0.33727069653034003,0.1724330673127408,0.42640652347050134,0.014985014985014986,,,,,,0.4176158724124847
Flower_rat,point,点采样,0510_rpt_ND_B3_B6_mean,pairwise_nd,0510,mean,ND_B3_B6,33,0.4512614233921364,0.008391579678271362,0.5144449057899103,0.0021920972596485,0.5144449057899103,0.016810024836110226,0.014985014985014986,,,,,,0.009952441573002678
Flower_rat,point,点采样,diff_rpt_ND_B3_B6_mean,pairwise_nd,diff,mean,ND_B3_B6,33,0.4460613284261458,0.009272264223108196,0.5115906096415981,0.0023421856175346307,0.5115906096415981,0.016810024836110226,0.014985014985014986,,,,,,0.010259432775398172
Flower_rat,point,点采样,0418_rpt_ND_B4_B5_mean,pairwise_nd,0418,mean,ND_B4_B5,33,0.04352274852177314,0.8099483722737363,0.026360264428529998,0.8842257498518276,0.026360264428529998,0.9651811872704958,0.014985014985014986,,,,,,0.9358849967234885
Flower_rat,point,点采样,0510_rpt_ND_B4_B5_mean,pairwise_nd,0510,mean,ND_B4_B5,33,0.448011364733921,0.008933241714336139,0.43284561590286835,0.011869818091868937,0.43284561590286835,0.038199232768378215,0.014985014985014986,,,,,,0.031021121231691085
Flower_rat,point,点采样,diff_rpt_ND_B4_B5_mean,pairwise_nd,diff,mean,ND_B4_B5,33,0.42448183332095846,0.013811448394226608,0.4148803401458447,0.016362223170414233,0.4148803401458447,0.048268558352721994,0.014985014985014986,,,,,,0.039549104191700726
Flower_rat,point,点采样,0418_rpt_ND_B4_B6_mean,pairwise_nd,0418,mean,ND_B4_B6,33,-0.012609099156697997,0.9444774308272658,-0.0742116998561163,0.681481303352043,0.0742116998561163,0.8205591203626641,0.014985014985014986,,,,,,0.7665124243851189
Flower_rat,point,点采样,0510_rpt_ND_B4_B6_mean,pairwise_nd,0510,mean,ND_B4_B6,33,0.4808991027887978,0.004611853219164563,0.4795217529164438,0.004747485295164287,0.4795217529164438,0.02344159325720846,0.014985014985014986,,,,,,0.015932065556218043
Flower_rat,point,点采样,diff_rpt_ND_B4_B6_mean,pairwise_nd,diff,mean,ND_B4_B6,33,0.4728133714131094,0.005458215479245458,0.48825254113481037,0.003942733750546519,0.48825254113481037,0.021808246057710437,0.014985014985014986,,,,,,0.014121192281228033
Flower_rat,point,点采样,0418_rpt_ND_B5_B6_mean,pairwise_nd,0418,mean,ND_B5_B6,33,-0.1773632037707713,0.3234242291386267,-0.0035258952420326745,0.9844631687128117,0.0035258952420326745,0.9996300223148135,0.014985014985014986,,,,,,0.9897673883718248
Flower_rat,point,点采样,0510_rpt_ND_B5_B6_mean,pairwise_nd,0510,mean,ND_B5_B6,33,0.3338295775417637,0.05761265460058476,0.4603811787454092,0.007018307770802102,0.4603811787454092,0.027005227726782,0.014985014985014986,,,,,,0.021054923312406305
Flower_rat,point,点采样,diff_rpt_ND_B5_B6_mean,pairwise_nd,diff,mean,ND_B5_B6,33,0.3510972172349057,0.045132068535562876,0.32790825750903874,0.062470678426771564,0.32790825750903874,0.12709551817860423,0.014985014985014986,,,,,,0.11703843970316842
Flower_rat,point,点采样,0418_rpt_ND_B1_B2_median,pairwise_nd,0418,median,ND_B1_B2,33,0.03777987863106122,0.8346551737322738,-0.056246424099092675,0.7558776475513932,0.056246424099092675,0.8801996290565566,0.014985014985014986,,,,,,0.8267688688926728
Flower_rat,point,点采样,0510_rpt_ND_B1_B2_median,pairwise_nd,0510,median,ND_B1_B2,33,-0.12575787679084724,0.48558708352215574,-0.024345467147368467,0.8930220374005513,0.024345467147368467,0.9651811872704958,0.014985014985014986,,,,,,0.9418241789069869
Flower_rat,point,点采样,diff_rpt_ND_B1_B2_median,pairwise_nd,diff,median,ND_B1_B2,33,-0.12587585147437755,0.48517458207166814,-0.02367386805364796,0.8959569678326222,0.02367386805364796,0.9651811872704958,0.014985014985014986,,,,,,0.9418241789069869
Flower_rat,point,点采样,0418_rpt_ND_B1_B3_median,pairwise_nd,0418,median,ND_B1_B3,33,-0.31604477379689316,0.07316859348154359,-0.2889555100732492,0.10290657394323612,0.2889555100732492,0.1927851771333789,0.014985014985014986,,,,,,0.17237313014190178
Flower_rat,point,点采样,0510_rpt_ND_B1_B3_median,pairwise_nd,0510,median,ND_B1_B3,33,-0.375084617578775,0.03148901565915633,-0.407324850341489,0.018635843714880904,0.407324850341489,0.05003463668073286,0.014985014985014986,,,,,,0.04458267227175355
Flower_rat,point,点采样,diff_rpt_ND_B1_B3_median,pairwise_nd,diff,median,ND_B1_B3,33,-0.2175957476155782,0.22381916707423088,-0.18989464374947404,0.28984186453330846,0.18989464374947404,0.39463084632612,0.014985014985014986,,,,,,0.37402829821518224
Flower_rat,point,点采样,0418_rpt_ND_B1_B4_median,pairwise_nd,0418,median,ND_B1_B4,33,-0.008573241264610322,0.9622332233162203,-0.037945348795208785,0.8339409986025623,0.037945348795208785,0.9366609067200465,0.014985014985014986,,,,,,0.8930688664230136
Flower_rat,point,点采样,0510_rpt_ND_B1_B4_median,pairwise_nd,0510,median,ND_B1_B4,33,0.23916943062043064,0.1800835087792824,0.23086218846642512,0.1961459054081064,0.23086218846642512,0.3038570165177254,0.014985014985014986,,,,,,0.2779105994620551
Flower_rat,point,点采样,diff_rpt_ND_B1_B4_median,pairwise_nd,diff,median,ND_B1_B4,33,0.2217645637654866,0.21485200010501254,0.213568511803122,0.232720189939469,0.213568511803122,0.33489002942508955,0.014985014985014986,,,,,,0.3162825014035318
Flower_rat,point,点采样,0418_rpt_ND_B1_B5_median,pairwise_nd,0418,median,ND_B1_B5,33,0.01910596436090125,0.9159529812691902,0.04449343995898375,0.8057893423662553,0.04449343995898375,0.9321876705805698,0.014985014985014986,,,,,,0.8716538625248883
Flower_rat,point,点采样,0510_rpt_ND_B1_B5_median,pairwise_nd,0510,median,ND_B1_B5,33,0.44421746398527434,0.009602799939808105,0.5356002772421062,0.0013175113937973857,0.5356002772421062,0.016810024836110226,0.014985014985014986,0.20308947586675258,0.7600513156598834,0.0035,0.0505,0.161,0.009109788504997843
Flower_rat,point,点采样,diff_rpt_ND_B1_B5_median,pairwise_nd,diff,median,ND_B1_B5,33,0.4582479182884506,0.007321026289688766,0.5992342913721246,0.00022884337037991674,0.5992342913721246,0.016810024836110226,0.014985014985014986,0.28500545115055886,0.8102382121201085,0.093,0.38,0.5065,0.007093024941597355
Flower_rat,point,点采样,0418_rpt_ND_B1_B6_median,pairwise_nd,0418,median,ND_B1_B6,33,-0.025560527842541383,0.8877157090399664,-0.03996014607637031,0.8252556702409748,0.03996014607637031,0.9366609067200465,0.014985014985014986,,,,,,0.888077901193575
Flower_rat,point,点采样,0510_rpt_ND_B1_B6_median,pairwise_nd,0510,median,ND_B1_B6,33,0.4537971093005865,0.007988599256327592,0.5549087511865709,0.000803581767937571,0.5549087511865709,0.016810024836110226,0.014985014985014986,0.2288494500117601,0.7754698442269423,0.0175,0.1285,0.2705,0.008834457357762558
Flower_rat,point,点采样,diff_rpt_ND_B1_B6_median,pairwise_nd,diff,median,ND_B1_B6,33,0.4695473645110369,0.005836048656039184,0.5888245054194566,0.000312429425837497,0.5888245054194566,0.016810024836110226,0.014985014985014986,0.26929939524706464,0.8056861791577238,0.0385,0.3175,0.446,0.007670964587010124
Flower_rat,point,点采样,0418_rpt_ND_B2_B3_median,pairwise_nd,0418,median,ND_B2_B3,33,-0.2676947070299193,0.132032285094832,-0.15312459336827616,0.3949081648105627,0.15312459336827616,0.49573578135794044,0.014985014985014986,,,,,,0.4813185078618615
Flower_rat,point,点采样,0510_rpt_ND_B2_B3_median,pairwise_nd,0510,median,ND_B2_B3,33,-0.3799341746447398,0.029189331077974317,-0.4392258072932132,0.010548102899209029,0.4392258072932132,0.03501025701925198,0.014985014985014986,,,,,,0.028351243165191203
Flower_rat,point,点采样,diff_rpt_ND_B2_B3_median,pairwise_nd,diff,median,ND_B2_B3,33,-0.17988027047975463,0.316492853436632,-0.2547039562935032,0.15258436945713347,0.2547039562935032,0.25968685955685217,0.014985014985014986,,,,,,0.23299708134779956
Flower_rat,point,点采样,0418_rpt_ND_B2_B4_median,pairwise_nd,0418,median,ND_B2_B4,33,-0.059545962126273624,0.7420284900266485,-0.014439380514990953,0.9364332219489949,0.014439380514990953,0.9715813948357379,0.014985014985014986,,,,,,0.9548548591020899
Flower_rat,point,点采样,0510_rpt_ND_B2_B4_median,pairwise_nd,0510,median,ND_B2_B4,33,0.33854238719934143,0.05396365010983419,0.35561172012500974,0.042255381344833226,0.35561172012500974,0.09713249997448677,0.014985014985014986,,,,,,0.0852416665831987
Flower_rat,point,点采样,diff_rpt_ND_B2_B4_median,pairwise_nd,diff,median,ND_B2_B4,33,0.36407140115062114,0.03726248998910654,0.3749201940694744,0.031569501458703596,0.3749201940694744,0.07654522956425393,0.014985014985014986,,,,,,0.06763339807341091
Flower_rat,point,点采样,0418_rpt_ND_B2_B5_median,pairwise_nd,0418,median,ND_B2_B5,33,0.009169759431539127,0.9596075119045041,0.06296241503629776,0.7277718630934067,0.06296241503629776,0.8530835746194237,0.014985014985014986,,,,,,0.8021395726711735
Flower_rat,point,点采样,0510_rpt_ND_B2_B5_median,pairwise_nd,0510,median,ND_B2_B5,33,0.4407461168448119,0.010252207370366672,0.5092400128135763,0.0024724218006700253,0.5092400128135763,0.016810024836110226,0.014985014985014986,,,,,,0.010390853783896998
Flower_rat,point,点采样,diff_rpt_ND_B2_B5_median,pairwise_nd,diff,median,ND_B2_B5,33,0.4520739757198392,0.008260606254372771,0.5359360767889666,0.0013065572519201114,0.5359360767889666,0.016810024836110226,0.014985014985014986,0.16251428476041552,0.8053634098365297,0.0265,0.1,0.1795,0.009109788504997843
Flower_rat,point,点采样,0418_rpt_ND_B2_B6_median,pairwise_nd,0418,median,ND_B2_B6,33,-0.03365936636068526,0.8524798633258351,-0.013935681194700572,0.9386464322989332,0.013935681194700572,0.9715813948357379,0.014985014985014986,,,,,,0.9550241235931349
Flower_rat,point,点采样,0510_rpt_ND_B2_B6_median,pairwise_nd,0510,median,ND_B2_B6,33,0.46115944918875174,0.0069105595115003,0.524686791969148,0.001720251266369822,0.524686791969148,0.016810024836110226,0.014985014985014986,0.16258145763913828,0.7825314495717339,0.0,0.0335,0.077,0.009413457076381488
Flower_rat,point,点采样,diff_rpt_ND_B2_B6_median,pairwise_nd,diff,median,ND_B2_B6,33,0.4766293024052426,0.005043516215646153,0.5300595847189121,0.001510242458082033,0.5300595847189121,0.016810024836110226,0.014985014985014986,0.1548976206076547,0.7979238303554608,0.0,0.0125,0.074,0.009163277638714667
Flower_rat,point,点采样,0418_rpt_ND_B3_B4_median,pairwise_nd,0418,median,ND_B3_B4,33,0.21042988776327626,0.23982054848721537,0.20114392856929258,0.2616712486828944,0.20114392856929258,0.35903729470443646,0.014985014985014986,,,,,,0.3465426189086451
Flower_rat,point,点采样,0510_rpt_ND_B3_B4_median,pairwise_nd,0510,median,ND_B3_B4,33,0.4236684856354721,0.01401371720583471,0.45500838599564514,0.007801985853989694,0.45500838599564514,0.028769822836586995,0.014985014985014986,,,,,,0.022890732081045237
Flower_rat,point,点采样,diff_rpt_ND_B3_B4_median,pairwise_nd,diff,median,ND_B3_B4,33,0.3313141617784957,0.059638551638889654,0.40598165215404797,0.0190663214366033,0.40598165215404797,0.05003463668073286,0.014985014985014986,,,,,,0.044808256675946796
Flower_rat,point,点采样,0418_rpt_ND_B3_B5_median,pairwise_nd,0418,median,ND_B3_B5,33,0.17064069927763442,0.3423930389574284,0.3319378520713618,0.05913107632132351,0.3319378520713618,0.12313177069263836,0.014985014985014986,,,,,,0.1127054018545349
Flower_rat,point,点采样,0510_rpt_ND_B3_B5_median,pairwise_nd,0510,median,ND_B3_B5,33,0.4370795007664824,0.010978099713249105,0.4674329692294745,0.00609241981008362,0.4674329692294745,0.025078100148483738,0.014985014985014986,,,,,,0.019042638803376942
Flower_rat,point,点采样,diff_rpt_ND_B3_B5_median,pairwise_nd,diff,median,ND_B3_B5,33,0.42416084701689677,0.013890978871661977,0.4702872653777868,0.005748545296247209,0.4702872653777868,0.024987728296049984,0.014985014985014986,,,,,,0.018336385509055197
Flower_rat,point,点采样,0418_rpt_ND_B3_B6_median,pairwise_nd,0418,median,ND_B3_B6,33,0.14112502633267857,0.43340702296646105,0.1724330673127408,0.33727069653034003,0.1724330673127408,0.42640652347050134,0.014985014985014986,,,,,,0.4176158724124847
Flower_rat,point,点采样,0510_rpt_ND_B3_B6_median,pairwise_nd,0510,median,ND_B3_B6,33,0.4512614233921364,0.008391579678271362,0.5144449057899103,0.0021920972596485,0.5144449057899103,0.016810024836110226,0.014985014985014986,,,,,,0.009952441573002678
Flower_rat,point,点采样,diff_rpt_ND_B3_B6_median,pairwise_nd,diff,median,ND_B3_B6,33,0.4460613284261458,0.009272264223108196,0.5115906096415981,0.0023421856175346307,0.5115906096415981,0.016810024836110226,0.014985014985014986,,,,,,0.010259432775398172
Flower_rat,point,点采样,0418_rpt_ND_B4_B5_median,pairwise_nd,0418,median,ND_B4_B5,33,0.04352274852177314,0.8099483722737363,0.026360264428529998,0.8842257498518276,0.026360264428529998,0.9651811872704958,0.014985014985014986,,,,,,0.9358849967234885
Flower_rat,point,点采样,0510_rpt_ND_B4_B5_median,pairwise_nd,0510,median,ND_B4_B5,33,0.448011364733921,0.008933241714336139,0.43284561590286835,0.011869818091868937,0.43284561590286835,0.038199232768378215,0.014985014985014986,,,,,,0.031021121231691085
Flower_rat,point,点采样,diff_rpt_ND_B4_B5_median,pairwise_nd,diff,median,ND_B4_B5,33,0.42448183332095846,0.013811448394226608,0.4148803401458447,0.016362223170414233,0.4148803401458447,0.048268558352721994,0.014985014985014986,,,,,,0.039549104191700726
Flower_rat,point,点采样,0418_rpt_ND_B4_B6_median,pairwise_nd,0418,median,ND_B4_B6,33,-0.012609099156697997,0.9444774308272658,-0.0742116998561163,0.681481303352043,0.0742116998561163,0.8205591203626641,0.014985014985014986,,,,,,0.7665124243851189
Flower_rat,point,点采样,0510_rpt_ND_B4_B6_median,pairwise_nd,0510,median,ND_B4_B6,33,0.4808991027887978,0.004611853219164563,0.4795217529164438,0.004747485295164287,0.4795217529164438,0.02344159325720846,0.014985014985014986,,,,,,0.015932065556218043
Flower_rat,point,点采样,diff_rpt_ND_B4_B6_median,pairwise_nd,diff,median,ND_B4_B6,33,0.4728133714131094,0.005458215479245458,0.48825254113481037,0.003942733750546519,0.48825254113481037,0.021808246057710437,0.014985014985014986,,,,,,0.014121192281228033
Flower_rat,point,点采样,0418_rpt_ND_B5_B6_median,pairwise_nd,0418,median,ND_B5_B6,33,-0.1773632037707713,0.3234242291386267,-0.0035258952420326745,0.9844631687128117,0.0035258952420326745,0.9996300223148135,0.014985014985014986,,,,,,0.9897673883718248
Flower_rat,point,点采样,0510_rpt_ND_B5_B6_median,pairwise_nd,0510,median,ND_B5_B6,33,0.3338295775417637,0.05761265460058476,0.4603811787454092,0.007018307770802102,0.4603811787454092,0.027005227726782,0.014985014985014986,,,,,,0.021054923312406305
Flower_rat,point,点采样,diff_rpt_ND_B5_B6_median,pairwise_nd,diff,median,ND_B5_B6,33,0.3510972172349057,0.045132068535562876,0.32790825750903874,0.062470678426771564,0.32790825750903874,0.12709551817860423,0.014985014985014986,,,,,,0.11703843970316842
Flower_rat,point,点采样,0418_rpt_NDVI_mean,predefined_index,0418,mean,NDVI,33,-0.14112502633267857,0.43340702296646105,-0.1724330673127408,0.33727069653034003,0.1724330673127408,0.42640652347050134,0.014985014985014986,,,,,,0.4176158724124847
Flower_rat,point,点采样,0418_rpt_GNDVI_mean,predefined_index,0418,mean,GNDVI,33,0.03365936636068526,0.8524798633258351,0.013935681194700572,0.9386464322989332,0.013935681194700572,0.9715813948357379,0.014985014985014986,,,,,,0.9550241235931349
Flower_rat,point,点采样,0418_rpt_NDRE1_mean,predefined_index,0418,mean,NDRE1,33,0.012609099156697997,0.9444774308272658,0.0742116998561163,0.681481303352043,0.0742116998561163,0.8205591203626641,0.014985014985014986,,,,,,0.7665124243851189
Flower_rat,point,点采样,0418_rpt_NDRE2_mean,predefined_index,0418,mean,NDRE2,33,0.1773632037707713,0.3234242291386267,0.0035258952420326745,0.9844631687128117,0.0035258952420326745,0.9996300223148135,0.014985014985014986,,,,,,0.9897673883718248
Flower_rat,point,点采样,0418_rpt_RENDVI1_mean,predefined_index,0418,mean,RENDVI1,33,-0.21042988776327626,0.23982054848721537,-0.20114392856929258,0.2616712486828944,0.20114392856929258,0.35903729470443646,0.014985014985014986,,,,,,0.3465426189086451
Flower_rat,point,点采样,0418_rpt_RENDVI2_mean,predefined_index,0418,mean,RENDVI2,33,-0.17064069927763442,0.3423930389574284,-0.3319378520713618,0.05913107632132351,0.3319378520713618,0.12313177069263836,0.014985014985014986,,,,,,0.1127054018545349
Flower_rat,point,点采样,0418_rpt_RVI_mean,predefined_index,0418,mean,RVI,33,-0.1937854682727608,0.27988705689176346,-0.1724330673127408,0.33727069653034003,0.1724330673127408,0.42640652347050134,0.014985014985014986,,,,,,0.4176158724124847
Flower_rat,point,点采样,0418_rpt_DVI_mean,predefined_index,0418,mean,DVI,33,0.019276064190145825,0.9152073856933066,-0.017629476210163374,0.9224277324565975,0.017629476210163374,0.9715813948357379,0.014985014985014986,,,,,,0.9456934987579655
Flower_rat,point,点采样,0418_rpt_SAVI_mean,predefined_index,0418,mean,SAVI,33,-0.14109188769281739,0.43351611673699125,-0.1724330673127408,0.33727069653034003,0.1724330673127408,0.42640652347050134,0.014985014985014986,,,,,,0.4176158724124847
Flower_rat,point,点采样,0418_rpt_EVI_mean,predefined_index,0418,mean,EVI,33,-0.3001358355158342,0.08968792689010785,-0.2924814053152819,0.09858813507052884,0.2924814053152819,0.189674998994387,0.014985014985014986,,,,,,0.16648457922317358
Flower_rat,point,点采样,0418_rpt_CI_RE1_mean,predefined_index,0418,mean,CI_RE1,33,0.016833710842150157,0.9259194068081401,0.0742116998561163,0.681481303352043,0.0742116998561163,0.8205591203626641,0.014985014985014986,,,,,,0.7665124243851189
Flower_rat,point,点采样,0418_rpt_CI_RE2_mean,predefined_index,0418,mean,CI_RE2,33,0.1719936897640798,0.3385220229025715,0.0035258952420326745,0.9844631687128117,0.0035258952420326745,0.9996300223148135,0.014985014985014986,,,,,,0.9897673883718248
Flower_rat,point,点采样,0510_rpt_NDVI_mean,predefined_index,0510,mean,NDVI,33,-0.4512614233921364,0.008391579678271362,-0.5144449057899103,0.0021920972596485,0.5144449057899103,0.016810024836110226,0.014985014985014986,,,,,,0.009952441573002678
Flower_rat,point,点采样,0510_rpt_GNDVI_mean,predefined_index,0510,mean,GNDVI,33,-0.46115944918875174,0.0069105595115003,-0.524686791969148,0.001720251266369822,0.524686791969148,0.016810024836110226,0.014985014985014986,-0.7825314495717339,-0.1625814576391388,0.0005,0.0355,0.078,0.009413457076381488
Flower_rat,point,点采样,0510_rpt_NDRE1_mean,predefined_index,0510,mean,NDRE1,33,-0.4808991027887978,0.004611853219164563,-0.4795217529164438,0.004747485295164287,0.4795217529164438,0.02344159325720846,0.014985014985014986,,,,,,0.015932065556218043
Flower_rat,point,点采样,0510_rpt_NDRE2_mean,predefined_index,0510,mean,NDRE2,33,-0.3338295775417637,0.05761265460058476,-0.4603811787454092,0.007018307770802102,0.4603811787454092,0.027005227726782,0.014985014985014986,,,,,,0.021054923312406305
Flower_rat,point,点采样,0510_rpt_RENDVI1_mean,predefined_index,0510,mean,RENDVI1,33,-0.4236684856354721,0.01401371720583471,-0.45500838599564514,0.007801985853989694,0.45500838599564514,0.028769822836586995,0.014985014985014986,,,,,,0.022890732081045237
Flower_rat,point,点采样,0510_rpt_RENDVI2_mean,predefined_index,0510,mean,RENDVI2,33,-0.4370795007664824,0.010978099713249105,-0.4674329692294745,0.00609241981008362,0.4674329692294745,0.025078100148483738,0.014985014985014986,,,,,,0.019042638803376942
Flower_rat,point,点采样,0510_rpt_RVI_mean,predefined_index,0510,mean,RVI,33,-0.5104573734061071,0.0024042084499224146,-0.5144449057899103,0.0021920972596485,0.5144449057899103,0.016810024836110226,0.014985014985014986,-0.7728516042804331,-0.16231194642945493,0.0005,0.008,0.0295,0.009952441573002678
Flower_rat,point,点采样,0510_rpt_DVI_mean,predefined_index,0510,mean,DVI,33,-0.32828573644826325,0.062151679281478606,-0.39980276791282665,0.021154403171895573,0.39980276791282665,0.05306245188353578,0.014985014985014986,,,,,,0.04855364860855737
Flower_rat,point,点采样,0510_rpt_SAVI_mean,predefined_index,0510,mean,SAVI,33,-0.45126255738800203,0.008391395669660073,-0.5144449057899103,0.0021920972596485,0.5144449057899103,0.016810024836110226,0.014985014985014986,-0.7728516042804331,-0.16231194642945493,0.0005,0.0045,0.0275,0.009952441573002678
Flower_rat,point,点采样,0510_rpt_EVI_mean,predefined_index,0510,mean,EVI,33,-0.41875390693455045,0.015289484617984374,-0.4422480032149555,0.009966821075312438,0.4422480032149555,0.03501025701925198,0.014985014985014986,,,,,,0.027471326627079774
Flower_rat,point,点采样,0510_rpt_CI_RE1_mean,predefined_index,0510,mean,CI_RE1,33,-0.5002293011601527,0.003031751067061908,-0.4795217529164438,0.004747485295164287,0.4795217529164438,0.02344159325720846,0.014985014985014986,,,,,,0.015932065556218043
Flower_rat,point,点采样,0510_rpt_CI_RE2_mean,predefined_index,0510,mean,CI_RE2,33,-0.3373383362559754,0.054877989048900226,-0.4603811787454092,0.007018307770802102,0.4603811787454092,0.027005227726782,0.014985014985014986,,,,,,0.021054923312406305
Flower_rat,point,点采样,diff_rpt_NDVI_mean,predefined_index,diff,mean,NDVI,33,-0.4460613284261458,0.009272264223108196,-0.5115906096415981,0.0023421856175346307,0.5115906096415981,0.016810024836110226,0.014985014985014986,,,,,,0.010259432775398172
Flower_rat,point,点采样,ratio_rpt_NDVI_mean,predefined_index,ratio,mean,NDVI,33,-0.4481672326929593,0.008906603421585,-0.5060499171184039,0.0026592129684242165,0.5060499171184039,0.016810024836110226,0.014985014985014986,,,,,,0.010787155215390408
Flower_rat,point,点采样,rel_rpt_NDVI_mean,predefined_index,rel,mean,NDVI,33,-0.44816723269295927,0.008906603421585,-0.5060499171184039,0.0026592129684242165,0.5060499171184039,0.016810024836110226,0.014985014985014986,,,,,,0.010787155215390408
Flower_rat,point,点采样,diff_rpt_GNDVI_mean,predefined_index,diff,mean,GNDVI,33,-0.4766293024052426,0.005043516215646153,-0.5300595847189121,0.001510242458082033,0.5300595847189121,0.016810024836110226,0.014985014985014986,-0.7979238303554608,-0.15489762060765477,0.0,0.0185,0.076,0.009163277638714667
Flower_rat,point,点采样,ratio_rpt_GNDVI_mean,predefined_index,ratio,mean,GNDVI,33,-0.47685094853853094,0.005020283958767531,-0.5408051702184402,0.001156456872050768,0.5408051702184402,0.016810024836110226,0.014985014985014986,-0.8004878882272763,-0.17145281072925142,0.0,0.0485,0.1485,0.009109788504997843
Flower_rat,point,点采样,rel_rpt_GNDVI_mean,predefined_index,rel,mean,GNDVI,33,-0.47685094853853077,0.0050202839587675544,-0.5408051702184402,0.001156456872050768,0.5408051702184402,0.016810024836110226,0.014985014985014986,-0.8004878882272763,-0.17145281072925142,0.0005,0.045,0.146,0.009109788504997843
Flower_rat,point,点采样,diff_rpt_NDRE1_mean,predefined_index,diff,mean,NDRE1,33,-0.4728133714131094,0.005458215479245458,-0.48825254113481037,0.003942733750546519,0.48825254113481037,0.021808246057710437,0.014985014985014986,,,,,,0.014121192281228033
Flower_rat,point,点采样,ratio_rpt_NDRE1_mean,predefined_index,ratio,mean,NDRE1,33,-0.48167553683975056,0.004536874828240739,-0.5095758123604366,0.0024534397221239535,0.5095758123604366,0.016810024836110226,0.014985014985014986,,,,,,0.010357734211500673
Flower_rat,point,点采样,rel_rpt_NDRE1_mean,predefined_index,rel,mean,NDRE1,33,-0.48167553683975034,0.0045368748282407605,-0.5095758123604366,0.0024534397221239535,0.5095758123604366,0.016810024836110226,0.014985014985014986,,,,,,0.010357734211500673
Flower_rat,point,点采样,diff_rpt_NDRE2_mean,predefined_index,diff,mean,NDRE2,33,-0.3510972172349057,0.045132068535562876,-0.32790825750903874,0.062470678426771564,0.32790825750903874,0.12709551817860423,0.014985014985014986,,,,,,0.11703843970316842
Flower_rat,point,点采样,ratio_rpt_NDRE2_mean,predefined_index,ratio,mean,NDRE2,33,-0.3841757966092108,0.027292272245449035,-0.4189099347081678,0.015247538157383951,0.4189099347081678,0.04574261447215185,0.014985014985014986,,,,,,0.037585080847659776
Flower_rat,point,点采样,rel_rpt_NDRE2_mean,predefined_index,rel,mean,NDRE2,33,-0.3841757966092108,0.027292272245449035,-0.4189099347081678,0.015247538157383951,0.4189099347081678,0.04574261447215185,0.014985014985014986,,,,,,0.037585080847659776
Flower_rat,point,点采样,diff_rpt_RENDVI1_mean,predefined_index,diff,mean,RENDVI1,33,-0.3313141617784957,0.059638551638889654,-0.40598165215404797,0.0190663214366033,0.40598165215404797,0.05003463668073286,0.014985014985014986,,,,,,0.044808256675946796
Flower_rat,point,点采样,ratio_rpt_RENDVI1_mean,predefined_index,ratio,mean,RENDVI1,33,-0.35665702662764925,0.041610788922196586,-0.4239469279110716,0.013944194457289838,0.4239469279110716,0.04330039331474213,0.014985014985014986,,,,,,0.035161982239598426
Flower_rat,point,点采样,rel_rpt_RENDVI1_mean,predefined_index,rel,mean,RENDVI1,33,-0.3566570266276491,0.041610788922196586,-0.4239469279110716,0.013944194457289838,0.4239469279110716,0.04330039331474213,0.014985014985014986,,,,,,0.035161982239598426
Flower_rat,point,点采样,diff_rpt_RENDVI2_mean,predefined_index,diff,mean,RENDVI2,33,-0.42416084701689677,0.013890978871661977,-0.4702872653777868,0.005748545296247209,0.4702872653777868,0.024987728296049984,0.014985014985014986,,,,,,0.018336385509055197
Flower_rat,point,点采样,ratio_rpt_RENDVI2_mean,predefined_index,ratio,mean,RENDVI2,33,-0.4275454319131245,0.013071422007102927,-0.4699514658309265,0.005788117853887284,0.4699514658309265,0.024987728296049984,0.014985014985014986,,,,,,0.01833722905832542
Flower_rat,point,点采样,rel_rpt_RENDVI2_mean,predefined_index,rel,mean,RENDVI2,33,-0.4275454319131246,0.013071422007102873,-0.4699514658309265,0.005788117853887284,0.4699514658309265,0.024987728296049984,0.014985014985014986,,,,,,0.01833722905832542
Flower_rat,point,点采样,diff_rpt_RVI_mean,predefined_index,diff,mean,RVI,33,-0.27527871207790205,0.12101891894081211,-0.297854198065046,0.09227396718742212,0.297854198065046,0.1794779361777331,0.014985014985014986,,,,,,0.15753268323122568
Flower_rat,point,点采样,ratio_rpt_RVI_mean,predefined_index,ratio,mean,RVI,33,-0.48281422802950125,0.004428812409173911,-0.47801065495557266,0.004900220059416458,0.47801065495557266,0.02344159325720846,0.014985014985014986,,,,,,0.016241226697817246
Flower_rat,point,点采样,rel_rpt_RVI_mean,predefined_index,rel,mean,RVI,33,-0.48281422802950147,0.004428812409173911,-0.47801065495557266,0.004900220059416458,0.47801065495557266,0.02344159325720846,0.014985014985014986,,,,,,0.016241226697817246
Flower_rat,point,点采样,diff_rpt_DVI_mean,predefined_index,diff,mean,DVI,33,-0.4459191446752701,0.009297404466555631,-0.5273731883440301,0.001612259639217593,0.5273731883440301,0.016810024836110226,0.014985014985014986,-0.7034474230884256,-0.25265032716327246,0.027,0.1215,0.2035,0.009163277638714667
Flower_rat,point,点采样,ratio_rpt_DVI_mean,predefined_index,ratio,mean,DVI,33,-0.44394607344746606,0.00965228262887469,-0.5162918032976417,0.002099506413974465,0.5162918032976417,0.016810024836110226,0.014985014985014986,-0.7197764783068499,-0.2255999380412226,0.005,0.0635,0.1125,0.009843414493659176
Flower_rat,point,点采样,rel_rpt_DVI_mean,predefined_index,rel,mean,DVI,33,-0.44394607344746634,0.00965228262887465,-0.5162918032976417,0.002099506413974465,0.5162918032976417,0.016810024836110226,0.014985014985014986,-0.7197764783068499,-0.2255999380412226,0.0055,0.064,0.109,0.009843414493659176
Flower_rat,point,点采样,diff_rpt_SAVI_mean,predefined_index,diff,mean,SAVI,33,-0.44606798897210753,0.009271087952153355,-0.5115906096415981,0.0023421856175346307,0.5115906096415981,0.016810024836110226,0.014985014985014986,,,,,,0.010259432775398172
Flower_rat,point,点采样,ratio_rpt_SAVI_mean,predefined_index,ratio,mean,SAVI,33,-0.44817313122426955,0.008905596670468528,-0.5060499171184039,0.0026592129684242165,0.5060499171184039,0.016810024836110226,0.014985014985014986,,,,,,0.010787155215390408
Flower_rat,point,点采样,rel_rpt_SAVI_mean,predefined_index,rel,mean,SAVI,33,-0.4481731312242697,0.00890559667046849,-0.5060499171184039,0.0026592129684242165,0.5060499171184039,0.016810024836110226,0.014985014985014986,,,,,,0.010787155215390408
Flower_rat,point,点采样,diff_rpt_EVI_mean,predefined_index,diff,mean,EVI,33,-0.37475713987659054,0.031649482479432924,-0.3952360666545198,0.022816428866431985,0.3952360666545198,0.05609038762997863,0.014985014985014986,,,,,,0.05154413591375555
Flower_rat,point,点采样,ratio_rpt_EVI_mean,predefined_index,ratio,mean,EVI,33,-0.39103622372484287,0.024438707083033192,-0.4063174517009082,0.018957935166323787,0.4063174517009082,0.05003463668073286,0.014985014985014986,,,,,,0.044808256675946796
Flower_rat,point,点采样,rel_rpt_EVI_mean,predefined_index,rel,mean,EVI,33,-0.3910362237248429,0.024438707083033192,-0.4063174517009082,0.018957935166323787,0.4063174517009082,0.05003463668073286,0.014985014985014986,,,,,,0.044808256675946796
Flower_rat,point,点采样,diff_rpt_CI_RE1_mean,predefined_index,diff,mean,CI_RE1,33,-0.37946899335843,0.029403786215349986,-0.399433560990273,0.02128493832616407,0.399433560990273,0.05306245188353578,0.014985014985014986,,,,,,0.0486140696653882
Flower_rat,point,点采样,ratio_rpt_CI_RE1_mean,predefined_index,ratio,mean,CI_RE1,33,-0.4808305016814207,0.004618528824274565,-0.48825254113481037,0.003942733750546519,0.48825254113481037,0.021808246057710437,0.014985014985014986,,,,,,0.014121192281228033
Flower_rat,point,点采样,rel_rpt_CI_RE1_mean,predefined_index,rel,mean,CI_RE1,33,-0.4808305016814207,0.004618528824274565,-0.48825254113481037,0.003942733750546519,0.48825254113481037,0.021808246057710437,0.014985014985014986,,,,,,0.014121192281228033
Flower_rat,point,点采样,diff_rpt_CI_RE2_mean,predefined_index,diff,mean,CI_RE2,33,-0.3477462979725729,0.0473671153354028,-0.32371076317328557,0.06610527727390615,0.32371076317328557,0.13296175088047033,0.014985014985014986,,,,,,0.12273875362498396
Flower_rat,point,点采样,ratio_rpt_CI_RE2_mean,predefined_index,ratio,mean,CI_RE2,33,-0.3902809424330584,0.024740290115171055,-0.40598165215404797,0.0190663214366033,0.40598165215404797,0.05003463668073286,0.014985014985014986,,,,,,0.044808256675946796
Flower_rat,point,点采样,rel_rpt_CI_RE2_mean,predefined_index,rel,mean,CI_RE2,33,-0.3902809424330584,0.024740290115171055,-0.40598165215404797,0.0190663214366033,0.40598165215404797,0.05003463668073286,0.014985014985014986,,,,,,0.044808256675946796
Flower_rat,point,点采样,0418_rpt_NDVI_median,predefined_index,0418,median,NDVI,33,-0.14112502633267857,0.43340702296646105,-0.1724330673127408,0.33727069653034003,0.1724330673127408,0.42640652347050134,0.014985014985014986,,,,,,0.4176158724124847
Flower_rat,point,点采样,0418_rpt_GNDVI_median,predefined_index,0418,median,GNDVI,33,0.03365936636068526,0.8524798633258351,0.013935681194700572,0.9386464322989332,0.013935681194700572,0.9715813948357379,0.014985014985014986,,,,,,0.9550241235931349
Flower_rat,point,点采样,0418_rpt_NDRE1_median,predefined_index,0418,median,NDRE1,33,0.012609099156697997,0.9444774308272658,0.0742116998561163,0.681481303352043,0.0742116998561163,0.8205591203626641,0.014985014985014986,,,,,,0.7665124243851189
Flower_rat,point,点采样,0418_rpt_NDRE2_median,predefined_index,0418,median,NDRE2,33,0.1773632037707713,0.3234242291386267,0.0035258952420326745,0.9844631687128117,0.0035258952420326745,0.9996300223148135,0.014985014985014986,,,,,,0.9897673883718248
Flower_rat,point,点采样,0418_rpt_RENDVI1_median,predefined_index,0418,median,RENDVI1,33,-0.21042988776327626,0.23982054848721537,-0.20114392856929258,0.2616712486828944,0.20114392856929258,0.35903729470443646,0.014985014985014986,,,,,,0.3465426189086451
Flower_rat,point,点采样,0418_rpt_RENDVI2_median,predefined_index,0418,median,RENDVI2,33,-0.17064069927763442,0.3423930389574284,-0.3319378520713618,0.05913107632132351,0.3319378520713618,0.12313177069263836,0.014985014985014986,,,,,,0.1127054018545349
Flower_rat,point,点采样,0418_rpt_RVI_median,predefined_index,0418,median,RVI,33,-0.1937854682727608,0.27988705689176346,-0.1724330673127408,0.33727069653034003,0.1724330673127408,0.42640652347050134,0.014985014985014986,,,,,,0.4176158724124847
Flower_rat,point,点采样,0418_rpt_DVI_median,predefined_index,0418,median,DVI,33,0.019276064190145825,0.9152073856933066,-0.017629476210163374,0.9224277324565975,0.017629476210163374,0.9715813948357379,0.014985014985014986,,,,,,0.9456934987579655
Flower_rat,point,点采样,0418_rpt_SAVI_median,predefined_index,0418,median,SAVI,33,-0.14109188769281739,0.43351611673699125,-0.1724330673127408,0.33727069653034003,0.1724330673127408,0.42640652347050134,0.014985014985014986,,,,,,0.4176158724124847
Flower_rat,point,点采样,0418_rpt_EVI_median,predefined_index,0418,median,EVI,33,-0.3001358355158342,0.08968792689010785,-0.2924814053152819,0.09858813507052884,0.2924814053152819,0.189674998994387,0.014985014985014986,,,,,,0.16648457922317358
Flower_rat,point,点采样,0418_rpt_CI_RE1_median,predefined_index,0418,median,CI_RE1,33,0.016833710842150157,0.9259194068081401,0.0742116998561163,0.681481303352043,0.0742116998561163,0.8205591203626641,0.014985014985014986,,,,,,0.7665124243851189
Flower_rat,point,点采样,0418_rpt_CI_RE2_median,predefined_index,0418,median,CI_RE2,33,0.1719936897640798,0.3385220229025715,0.0035258952420326745,0.9844631687128117,0.0035258952420326745,0.9996300223148135,0.014985014985014986,,,,,,0.9897673883718248
Flower_rat,point,点采样,0510_rpt_NDVI_median,predefined_index,0510,median,NDVI,33,-0.4512614233921364,0.008391579678271362,-0.5144449057899103,0.0021920972596485,0.5144449057899103,0.016810024836110226,0.014985014985014986,,,,,,0.009952441573002678
Flower_rat,point,点采样,0510_rpt_GNDVI_median,predefined_index,0510,median,GNDVI,33,-0.46115944918875174,0.0069105595115003,-0.524686791969148,0.001720251266369822,0.524686791969148,0.016810024836110226,0.014985014985014986,-0.7825314495717339,-0.1625814576391388,0.011,0.0415,0.088,0.009413457076381488
Flower_rat,point,点采样,0510_rpt_NDRE1_median,predefined_index,0510,median,NDRE1,33,-0.4808991027887978,0.004611853219164563,-0.4795217529164438,0.004747485295164287,0.4795217529164438,0.02344159325720846,0.014985014985014986,,,,,,0.015932065556218043
Flower_rat,point,点采样,0510_rpt_NDRE2_median,predefined_index,0510,median,NDRE2,33,-0.3338295775417637,0.05761265460058476,-0.4603811787454092,0.007018307770802102,0.4603811787454092,0.027005227726782,0.014985014985014986,,,,,,0.021054923312406305
Flower_rat,point,点采样,0510_rpt_RENDVI1_median,predefined_index,0510,median,RENDVI1,33,-0.4236684856354721,0.01401371720583471,-0.45500838599564514,0.007801985853989694,0.45500838599564514,0.028769822836586995,0.014985014985014986,,,,,,0.022890732081045237
Flower_rat,point,点采样,0510_rpt_RENDVI2_median,predefined_index,0510,median,RENDVI2,33,-0.4370795007664824,0.010978099713249105,-0.4674329692294745,0.00609241981008362,0.4674329692294745,0.025078100148483738,0.014985014985014986,,,,,,0.019042638803376942
Flower_rat,point,点采样,0510_rpt_RVI_median,predefined_index,0510,median,RVI,33,-0.5104573734061071,0.0024042084499224146,-0.5144449057899103,0.0021920972596485,0.5144449057899103,0.016810024836110226,0.014985014985014986,,,,,,0.009952441573002678
Flower_rat,point,点采样,0510_rpt_DVI_median,predefined_index,0510,median,DVI,33,-0.32828573644826325,0.062151679281478606,-0.39980276791282665,0.021154403171895573,0.39980276791282665,0.05306245188353578,0.014985014985014986,,,,,,0.04855364860855737
Flower_rat,point,点采样,0510_rpt_SAVI_median,predefined_index,0510,median,SAVI,33,-0.45126255738800203,0.008391395669660073,-0.5144449057899103,0.0021920972596485,0.5144449057899103,0.016810024836110226,0.014985014985014986,,,,,,0.009952441573002678
Flower_rat,point,点采样,0510_rpt_EVI_median,predefined_index,0510,median,EVI,33,-0.41875390693455045,0.015289484617984374,-0.4422480032149555,0.009966821075312438,0.4422480032149555,0.03501025701925198,0.014985014985014986,,,,,,0.027471326627079774
Flower_rat,point,点采样,0510_rpt_CI_RE1_median,predefined_index,0510,median,CI_RE1,33,-0.5002293011601527,0.003031751067061908,-0.4795217529164438,0.004747485295164287,0.4795217529164438,0.02344159325720846,0.014985014985014986,,,,,,0.015932065556218043
Flower_rat,point,点采样,0510_rpt_CI_RE2_median,predefined_index,0510,median,CI_RE2,33,-0.3373383362559754,0.054877989048900226,-0.4603811787454092,0.007018307770802102,0.4603811787454092,0.027005227726782,0.014985014985014986,,,,,,0.021054923312406305
Flower_rat,point,点采样,diff_rpt_NDVI_median,predefined_index,diff,median,NDVI,33,-0.4460613284261458,0.009272264223108196,-0.5115906096415981,0.0023421856175346307,0.5115906096415981,0.016810024836110226,0.014985014985014986,,,,,,0.010259432775398172
Flower_rat,point,点采样,ratio_rpt_NDVI_median,predefined_index,ratio,median,NDVI,33,-0.4481672326929593,0.008906603421585,-0.5060499171184039,0.0026592129684242165,0.5060499171184039,0.016810024836110226,0.014985014985014986,,,,,,0.010787155215390408
Flower_rat,point,点采样,rel_rpt_NDVI_median,predefined_index,rel,median,NDVI,33,-0.44816723269295927,0.008906603421585,-0.5060499171184039,0.0026592129684242165,0.5060499171184039,0.016810024836110226,0.014985014985014986,,,,,,0.010787155215390408
Flower_rat,point,点采样,diff_rpt_GNDVI_median,predefined_index,diff,median,GNDVI,33,-0.4766293024052426,0.005043516215646153,-0.5300595847189121,0.001510242458082033,0.5300595847189121,0.016810024836110226,0.014985014985014986,-0.7979238303554608,-0.15489762060765477,0.0025,0.02,0.077,0.009163277638714667
Flower_rat,point,点采样,ratio_rpt_GNDVI_median,predefined_index,ratio,median,GNDVI,33,-0.47685094853853094,0.005020283958767531,-0.5408051702184402,0.001156456872050768,0.5408051702184402,0.016810024836110226,0.014985014985014986,-0.8004878882272763,-0.17145281072925142,0.0125,0.0545,0.165,0.009109788504997843
Flower_rat,point,点采样,rel_rpt_GNDVI_median,predefined_index,rel,median,GNDVI,33,-0.47685094853853077,0.0050202839587675544,-0.5408051702184402,0.001156456872050768,0.5408051702184402,0.016810024836110226,0.014985014985014986,-0.8004878882272763,-0.17145281072925142,0.0115,0.059,0.162,0.009109788504997843
Flower_rat,point,点采样,diff_rpt_NDRE1_median,predefined_index,diff,median,NDRE1,33,-0.4728133714131094,0.005458215479245458,-0.48825254113481037,0.003942733750546519,0.48825254113481037,0.021808246057710437,0.014985014985014986,,,,,,0.014121192281228033
Flower_rat,point,点采样,ratio_rpt_NDRE1_median,predefined_index,ratio,median,NDRE1,33,-0.48167553683975056,0.004536874828240739,-0.5095758123604366,0.0024534397221239535,0.5095758123604366,0.016810024836110226,0.014985014985014986,,,,,,0.010357734211500673
Flower_rat,point,点采样,rel_rpt_NDRE1_median,predefined_index,rel,median,NDRE1,33,-0.48167553683975034,0.0045368748282407605,-0.5095758123604366,0.0024534397221239535,0.5095758123604366,0.016810024836110226,0.014985014985014986,,,,,,0.010357734211500673
Flower_rat,point,点采样,diff_rpt_NDRE2_median,predefined_index,diff,median,NDRE2,33,-0.3510972172349057,0.045132068535562876,-0.32790825750903874,0.062470678426771564,0.32790825750903874,0.12709551817860423,0.014985014985014986,,,,,,0.11703843970316842
Flower_rat,point,点采样,ratio_rpt_NDRE2_median,predefined_index,ratio,median,NDRE2,33,-0.3841757966092108,0.027292272245449035,-0.4189099347081678,0.015247538157383951,0.4189099347081678,0.04574261447215185,0.014985014985014986,,,,,,0.037585080847659776
Flower_rat,point,点采样,rel_rpt_NDRE2_median,predefined_index,rel,median,NDRE2,33,-0.3841757966092108,0.027292272245449035,-0.4189099347081678,0.015247538157383951,0.4189099347081678,0.04574261447215185,0.014985014985014986,,,,,,0.037585080847659776
Flower_rat,point,点采样,diff_rpt_RENDVI1_median,predefined_index,diff,median,RENDVI1,33,-0.3313141617784957,0.059638551638889654,-0.40598165215404797,0.0190663214366033,0.40598165215404797,0.05003463668073286,0.014985014985014986,,,,,,0.044808256675946796
Flower_rat,point,点采样,ratio_rpt_RENDVI1_median,predefined_index,ratio,median,RENDVI1,33,-0.35665702662764925,0.041610788922196586,-0.4239469279110716,0.013944194457289838,0.4239469279110716,0.04330039331474213,0.014985014985014986,,,,,,0.035161982239598426
Flower_rat,point,点采样,rel_rpt_RENDVI1_median,predefined_index,rel,median,RENDVI1,33,-0.3566570266276491,0.041610788922196586,-0.4239469279110716,0.013944194457289838,0.4239469279110716,0.04330039331474213,0.014985014985014986,,,,,,0.035161982239598426
Flower_rat,point,点采样,diff_rpt_RENDVI2_median,predefined_index,diff,median,RENDVI2,33,-0.42416084701689677,0.013890978871661977,-0.4702872653777868,0.005748545296247209,0.4702872653777868,0.024987728296049984,0.014985014985014986,,,,,,0.018336385509055197
Flower_rat,point,点采样,ratio_rpt_RENDVI2_median,predefined_index,ratio,median,RENDVI2,33,-0.4275454319131245,0.013071422007102927,-0.4699514658309265,0.005788117853887284,0.4699514658309265,0.024987728296049984,0.014985014985014986,,,,,,0.01833722905832542
Flower_rat,point,点采样,rel_rpt_RENDVI2_median,predefined_index,rel,median,RENDVI2,33,-0.4275454319131246,0.013071422007102873,-0.4699514658309265,0.005788117853887284,0.4699514658309265,0.024987728296049984,0.014985014985014986,,,,,,0.01833722905832542
Flower_rat,point,点采样,diff_rpt_RVI_median,predefined_index,diff,median,RVI,33,-0.27527871207790205,0.12101891894081211,-0.297854198065046,0.09227396718742212,0.297854198065046,0.1794779361777331,0.014985014985014986,,,,,,0.15753268323122568
Flower_rat,point,点采样,ratio_rpt_RVI_median,predefined_index,ratio,median,RVI,33,-0.48281422802950125,0.004428812409173911,-0.47801065495557266,0.004900220059416458,0.47801065495557266,0.02344159325720846,0.014985014985014986,,,,,,0.016241226697817246
Flower_rat,point,点采样,rel_rpt_RVI_median,predefined_index,rel,median,RVI,33,-0.48281422802950147,0.004428812409173911,-0.47801065495557266,0.004900220059416458,0.47801065495557266,0.02344159325720846,0.014985014985014986,,,,,,0.016241226697817246
Flower_rat,point,点采样,diff_rpt_DVI_median,predefined_index,diff,median,DVI,33,-0.4459191446752701,0.009297404466555631,-0.5273731883440301,0.001612259639217593,0.5273731883440301,0.016810024836110226,0.014985014985014986,-0.7034474230884256,-0.25265032716327246,0.0565,0.1305,0.203,0.009163277638714667
Flower_rat,point,点采样,ratio_rpt_DVI_median,predefined_index,ratio,median,DVI,33,-0.44394607344746606,0.00965228262887469,-0.5162918032976417,0.002099506413974465,0.5162918032976417,0.016810024836110226,0.014985014985014986,-0.7197764783068499,-0.2255999380412226,0.006,0.0405,0.112,0.009843414493659176
Flower_rat,point,点采样,rel_rpt_DVI_median,predefined_index,rel,median,DVI,33,-0.44394607344746634,0.00965228262887465,-0.5162918032976417,0.002099506413974465,0.5162918032976417,0.016810024836110226,0.014985014985014986,-0.7197764783068499,-0.2255999380412226,0.0045,0.0485,0.109,0.009843414493659176
Flower_rat,point,点采样,diff_rpt_SAVI_median,predefined_index,diff,median,SAVI,33,-0.44606798897210753,0.009271087952153355,-0.5115906096415981,0.0023421856175346307,0.5115906096415981,0.016810024836110226,0.014985014985014986,,,,,,0.010259432775398172
Flower_rat,point,点采样,ratio_rpt_SAVI_median,predefined_index,ratio,median,SAVI,33,-0.44817313122426955,0.008905596670468528,-0.5060499171184039,0.0026592129684242165,0.5060499171184039,0.016810024836110226,0.014985014985014986,,,,,,0.010787155215390408
Flower_rat,point,点采样,rel_rpt_SAVI_median,predefined_index,rel,median,SAVI,33,-0.4481731312242697,0.00890559667046849,-0.5060499171184039,0.0026592129684242165,0.5060499171184039,0.016810024836110226,0.014985014985014986,,,,,,0.010787155215390408
Flower_rat,point,点采样,diff_rpt_EVI_median,predefined_index,diff,median,EVI,33,-0.37475713987659054,0.031649482479432924,-0.3952360666545198,0.022816428866431985,0.3952360666545198,0.05609038762997863,0.014985014985014986,,,,,,0.05154413591375555
Flower_rat,point,点采样,ratio_rpt_EVI_median,predefined_index,ratio,median,EVI,33,-0.39103622372484287,0.024438707083033192,-0.4063174517009082,0.018957935166323787,0.4063174517009082,0.05003463668073286,0.014985014985014986,,,,,,0.044808256675946796
Flower_rat,point,点采样,rel_rpt_EVI_median,predefined_index,rel,median,EVI,33,-0.3910362237248429,0.024438707083033192,-0.4063174517009082,0.018957935166323787,0.4063174517009082,0.05003463668073286,0.014985014985014986,,,,,,0.044808256675946796
Flower_rat,point,点采样,diff_rpt_CI_RE1_median,predefined_index,diff,median,CI_RE1,33,-0.37946899335843,0.029403786215349986,-0.399433560990273,0.02128493832616407,0.399433560990273,0.05306245188353578,0.014985014985014986,,,,,,0.0486140696653882
Flower_rat,point,点采样,ratio_rpt_CI_RE1_median,predefined_index,ratio,median,CI_RE1,33,-0.4808305016814207,0.004618528824274565,-0.48825254113481037,0.003942733750546519,0.48825254113481037,0.021808246057710437,0.014985014985014986,,,,,,0.014121192281228033
Flower_rat,point,点采样,rel_rpt_CI_RE1_median,predefined_index,rel,median,CI_RE1,33,-0.4808305016814207,0.004618528824274565,-0.48825254113481037,0.003942733750546519,0.48825254113481037,0.021808246057710437,0.014985014985014986,,,,,,0.014121192281228033
Flower_rat,point,点采样,diff_rpt_CI_RE2_median,predefined_index,diff,median,CI_RE2,33,-0.3477462979725729,0.0473671153354028,-0.32371076317328557,0.06610527727390615,0.32371076317328557,0.13296175088047033,0.014985014985014986,,,,,,0.12273875362498396
Flower_rat,point,点采样,ratio_rpt_CI_RE2_median,predefined_index,ratio,median,CI_RE2,33,-0.3902809424330584,0.024740290115171055,-0.40598165215404797,0.0190663214366033,0.40598165215404797,0.05003463668073286,0.014985014985014986,,,,,,0.044808256675946796
Flower_rat,point,点采样,rel_rpt_CI_RE2_median,predefined_index,rel,median,CI_RE2,33,-0.3902809424330584,0.024740290115171055,-0.40598165215404797,0.0190663214366033,0.40598165215404797,0.05003463668073286,0.014985014985014986,,,,,,0.044808256675946796
Flower_rat,one_sqft,1 ft²,0418_r0p172_B1_mean,raw_band,0418,mean,B1,33,0.0394813745577928,0.8273177432543265,0.05406372704450101,0.7650805388007117,0.05406372704450101,0.8530986538839793,0.005994005994005994,,,,,,0.8348773598842854
Flower_rat,one_sqft,1 ft²,0418_r0p172_B1_median,raw_band,0418,median,B1,33,0.07268899949032756,0.6876852362725482,0.11377111063970417,0.5284217682461035,0.11377111063970417,0.6506300599251699,0.005994005994005994,,,,,,0.6185916057385378
Flower_rat,one_sqft,1 ft²,0418_r0p172_B1_std,raw_band,0418,std,B1,33,-0.3540792189514285,0.04321489242599127,-0.28761231188580816,0.10458877169328473,0.28761231188580816,0.191915318932338,0.005994005994005994,,,,,,0.17425236426756188
Flower_rat,one_sqft,1 ft²,0418_r0p172_B1_min,raw_band,0418,min,B1,33,0.22181130354685583,0.21475287907587262,0.1581040600255077,0.379529193630346,0.1581040600255077,0.5073831683338146,0.005994005994005994,,,,,,0.46480681545213653
Flower_rat,one_sqft,1 ft²,0418_r0p172_B1_max,raw_band,0418,max,B1,33,-0.19312120199670302,0.2815707697082245,-0.14401015904512077,0.42396708778867165,0.14401015904512077,0.5564568027226315,0.005994005994005994,,,,,,0.5123850944388998
Flower_rat,one_sqft,1 ft²,0418_r0p172_B1_p25,raw_band,0418,p25,B1,33,0.15166667395055433,0.3994777491508134,0.13482351806439227,0.45442143642045074,0.13482351806439227,0.5803084559693594,0.005994005994005994,,,,,,0.5414753514435255
Flower_rat,one_sqft,1 ft²,0418_r0p172_B1_p75,raw_band,0418,p75,B1,33,-0.0779741701442484,0.666240147256503,-0.006884465974139393,0.969668777316933,0.006884465974139393,0.9774261275354685,0.005994005994005994,,,,,,0.9812400572781532
Flower_rat,one_sqft,1 ft²,0418_r0p172_B1_valid_count,other,0418,unknown,0418_r0p172_B1_valid_count,33,-0.03478015801090499,0.8476240161111872,-0.022187940765389443,0.9024553225539618,0.022187940765389443,0.9269785650146672,0.005994005994005994,,,,,,0.9418241789069869
Flower_rat,one_sqft,1 ft²,0418_r0p172_B2_mean,raw_band,0418,mean,B2,33,-0.09565116839357336,0.5964558691889941,-0.0033579954686025473,0.9852029351630636,0.0033579954686025473,0.9866813909461466,0.005994005994005994,,,,,,0.9899777474497989
Flower_rat,one_sqft,1 ft²,0418_r0p172_B2_median,raw_band,0418,median,B2,33,-0.06368193315256371,0.7247805648037383,0.0030224484764514404,0.9866813909461466,0.0030224484764514404,0.9866813909461466,0.005994005994005994,,,,,,0.9909297500029653
Flower_rat,one_sqft,1 ft²,0418_r0p172_B2_std,raw_band,0418,std,B2,33,-0.3490989050390723,0.04645451992788884,-0.2642742433790205,0.13723402537090978,0.2642742433790205,0.22456476878876147,0.005994005994005994,,,,,,0.2125134367984379
Flower_rat,one_sqft,1 ft²,0418_r0p172_B2_min,raw_band,0418,min,B2,33,0.023102728571793005,0.8984539504946047,0.047687520406233835,0.79214136762898,0.047687520406233835,0.875524669484662,0.005994005994005994,,,,,,0.8608828142083149
Flower_rat,one_sqft,1 ft²,0418_r0p172_B2_max,raw_band,0418,max,B2,33,-0.2859367415154249,0.10671621968739764,-0.1482678891503679,0.4102472802094076,0.1482678891503679,0.5403256861294636,0.005994005994005994,,,,,,0.4970918343316588
Flower_rat,one_sqft,1 ft²,0418_r0p172_B2_p25,raw_band,0418,p25,B2,33,0.06595029604063828,0.7153764504571738,0.09435967266773158,0.6014460241151358,0.09435967266773158,0.7240337487755457,0.005994005994005994,,,,,,0.6914961682063114
Flower_rat,one_sqft,1 ft²,0418_r0p172_B2_p75,raw_band,0418,p75,B2,33,-0.245161025062938,0.1690907501597816,-0.12542113075230513,0.4867655164098167,0.12542113075230513,0.613324550676369,0.005994005994005994,,,,,,0.5741494649941327
Flower_rat,one_sqft,1 ft²,0418_r0p172_B2_valid_count,other,0418,unknown,0418_r0p172_B2_valid_count,33,-0.03478015801090499,0.8476240161111872,-0.022187940765389443,0.9024553225539618,0.022187940765389443,0.9269785650146672,0.005994005994005994,,,,,,0.9418241789069869
Flower_rat,one_sqft,1 ft²,0418_r0p172_B3_mean,raw_band,0418,mean,B3,33,0.1557506872145717,0.3867533919692937,0.10359416020638859,0.5661680292878244,0.10359416020638859,0.6925938999054939,0.005994005994005994,,,,,,0.6578266143531011
Flower_rat,one_sqft,1 ft²,0418_r0p172_B3_median,raw_band,0418,median,B3,33,0.15724236156406424,0.38216516073175055,0.14221110809531787,0.4298399608226323,0.14221110809531787,0.5622128207299482,0.005994005994005994,,,,,,0.5181404178908475
Flower_rat,one_sqft,1 ft²,0418_r0p172_B3_std,raw_band,0418,std,B3,33,-0.19688289201680687,0.272122063831949,-0.311118280166026,0.07800866145318472,0.311118280166026,0.15458065382327144,0.005994005994005994,,,,,,0.13969689277508895
Flower_rat,one_sqft,1 ft²,0418_r0p172_B3_min,raw_band,0418,min,B3,33,0.17023622726888551,0.343555469170339,0.12088783686969169,0.5027715615799049,0.12088783686969169,0.625156744332908,0.005994005994005994,,,,,,0.5911605128595478
Flower_rat,one_sqft,1 ft²,0418_r0p172_B3_max,raw_band,0418,max,B3,33,0.043327670461383874,0.8107848247473913,0.004198195964564729,0.98150114484218,0.004198195964564729,0.9866813909461466,0.005994005994005994,,,,,,0.9897673883718248
Flower_rat,one_sqft,1 ft²,0418_r0p172_B3_p25,raw_band,0418,p25,B3,33,0.1985218078834351,0.26807071106727776,0.14019631081415634,0.436470103396871,0.14019631081415634,0.5650195174110179,0.005994005994005994,,,,,,0.523427514742006
Flower_rat,one_sqft,1 ft²,0418_r0p172_B3_p75,raw_band,0418,p75,B3,33,0.11687563415722695,0.517155022078857,0.09723021853931914,0.5903791340461961,0.09723021853931914,0.716905584093505,0.005994005994005994,,,,,,0.6825572888043383
Flower_rat,one_sqft,1 ft²,0418_r0p172_B3_valid_count,other,0418,unknown,0418_r0p172_B3_valid_count,33,-0.03478015801090499,0.8476240161111872,-0.022187940765389443,0.9024553225539618,0.022187940765389443,0.9269785650146672,0.005994005994005994,,,,,,0.9418241789069869
Flower_rat,one_sqft,1 ft²,0418_r0p172_B4_mean,raw_band,0418,mean,B4,33,-0.07674717001243506,0.6711965062606552,-0.02686396374882038,0.8820287550027804,0.02686396374882038,0.9269785650146672,0.005994005994005994,,,,,,0.9346199073453653
Flower_rat,one_sqft,1 ft²,0418_r0p172_B4_median,raw_band,0418,median,B4,33,-0.09683454699931539,0.5918992699883823,-0.0968781692691835,0.5917315932200359,0.0968781692691835,0.716905584093505,0.005994005994005994,,,,,,0.6836973083272985
Flower_rat,one_sqft,1 ft²,0418_r0p172_B4_std,raw_band,0418,std,B4,33,-0.3526313941322606,0.044137385662443025,-0.27115813408965567,0.12691464871773298,0.27115813408965567,0.21707573400589622,0.005994005994005994,,,,,,0.19951367692273778
Flower_rat,one_sqft,1 ft²,0418_r0p172_B4_min,raw_band,0418,min,B4,33,0.051167025773207864,0.7773425403719195,0.034083654006315856,0.8506409953044498,0.034083654006315856,0.9213246310174271,0.005994005994005994,,,,,,0.9034126905168488
Flower_rat,one_sqft,1 ft²,0418_r0p172_B4_max,raw_band,0418,max,B4,33,-0.330803502861493,0.06005660860237754,-0.24530156898141608,0.16883877489169224,0.24530156898141608,0.2552842276362387,0.005994005994005994,,,,,,0.24925091293346338
Flower_rat,one_sqft,1 ft²,0418_r0p172_B4_p25,raw_band,0418,p25,B4,33,0.07794394543676378,0.6663620720671745,0.062458715716007376,0.7298682759961892,0.062458715716007376,0.8242497889662572,0.005994005994005994,,,,,,0.8039753264515284
Flower_rat,one_sqft,1 ft²,0418_r0p172_B4_p75,raw_band,0418,p75,B4,33,-0.22298963025570098,0.21226434898063604,-0.13415191897067177,0.4566928075817719,0.13415191897067177,0.5812453914677097,0.005994005994005994,,,,,,0.5424498911187692
Flower_rat,one_sqft,1 ft²,0418_r0p172_B4_valid_count,other,0418,unknown,0418_r0p172_B4_valid_count,33,-0.03478015801090499,0.8476240161111872,-0.022187940765389443,0.9024553225539618,0.022187940765389443,0.9269785650146672,0.005994005994005994,,,,,,0.9418241789069869
Flower_rat,one_sqft,1 ft²,0418_r0p172_B5_mean,raw_band,0418,mean,B5,33,-0.047958560059112365,0.7909859651001337,-0.12911492576776792,0.4739198988261144,0.12911492576776792,0.5991361931647867,0.005994005994005994,,,,,,0.5597053994997022
Flower_rat,one_sqft,1 ft²,0418_r0p172_B5_median,raw_band,0418,median,B5,33,-0.03788304858791503,0.8342098732643585,-0.13230502146294038,0.4629702345080079,0.13230502146294038,0.5872575457853254,0.005994005994005994,,,,,,0.5485094968837732
Flower_rat,one_sqft,1 ft²,0418_r0p172_B5_std,raw_band,0418,std,B5,33,-0.32498430668522593,0.06498544668564558,-0.26746433907419287,0.13237799258059446,0.26746433907419287,0.2204355999800207,0.005994005994005994,,,,,,0.20601946134728047
Flower_rat,one_sqft,1 ft²,0418_r0p172_B5_min,raw_band,0418,min,B5,33,0.038551310866634575,0.8313267604039676,-0.022498569639637065,0.901096332124544,0.022498569639637065,0.9269785650146672,0.005994005994005994,,,,,,0.9418241789069869
Flower_rat,one_sqft,1 ft²,0418_r0p172_B5_max,raw_band,0418,max,B5,33,-0.31686647666851175,0.07238454604629223,-0.37710289112406603,0.030514622046369733,0.37710289112406603,0.0712007847748627,0.005994005994005994,,,,,,0.066441405762574
Flower_rat,one_sqft,1 ft²,0418_r0p172_B5_p25,raw_band,0418,p25,B5,33,0.08920052075269518,0.6215562211190014,-0.0705179048406535,0.6965655081070186,0.0705179048406535,0.806370103885233,0.005994005994005994,,,,,,0.7792513418031755
Flower_rat,one_sqft,1 ft²,0418_r0p172_B5_p75,raw_band,0418,p75,B5,33,-0.2010897698284683,0.2618024025955617,-0.32390572839304604,0.06593287096990215,0.32390572839304604,0.1369375012451814,0.005994005994005994,,,,,,0.12266274898288874
Flower_rat,one_sqft,1 ft²,0418_r0p172_B5_valid_count,other,0418,unknown,0418_r0p172_B5_valid_count,33,-0.03478015801090499,0.8476240161111872,-0.022187940765389443,0.9024553225539618,0.022187940765389443,0.9269785650146672,0.005994005994005994,,,,,,0.9418241789069869
Flower_rat,one_sqft,1 ft²,0418_r0p172_B6_mean,raw_band,0418,mean,B6,33,-0.015523247631887335,0.931672409735348,-0.15480359110257744,0.38968306550679244,0.15480359110257744,0.5186626716956604,0.005994005994005994,,,,,,0.47619423722048115
Flower_rat,one_sqft,1 ft²,0418_r0p172_B6_median,raw_band,0418,median,B6,33,-0.0030682010412215396,0.9864797976051533,-0.15060609676682424,0.402820848989902,0.15060609676682424,0.5323995836300104,0.005994005994005994,,,,,,0.48968319492844115
Flower_rat,one_sqft,1 ft²,0418_r0p172_B6_std,raw_band,0418,std,B6,33,-0.285623981804669,0.1071169104864366,-0.20282292630359386,0.2576266993344246,0.20282292630359386,0.3580253395162224,0.005994005994005994,,,,,,0.34313449033407306
Flower_rat,one_sqft,1 ft²,0418_r0p172_B6_min,raw_band,0418,min,B6,33,0.04297496875955309,0.8122976541512429,-0.01914057417103452,0.9158012709831581,0.01914057417103452,0.9335641837619222,0.005994005994005994,,,,,,0.9456934987579655
Flower_rat,one_sqft,1 ft²,0418_r0p172_B6_max,raw_band,0418,max,B6,33,-0.2414247906167755,0.1758879021343091,-0.4538330875816343,0.0079830020914006,0.4538330875816343,0.024938634632639893,0.005994005994005994,,,,,,0.023275440472739876
Flower_rat,one_sqft,1 ft²,0418_r0p172_B6_p25,raw_band,0418,p25,B6,33,0.07657476303577865,0.6718940257356447,-0.07437959962954642,0.6807984727079373,0.07437959962954642,0.7950615205773836,0.005994005994005994,,,,,,0.7665124243851189
Flower_rat,one_sqft,1 ft²,0418_r0p172_B6_p75,raw_band,0418,p75,B6,33,-0.145403414574026,0.41944973417771153,-0.3099429817520151,0.07919913572622309,0.3099429817520151,0.15498357982613878,0.005994005994005994,,,,,,0.14101678174153842
Flower_rat,one_sqft,1 ft²,0418_r0p172_B6_valid_count,other,0418,unknown,0418_r0p172_B6_valid_count,33,-0.03478015801090499,0.8476240161111872,-0.022187940765389443,0.9024553225539618,0.022187940765389443,0.9269785650146672,0.005994005994005994,,,,,,0.9418241789069869
Flower_rat,one_sqft,1 ft²,0510_r0p172_B1_mean,raw_band,0510,mean,B1,33,0.24872017056121293,0.16279195163439394,0.2988615967056267,0.09112523866437815,0.2988615967056267,0.1730921618851002,0.005994005994005994,,,,,,0.15599972050250424
Flower_rat,one_sqft,1 ft²,0510_r0p172_B1_median,raw_band,0510,median,B1,33,0.30232623357963423,0.08725783226680418,0.32790825750903874,0.062470678426771564,0.32790825750903874,0.13046362676972184,0.005994005994005994,,,,,,0.11703843970316842
Flower_rat,one_sqft,1 ft²,0510_r0p172_B1_std,raw_band,0510,std,B1,33,-0.030066886508800645,0.8680793490589579,-0.05473532613822152,0.7622454554603375,0.05473532613822152,0.8524520182367088,0.005994005994005994,,,,,,0.8327576228858254
Flower_rat,one_sqft,1 ft²,0510_r0p172_B1_min,raw_band,0510,min,B1,33,0.09658072384358968,0.5928753352254472,0.13834941330642495,0.4425966139864804,0.13834941330642495,0.5690527894111892,0.005994005994005994,,,,,,0.5287357757354497
Flower_rat,one_sqft,1 ft²,0510_r0p172_B1_max,raw_band,0510,max,B1,33,0.14966477101790499,0.40580135591394056,0.07169919441359805,0.6917287716738625,0.07169919441359805,0.8045337713622154,0.005994005994005994,,,,,,0.7747694405422733
Flower_rat,one_sqft,1 ft²,0510_r0p172_B1_p25,raw_band,0510,p25,B1,33,0.30185346519942036,0.08777801337099576,0.3337847495790932,0.05764827646962305,0.3337847495790932,0.12173770114814253,0.005994005994005994,,,,,,0.11067045667933806
Flower_rat,one_sqft,1 ft²,0510_r0p172_B1_p75,raw_band,0510,p75,B1,33,0.21785074444396596,0.2232634743048782,0.23908927736450136,0.1802339056136812,0.23908927736450136,0.26928227795245646,0.005994005994005994,,,,,,0.26336450107684345
Flower_rat,one_sqft,1 ft²,0510_r0p172_B1_valid_count,other,0510,unknown,0510_r0p172_B1_valid_count,33,-0.03478015801090499,0.8476240161111872,-0.022187940765389443,0.9024553225539618,0.022187940765389443,0.9269785650146672,0.005994005994005994,,,,,,0.9418241789069869
Flower_rat,one_sqft,1 ft²,0510_r0p172_B2_mean,raw_band,0510,mean,B2,33,0.2502861260659301,0.16007457415006218,0.2688075372616339,0.13037164711365215,0.2688075372616339,0.21805523278301112,0.005994005994005994,,,,,,0.2035761452000627
Flower_rat,one_sqft,1 ft²,0510_r0p172_B2_median,raw_band,0510,median,B2,33,0.30503105156523597,0.0843270846202267,0.3096071822051549,0.07954183726526699,0.3096071822051549,0.15498357982613878,0.005994005994005994,,,,,,0.14149196218969323
Flower_rat,one_sqft,1 ft²,0510_r0p172_B2_std,raw_band,0510,std,B2,33,0.00954644405576848,0.9579496610500564,0.045836638146424774,0.8000428935681456,0.045836638146424774,0.8816799235240789,0.005994005994005994,,,,,,0.868458428969261
Flower_rat,one_sqft,1 ft²,0510_r0p172_B2_min,raw_band,0510,min,B2,33,0.09336495349020328,0.6053016386124359,0.06708156479679725,0.7107016715461412,0.06708156479679725,0.8091723850736185,0.005994005994005994,,,,,,0.7874535162455369
Flower_rat,one_sqft,1 ft²,0510_r0p172_B2_max,raw_band,0510,max,B2,33,0.17064734554215166,0.34237395794948816,0.11930275791770824,0.5084298243695653,0.11930275791770824,0.6292186561644166,0.005994005994005994,,,,,,0.5970610775793637
Flower_rat,one_sqft,1 ft²,0510_r0p172_B2_p25,raw_band,0510,p25,B2,33,0.2769628244073936,0.11866884444058363,0.2924814053152819,0.09858813507052884,0.2924814053152819,0.18267801498362696,0.005994005994005994,,,,,,0.16648457922317358
Flower_rat,one_sqft,1 ft²,0510_r0p172_B2_p75,raw_band,0510,p75,B2,33,0.21962858205451236,0.21941525940855452,0.2258251952635213,0.2063572416091731,0.2258251952635213,0.29546605048586144,0.005994005994005994,,,,,,0.28757476687282824
Flower_rat,one_sqft,1 ft²,0510_r0p172_B2_valid_count,other,0510,unknown,0510_r0p172_B2_valid_count,33,-0.03478015801090499,0.8476240161111872,-0.022187940765389443,0.9024553225539618,0.022187940765389443,0.9269785650146672,0.005994005994005994,,,,,,0.9418241789069869
Flower_rat,one_sqft,1 ft²,0510_r0p172_B3_mean,raw_band,0510,mean,B3,33,0.4187053716953174,0.015302552485372791,0.4556799850893657,0.007700125539365927,0.4556799850893657,0.024335274150574106,0.005994005994005994,,,,,,0.022809735566089652
Flower_rat,one_sqft,1 ft²,0510_r0p172_B3_median,raw_band,0510,median,B3,33,0.44368701937036115,0.009699717307827623,0.4773390558618521,0.0049694459770471145,0.4773390558618521,0.01692297819210639,0.005994005994005994,,,,,,0.01626839683012266
Flower_rat,one_sqft,1 ft²,0510_r0p172_B3_std,raw_band,0510,std,B3,33,0.22984311128709126,0.19818288477120935,0.19174154125720547,0.28508862169726273,0.19174154125720547,0.3932974416115522,0.005994005994005994,,,,,,0.3689149570645578
Flower_rat,one_sqft,1 ft²,0510_r0p172_B3_min,raw_band,0510,min,B3,33,0.2428725494639789,0.1732314542293947,0.23818573132479826,0.18193542712820304,0.23818573132479826,0.2696925155076892,0.005994005994005994,,,,,,0.26460756587780737
Flower_rat,one_sqft,1 ft²,0510_r0p172_B3_max,raw_band,0510,max,B3,33,0.36908910261449007,0.0345340751905432,0.3582981164998918,0.04061478707910235,0.3582981164998918,0.09084254151420526,0.005994005994005994,,,,,,0.08346607124405835
Flower_rat,one_sqft,1 ft²,0510_r0p172_B3_p25,raw_band,0510,p25,B3,33,0.4075229582383667,0.01857304188784107,0.43049501907484655,0.012390706236250259,0.43049501907484655,0.033695589620882,0.005994005994005994,,,,,,0.031979333107666645
Flower_rat,one_sqft,1 ft²,0510_r0p172_B3_p75,raw_band,0510,p75,B3,33,0.411105304032428,0.017467421249695744,0.4130334426381133,0.01689540452628951,0.4130334426381133,0.04404457179956852,0.005994005994005994,,,,,,0.040732331842449905
Flower_rat,one_sqft,1 ft²,0510_r0p172_B3_valid_count,other,0510,unknown,0510_r0p172_B3_valid_count,33,-0.03478015801090499,0.8476240161111872,-0.022187940765389443,0.9024553225539618,0.022187940765389443,0.9269785650146672,0.005994005994005994,,,,,,0.9418241789069869
Flower_rat,one_sqft,1 ft²,0510_r0p172_B4_mean,raw_band,0510,mean,B4,33,0.21111398725107333,0.23826071218851974,0.2669606397539025,0.13313620249253671,0.2669606397539025,0.2207258093955214,0.005994005994005994,,,,,,0.2070267948758946
Flower_rat,one_sqft,1 ft²,0510_r0p172_B4_median,raw_band,0510,median,B4,33,0.28445977641279885,0.10861838910426147,0.3129651776737574,0.07616595134075232,0.3129651776737574,0.15314217875959776,0.005994005994005994,,,,,,0.13679082310090843
Flower_rat,one_sqft,1 ft²,0510_r0p172_B4_std,raw_band,0510,std,B4,33,0.059096547661844315,0.743910261338515,0.04264654245125235,0.8137069593245112,0.04264654245125235,0.8941314843740269,0.005994005994005994,,,,,,0.8791992971045385
Flower_rat,one_sqft,1 ft²,0510_r0p172_B4_min,raw_band,0510,min,B4,33,-0.0531607747502955,0.7688969697768608,-0.070271927077496,0.6975741374880191,0.070271927077496,0.806370103885233,0.005994005994005994,,,,,,0.7798299133190688
Flower_rat,one_sqft,1 ft²,0510_r0p172_B4_max,raw_band,0510,max,B4,33,0.12102095360349469,0.5022978190481108,0.15362829268856654,0.3933364232934061,0.15362829268856654,0.5216883087891492,0.005994005994005994,,,,,,0.4800299318937187
Flower_rat,one_sqft,1 ft²,0510_r0p172_B4_p25,raw_band,0510,p25,B4,33,0.1995925958979589,0.265445144397645,0.2179521179129983,0.22304282065562164,0.2179521179129983,0.3157684876697565,0.005994005994005994,,,,,,0.3080665457760104
Flower_rat,one_sqft,1 ft²,0510_r0p172_B4_p75,raw_band,0510,p75,B4,33,0.23372776340374093,0.19049634379700855,0.23841767827078084,0.18149755741534634,0.23841767827078084,0.2696925155076892,0.005994005994005994,,,,,,0.2641766319321656
Flower_rat,one_sqft,1 ft²,0510_r0p172_B4_valid_count,other,0510,unknown,0510_r0p172_B4_valid_count,33,-0.03478015801090499,0.8476240161111872,-0.022187940765389443,0.9024553225539618,0.022187940765389443,0.9269785650146672,0.005994005994005994,,,,,,0.9418241789069869
Flower_rat,one_sqft,1 ft²,0510_r0p172_B5_mean,raw_band,0510,mean,B5,33,-0.310911916914556,0.07821668084497364,-0.39305336959992815,0.02364807257302785,0.39305336959992815,0.05880902258292452,0.005994005994005994,,,,,,0.053358287087388115
Flower_rat,one_sqft,1 ft²,0510_r0p172_B5_median,raw_band,0510,median,B5,33,-0.29968501969457045,0.09019443979612846,-0.38784847662359423,0.025732460728283876,0.38784847662359423,0.06316149451487861,0.005994005994005994,,,,,,0.05743632980738961
Flower_rat,one_sqft,1 ft²,0510_r0p172_B5_std,raw_band,0510,std,B5,33,0.04543178489009164,0.8017738617111607,0.10141146315179693,0.5744207364547923,0.10141146315179693,0.7004227044513274,0.005994005994005994,,,,,,0.6665852576023895
Flower_rat,one_sqft,1 ft²,0510_r0p172_B5_min,raw_band,0510,min,B5,33,-0.31471011612980093,0.074456143741209,-0.31615527336892985,0.07306277505670149,0.31615527336892985,0.1476883902215677,0.005994005994005994,,,,,,0.13249284572964526
Flower_rat,one_sqft,1 ft²,0510_r0p172_B5_max,raw_band,0510,max,B5,33,-0.37903526287303163,0.029604900804460096,-0.37139429882744174,0.03333618136968493,0.37139429882744174,0.07637016095600548,0.005994005994005994,,,,,,0.0705275673875647
Flower_rat,one_sqft,1 ft²,0510_r0p172_B5_p25,raw_band,0510,p25,B5,33,-0.23919745348408994,0.18003094855156263,-0.2998689953462075,0.08998747085671098,0.2998689953462075,0.17266631463876525,0.005994005994005994,,,,,,0.15504766446779564
Flower_rat,one_sqft,1 ft²,0510_r0p172_B5_p75,raw_band,0510,p75,B5,33,-0.2976553060737856,0.09250206299744791,-0.41202604399753257,0.017192286577861645,0.41202604399753257,0.044511536482408916,0.005994005994005994,,,,,,0.041394589360373976
Flower_rat,one_sqft,1 ft²,0510_r0p172_B5_valid_count,other,0510,unknown,0510_r0p172_B5_valid_count,33,-0.03478015801090499,0.8476240161111872,-0.022187940765389443,0.9024553225539618,0.022187940765389443,0.9269785650146672,0.005994005994005994,,,,,,0.9418241789069869
Flower_rat,one_sqft,1 ft²,0510_r0p172_B6_mean,raw_band,0510,mean,B6,33,-0.3428149072591486,0.050816282889005145,-0.43049501907484655,0.012390706236250259,0.43049501907484655,0.033695589620882,0.005994005994005994,,,,,,0.031979333107666645
Flower_rat,one_sqft,1 ft²,0510_r0p172_B6_median,raw_band,0510,median,B6,33,-0.29888526921827147,0.09109837713521195,-0.37763814575218274,0.030260380274806584,0.37763814575218274,0.07104611021041546,0.005994005994005994,,,,,,0.06596480092615548
Flower_rat,one_sqft,1 ft²,0510_r0p172_B6_std,raw_band,0510,std,B6,33,0.037830574070602835,0.8344363566038985,0.09116957697255916,0.6138481026711062,0.09116957697255916,0.7296684994015037,0.005994005994005994,,,,,,0.7031556535201254
Flower_rat,one_sqft,1 ft²,0510_r0p172_B6_min,raw_band,0510,min,B6,33,-0.335119537201115,0.05659503710546825,-0.3329452507119426,0.05831859171650474,0.3329452507119426,0.12246904260465996,0.005994005994005994,,,,,,0.11184223241829172
Flower_rat,one_sqft,1 ft²,0510_r0p172_B6_max,raw_band,0510,max,B6,33,-0.4197713777514953,0.015017677387351287,-0.4481244952850099,0.008913900653877182,0.4481244952850099,0.026531137379256494,0.005994005994005994,,,,,,0.02520202821232549
Flower_rat,one_sqft,1 ft²,0510_r0p172_B6_p25,raw_band,0510,p25,B6,33,-0.2769640529013563,0.11866714265974851,-0.30255539172108953,0.08700654478822949,0.30255539172108953,0.1686588406664141,0.005994005994005994,,,,,,0.1506068762289761
Flower_rat,one_sqft,1 ft²,0510_r0p172_B6_p75,raw_band,0510,p75,B6,33,-0.387288876976899,0.025965280358413112,-0.4964796300328866,0.0032949942106173403,0.4964796300328866,0.014827473947778032,0.005994005994005994,,,,,,0.012496868286609668
Flower_rat,one_sqft,1 ft²,0510_r0p172_B6_valid_count,other,0510,unknown,0510_r0p172_B6_valid_count,33,-0.03478015801090499,0.8476240161111872,-0.022187940765389443,0.9024553225539618,0.022187940765389443,0.9269785650146672,0.005994005994005994,,,,,,0.9418241789069869
Flower_rat,one_sqft,1 ft²,diff_r0p172_B1_mean,raw_band,diff,mean,B1,33,0.23221067874444767,0.19347295797643074,0.2614199472307083,0.14168847311823343,0.2614199472307083,0.23085449499436309,0.005994005994005994,,,,,,0.21742655496597335
Flower_rat,one_sqft,1 ft²,ratio_r0p172_B1_mean,raw_band,ratio,mean,B1,33,0.1849388663295961,0.3028453783888475,0.21272901293597138,0.2346052986293115,0.21272901293597138,0.3272354349884862,0.005994005994005994,,,,,,0.3176875814530445
Flower_rat,one_sqft,1 ft²,rel_r0p172_B1_mean,raw_band,rel,mean,B1,33,0.18493886632959605,0.3028453783888475,0.21272901293597138,0.2346052986293115,0.21272901293597138,0.3272354349884862,0.005994005994005994,,,,,,0.3176875814530445
Flower_rat,one_sqft,1 ft²,diff_r0p172_B1_median,raw_band,diff,median,B1,33,0.27576235860877285,0.12034050676353275,0.2991973962524869,0.09074476787895434,0.2991973962524869,0.1730921618851002,0.005994005994005994,,,,,,0.15592056801300996
Flower_rat,one_sqft,1 ft²,ratio_r0p172_B1_median,raw_band,ratio,median,B1,33,0.22198326527195095,0.21438846966504635,0.25453605652007305,0.15286431489919672,0.25453605652007305,0.24693466252947163,0.005994005994005994,,,,,,0.2330431467335793
Flower_rat,one_sqft,1 ft²,rel_r0p172_B1_median,raw_band,rel,median,B1,33,0.2219832652719509,0.21438846966504635,0.25453605652007305,0.15286431489919672,0.25453605652007305,0.24693466252947163,0.005994005994005994,,,,,,0.2330431467335793
Flower_rat,one_sqft,1 ft²,diff_r0p172_B1_p25,raw_band,diff,p25,B1,33,0.25099142326397217,0.1588613904349564,0.28106422072203324,0.11308805255181215,0.28106422072203324,0.2046109463827526,0.005994005994005994,,,,,,0.1854326063810909
Flower_rat,one_sqft,1 ft²,ratio_r0p172_B1_p25,raw_band,ratio,p25,B1,33,0.15315726688533343,0.3948061011313059,0.21994870319346685,0.21872718106760247,0.21994870319346685,0.3108228362539614,0.005994005994005994,,,,,,0.30300291007583235
Flower_rat,one_sqft,1 ft²,rel_r0p172_B1_p25,raw_band,rel,p25,B1,33,0.15315726688533354,0.39480610113130515,0.21994870319346685,0.21872718106760247,0.21994870319346685,0.3108228362539614,0.005994005994005994,,,,,,0.30300291007583235
Flower_rat,one_sqft,1 ft²,diff_r0p172_B1_p75,raw_band,diff,p75,B1,33,0.22879646542800428,0.2002902308790862,0.24832376490315838,0.16348504218758286,0.24832376490315838,0.2515441185356881,0.005994005994005994,,,,,,0.24488070014075985
Flower_rat,one_sqft,1 ft²,ratio_r0p172_B1_p75,raw_band,ratio,p75,B1,33,0.21451107926230012,0.23061584376291203,0.2442941703408353,0.170650826362765,0.2442941703408353,0.2559762395441475,0.005994005994005994,,,,,,0.25132947276473516
Flower_rat,one_sqft,1 ft²,rel_r0p172_B1_p75,raw_band,rel,p75,B1,33,0.21451107926230006,0.23061584376291203,0.2442941703408353,0.170650826362765,0.2442941703408353,0.2559762395441475,0.005994005994005994,,,,,,0.25132947276473516
Flower_rat,one_sqft,1 ft²,diff_r0p172_B2_mean,raw_band,diff,mean,B2,33,0.2596297297812359,0.1445356480457616,0.2694791363553544,0.1293769259602823,0.2694791363553544,0.21777013332053827,0.005994005994005994,,,,,,0.20236156231507693
Flower_rat,one_sqft,1 ft²,ratio_r0p172_B2_mean,raw_band,ratio,mean,B2,33,0.2197783215627787,0.21909322101074666,0.2701507354490749,0.1283878184859605,0.2701507354490749,0.2176259882856192,0.005994005994005994,,,,,,0.20149004986947208
Flower_rat,one_sqft,1 ft²,rel_r0p172_B2_mean,raw_band,rel,mean,B2,33,0.21977832156277882,0.21909322101074616,0.2701507354490749,0.1283878184859605,0.2701507354490749,0.2176259882856192,0.005994005994005994,,,,,,0.20149004986947208
Flower_rat,one_sqft,1 ft²,diff_r0p172_B2_median,raw_band,diff,median,B2,33,0.3017180651391047,0.08792742939067046,0.2963431001041748,0.09401774426165614,0.2963431001041748,0.1776935366545301,0.005994005994005994,,,,,,0.16021653953630172
Flower_rat,one_sqft,1 ft²,ratio_r0p172_B2_median,raw_band,ratio,median,B2,33,0.2447506123604894,0.16982809630817464,0.2718297331833762,0.12593950690693237,0.2718297331833762,0.21707573400589622,0.005994005994005994,,,,,,0.19848236477055387
Flower_rat,one_sqft,1 ft²,rel_r0p172_B2_median,raw_band,rel,median,B2,33,0.24475061236048953,0.16982809630817464,0.2718297331833762,0.12593950690693237,0.2718297331833762,0.21707573400589622,0.005994005994005994,,,,,,0.19848236477055387
Flower_rat,one_sqft,1 ft²,diff_r0p172_B2_p25,raw_band,diff,p25,B2,33,0.24965664979369906,0.16116294845036078,0.2750198288785486,0.12138322161269267,0.2750198288785486,0.21340864078882713,0.005994005994005994,,,,,,0.19610484115089571
Flower_rat,one_sqft,1 ft²,ratio_r0p172_B2_p25,raw_band,ratio,p25,B2,33,0.1666752097335626,0.3538927801009888,0.22632889458381167,0.2053199158301493,0.22632889458381167,0.29509858625017654,0.005994005994005994,,,,,,0.2863430216285939
Flower_rat,one_sqft,1 ft²,rel_r0p172_B2_p25,raw_band,rel,p25,B2,33,0.16667520973356253,0.3538927801009888,0.22632889458381167,0.2053199158301493,0.22632889458381167,0.29509858625017654,0.005994005994005994,,,,,,0.2863430216285939
Flower_rat,one_sqft,1 ft²,diff_r0p172_B2_p75,raw_band,diff,p75,B2,33,0.2616789274720213,0.14128000472404317,0.3018250631345258,0.08780933933631115,0.3018250631345258,0.16934658300574293,0.005994005994005994,,,,,,0.15185563225352788
Flower_rat,one_sqft,1 ft²,ratio_r0p172_B2_p75,raw_band,ratio,p75,B2,33,0.2622753426928647,0.14034260039406155,0.31682687246265034,0.07242218475570082,0.31682687246265034,0.14718056901965004,0.005994005994005994,,,,,,0.1315869491276901
Flower_rat,one_sqft,1 ft²,rel_r0p172_B2_p75,raw_band,rel,p75,B2,33,0.2622753426928646,0.14034260039406155,0.31682687246265034,0.07242218475570082,0.31682687246265034,0.14718056901965004,0.005994005994005994,,,,,,0.1315869491276901
Flower_rat,one_sqft,1 ft²,diff_r0p172_B3_mean,raw_band,diff,mean,B3,33,0.4044861201314396,0.01955530690422996,0.4163914381067159,0.01593649986349927,0.4163914381067159,0.041833312141685584,0.005994005994005994,,,,,,0.03877119784262012
Flower_rat,one_sqft,1 ft²,ratio_r0p172_B3_mean,raw_band,ratio,mean,B3,33,0.33617548406003844,0.055772654384399496,0.37223379769459236,0.032908420611721646,0.37223379769459236,0.07584989628799257,0.005994005994005994,,,,,,0.06978081006985522
Flower_rat,one_sqft,1 ft²,rel_r0p172_B3_mean,raw_band,rel,mean,B3,33,0.33617548406003833,0.055772654384399496,0.37223379769459236,0.032908420611721646,0.37223379769459236,0.07584989628799257,0.005994005994005994,,,,,,0.06978081006985522
Flower_rat,one_sqft,1 ft²,diff_r0p172_B3_median,raw_band,diff,median,B3,33,0.43080469014564593,0.012321002579428407,0.43128660620919584,0.012213185013292981,0.43128660620919584,0.033695589620882,0.005994005994005994,,,,,,0.0316965274475726
Flower_rat,one_sqft,1 ft²,ratio_r0p172_B3_median,raw_band,ratio,median,B3,33,0.36643951514135714,0.03595385218060599,0.4078285496617794,0.01847651204523475,0.4078285496617794,0.047190010493910375,0.005994005994005994,,,,,,0.04437216406230122
Flower_rat,one_sqft,1 ft²,rel_r0p172_B3_median,raw_band,rel,median,B3,33,0.3664395151413571,0.03595385218060599,0.4078285496617794,0.01847651204523475,0.4078285496617794,0.047190010493910375,0.005994005994005994,,,,,,0.04437216406230122
Flower_rat,one_sqft,1 ft²,diff_r0p172_B3_p25,raw_band,diff,p25,B3,33,0.3769268335011817,0.03059862810093347,0.42008523312217866,0.014934654789416442,0.42008523312217866,0.03975563035492546,0.005994005994005994,,,,,,0.03735665661803094
Flower_rat,one_sqft,1 ft²,ratio_r0p172_B3_p25,raw_band,ratio,p25,B3,33,0.26691067461873,0.13321158797195512,0.33462424844624383,0.056984063307642684,0.33462424844624383,0.12101110073196031,0.005994005994005994,,,,,,0.10962088879593943
Flower_rat,one_sqft,1 ft²,rel_r0p172_B3_p25,raw_band,rel,p25,B3,33,0.2669106746187301,0.13321158797195512,0.33462424844624383,0.056984063307642684,0.33462424844624383,0.12101110073196031,0.005994005994005994,,,,,,0.10962088879593943
Flower_rat,one_sqft,1 ft²,diff_r0p172_B3_p75,raw_band,diff,p75,B3,33,0.40565765638973234,0.01917138526080655,0.4189099347081678,0.015247538157383951,0.4189099347081678,0.04030468128315478,0.005994005994005994,,,,,,0.037585080847659776
Flower_rat,one_sqft,1 ft²,ratio_r0p172_B3_p75,raw_band,ratio,p75,B3,33,0.3613087392493577,0.03883757459233026,0.4017841578182948,0.020465142140095004,0.4017841578182948,0.05157215819303941,0.005994005994005994,,,,,,0.047320886286762426
Flower_rat,one_sqft,1 ft²,rel_r0p172_B3_p75,raw_band,rel,p75,B3,33,0.3613087392493577,0.03883757459233026,0.4017841578182948,0.020465142140095004,0.4017841578182948,0.05157215819303941,0.005994005994005994,,,,,,0.047320886286762426
Flower_rat,one_sqft,1 ft²,diff_r0p172_B4_mean,raw_band,diff,mean,B4,33,0.2266202644157389,0.20472151208707878,0.2693112365819243,0.12962507935746326,0.2693112365819243,0.21777013332053827,0.005994005994005994,,,,,,0.2025798978903069
Flower_rat,one_sqft,1 ft²,ratio_r0p172_B4_mean,raw_band,ratio,mean,B4,33,0.19110731264488473,0.2867152119857084,0.24782006558286798,0.1643687758685581,0.24782006558286798,0.2515441185356881,0.005994005994005994,,,,,,0.24488070014075985
Flower_rat,one_sqft,1 ft²,rel_r0p172_B4_mean,raw_band,rel,mean,B4,33,0.19110731264488473,0.2867152119857084,0.24782006558286798,0.1643687758685581,0.24782006558286798,0.2515441185356881,0.005994005994005994,,,,,,0.24488070014075985
Flower_rat,one_sqft,1 ft²,diff_r0p172_B4_median,raw_band,diff,median,B4,33,0.30002610650623823,0.08981101172575087,0.29281720486214213,0.09818414181230357,0.29281720486214213,0.18267801498362696,0.005994005994005994,,,,,,0.16625372833190424
Flower_rat,one_sqft,1 ft²,ratio_r0p172_B4_median,raw_band,ratio,median,B4,33,0.2551738394177015,0.15180288754422874,0.2788815236674415,0.1160330551022413,0.2788815236674415,0.20591781609693527,0.005994005994005994,,,,,,0.18860425158604727
Flower_rat,one_sqft,1 ft²,rel_r0p172_B4_median,raw_band,rel,median,B4,33,0.25517383941770133,0.1518028875442291,0.2788815236674415,0.1160330551022413,0.2788815236674415,0.20591781609693527,0.005994005994005994,,,,,,0.18860425158604727
Flower_rat,one_sqft,1 ft²,diff_r0p172_B4_p25,raw_band,diff,p25,B4,33,0.1630366221259249,0.364645979340655,0.19392423831179711,0.2795361401733006,0.19392423831179711,0.38705004023995465,0.005994005994005994,,,,,,0.3640944480602043
Flower_rat,one_sqft,1 ft²,ratio_r0p172_B4_p25,raw_band,ratio,p25,B4,33,0.08159681949852698,0.6516880736415428,0.15799368679774983,0.3798662344933056,0.15799368679774983,0.5073831683338146,0.005994005994005994,,,,,,0.46480681545213653
Flower_rat,one_sqft,1 ft²,rel_r0p172_B4_p25,raw_band,rel,p25,B4,33,0.08159681949852687,0.6516880736415437,0.15799368679774983,0.3798662344933056,0.15799368679774983,0.5073831683338146,0.005994005994005994,,,,,,0.46480681545213653
Flower_rat,one_sqft,1 ft²,diff_r0p172_B4_p75,raw_band,diff,p75,B4,33,0.29354057805621336,0.09731813816263846,0.29046660803412033,0.10103863748053087,0.29046660803412033,0.18630539008605204,0.005994005994005994,,,,,,0.1697012579105946
Flower_rat,one_sqft,1 ft²,ratio_r0p172_B4_p75,raw_band,ratio,p75,B4,33,0.30569839806156407,0.08361577738397298,0.295335701463594,0.09519414015972352,0.295335701463594,0.17813556920977966,0.005994005994005994,,,,,,0.1619254927420639
Flower_rat,one_sqft,1 ft²,rel_r0p172_B4_p75,raw_band,rel,p75,B4,33,0.305698398061564,0.08361577738397322,0.295335701463594,0.09519414015972352,0.295335701463594,0.17813556920977966,0.005994005994005994,,,,,,0.1619254927420639
Flower_rat,one_sqft,1 ft²,diff_r0p172_B5_mean,raw_band,diff,mean,B5,33,-0.37765697391245234,0.030251468634985287,-0.39775456325597175,0.02188699537020875,0.39775456325597175,0.05478996192012521,0.005994005994005994,,,,,,0.049624706392235145
Flower_rat,one_sqft,1 ft²,ratio_r0p172_B5_mean,raw_band,ratio,mean,B5,33,-0.37902854452954526,0.02960802482273543,-0.3814682852332494,0.028491130912940723,0.3814682852332494,0.06766856394053317,0.005994005994005994,,,,,,0.06269392722116437
Flower_rat,one_sqft,1 ft²,rel_r0p172_B5_mean,raw_band,rel,mean,B5,33,-0.37902854452954493,0.029608024822735633,-0.3814682852332494,0.028491130912940723,0.3814682852332494,0.06766856394053317,0.005994005994005994,,,,,,0.06269392722116437
Flower_rat,one_sqft,1 ft²,diff_r0p172_B5_median,raw_band,diff,median,B5,33,-0.34478483294749707,0.04941523435244086,-0.34268343757089,0.05091090057172258,0.34268343757089,0.11123884633590253,0.005994005994005994,,,,,,0.0995804407409165
Flower_rat,one_sqft,1 ft²,ratio_r0p172_B5_median,raw_band,ratio,median,B5,33,-0.34844684034783124,0.046892691756943716,-0.32136016634526376,0.06821179747351623,0.32136016634526376,0.14013075785320184,0.005994005994005994,,,,,,0.12552585215540563
Flower_rat,one_sqft,1 ft²,rel_r0p172_B5_median,raw_band,rel,median,B5,33,-0.3484468403478315,0.04689269175694357,-0.32136016634526376,0.06821179747351623,0.32136016634526376,0.14013075785320184,0.005994005994005994,,,,,,0.12552585215540563
Flower_rat,one_sqft,1 ft²,diff_r0p172_B5_p25,raw_band,diff,p25,B5,33,-0.37825194411934343,0.029970962553443024,-0.3604808135544834,0.039319929850541814,0.3604808135544834,0.08846984216371909,0.005994005994005994,,,,,,0.08098343167893049
Flower_rat,one_sqft,1 ft²,ratio_r0p172_B5_p25,raw_band,ratio,p25,B5,33,-0.3813427302141987,0.028547754596604386,-0.38113248568638913,0.028642778387527268,0.38113248568638913,0.06766856394053317,0.005994005994005994,,,,,,0.06287932290720692
Flower_rat,one_sqft,1 ft²,rel_r0p172_B5_p25,raw_band,rel,p25,B5,33,-0.3813427302141989,0.028547754596604285,-0.38113248568638913,0.028642778387527268,0.38113248568638913,0.06766856394053317,0.005994005994005994,,,,,,0.06287932290720692
Flower_rat,one_sqft,1 ft²,diff_r0p172_B5_p75,raw_band,diff,p75,B5,33,-0.22764934798855918,0.20261767356004648,-0.24714846648914748,0.16555240058735707,0.24714846648914748,0.2523339008952459,0.005994005994005994,,,,,,0.24556500754849622
Flower_rat,one_sqft,1 ft²,ratio_r0p172_B5_p75,raw_band,ratio,p75,B5,33,-0.22412151017713483,0.20989262626878022,-0.24815586512972826,0.16377924096535396,0.24815586512972826,0.2515441185356881,0.005994005994005994,,,,,,0.24488070014075985
Flower_rat,one_sqft,1 ft²,rel_r0p172_B5_p75,raw_band,rel,p75,B5,33,-0.22412151017713478,0.20989262626878022,-0.24815586512972826,0.16377924096535396,0.24815586512972826,0.2515441185356881,0.005994005994005994,,,,,,0.24488070014075985
Flower_rat,one_sqft,1 ft²,diff_r0p172_B6_mean,raw_band,diff,mean,B6,33,-0.46645296745578796,0.006214476152331307,-0.4953043316188757,0.0033814751651202826,0.4953043316188757,0.015037618969593727,0.005994005994005994,,,,,,0.012798849205100299
Flower_rat,one_sqft,1 ft²,ratio_r0p172_B6_mean,raw_band,ratio,mean,B6,33,-0.4651359893349909,0.006381791706756613,-0.5178029012585128,0.0020263032730417317,0.5178029012585128,0.012341712739816393,0.005994005994005994,,,,,,0.009843414493659176
Flower_rat,one_sqft,1 ft²,rel_r0p172_B6_mean,raw_band,rel,mean,B6,33,-0.4651359893349911,0.006381791706756584,-0.5178029012585128,0.0020263032730417317,0.5178029012585128,0.012341712739816393,0.005994005994005994,,,,,,0.009843414493659176
Flower_rat,one_sqft,1 ft²,diff_r0p172_B6_median,raw_band,diff,median,B6,33,-0.41824915388209905,0.015425844130641353,-0.4256259256453729,0.013531078331367867,0.4256259256453729,0.03653391149469324,0.005994005994005994,,,,,,0.03454034496078309
Flower_rat,one_sqft,1 ft²,ratio_r0p172_B6_median,raw_band,ratio,median,B6,33,-0.42316542760308423,0.014140060163346312,-0.43956160684007345,0.01048213321812176,0.43956160684007345,0.029134164385661947,0.005994005994005994,,,,,,0.028265405469675153
Flower_rat,one_sqft,1 ft²,rel_r0p172_B6_median,raw_band,rel,median,B6,33,-0.42316542760308434,0.014140060163346312,-0.43956160684007345,0.01048213321812176,0.43956160684007345,0.029134164385661947,0.005994005994005994,,,,,,0.028265405469675153
Flower_rat,one_sqft,1 ft²,diff_r0p172_B6_p25,raw_band,diff,p25,B6,33,-0.4429037401073294,0.009844344080938506,-0.4447664998164074,0.00950335098607052,0.4447664998164074,0.02747531575761715,0.005994005994005994,,,,,,0.026467541701503863
Flower_rat,one_sqft,1 ft²,ratio_r0p172_B6_p25,raw_band,ratio,p25,B6,33,-0.44090430809834946,0.010221826132169473,-0.45097879143332203,0.008437548206324683,0.45097879143332203,0.02559803103898013,0.005994005994005994,,,,,,0.024259576198770196
Flower_rat,one_sqft,1 ft²,rel_r0p172_B6_p25,raw_band,rel,p25,B6,33,-0.4409043080983496,0.010221826132169431,-0.45097879143332203,0.008437548206324683,0.45097879143332203,0.02559803103898013,0.005994005994005994,,,,,,0.024259576198770196
Flower_rat,one_sqft,1 ft²,diff_r0p172_B6_p75,raw_band,diff,p75,B6,33,-0.38286167099398943,0.02786888116923592,-0.478514354275863,0.004848845978495946,0.478514354275863,0.01692297819210639,0.005994005994005994,,,,,,0.016185950976517774
Flower_rat,one_sqft,1 ft²,ratio_r0p172_B6_p75,raw_band,ratio,p75,B6,33,-0.3877370645414055,0.025778676056461163,-0.4659218712686034,0.0062814921996034315,0.4659218712686034,0.020646991751739976,0.005994005994005994,,,,,,0.01924673964607554
Flower_rat,one_sqft,1 ft²,rel_r0p172_B6_p75,raw_band,rel,p75,B6,33,-0.38773706454140566,0.025778676056461163,-0.4659218712686034,0.0062814921996034315,0.4659218712686034,0.020646991751739976,0.005994005994005994,,,,,,0.01924673964607554
Flower_rat,one_sqft,1 ft²,0418_r0p172_ND_B1_B2_mean,pairwise_nd,0418,mean,ND_B1_B2,33,0.2449531793173516,0.16946387934262588,0.06732780914548107,0.7096854707467235,0.06732780914548107,0.8091723850736185,0.005994005994005994,,,,,,0.7868526966211443
Flower_rat,one_sqft,1 ft²,0510_r0p172_ND_B1_B2_mean,pairwise_nd,0510,mean,ND_B1_B2,33,-0.17491660281616384,0.33025095420822115,-0.13633461602526342,0.44933305529961565,0.13633461602526342,0.5757555759432363,0.005994005994005994,,,,,,0.5357543010792861
Flower_rat,one_sqft,1 ft²,diff_r0p172_ND_B1_B2_mean,pairwise_nd,diff,mean,ND_B1_B2,33,-0.3120286650298845,0.07709607652878407,-0.18720824737459202,0.2968456745832871,0.18720824737459202,0.40802787269993646,0.005994005994005994,,,,,,0.38200967501545774
Flower_rat,one_sqft,1 ft²,0418_r0p172_ND_B1_B3_mean,pairwise_nd,0418,mean,ND_B1_B3,33,-0.21086614657675717,0.2388250328858317,-0.28022472185488256,0.11421404679037248,0.28022472185488256,0.2046109463827526,0.005994005994005994,,,,,,0.18613398367758519
Flower_rat,one_sqft,1 ft²,0510_r0p172_ND_B1_B3_mean,pairwise_nd,0510,mean,ND_B1_B3,33,-0.5279622332558076,0.001589388927434035,-0.5518865552648287,0.0008699514976303985,0.5518865552648287,0.012341712739816393,0.005994005994005994,-0.7876468248068813,-0.1983612404021546,0.0015,0.101,0.1945,0.008834457357762558
Flower_rat,one_sqft,1 ft²,diff_r0p172_ND_B1_B3_mean,pairwise_nd,diff,mean,ND_B1_B3,33,-0.4596120153596387,0.007126200240624603,-0.4654181719483131,0.006345621266418075,0.4654181719483131,0.020677972747465797,0.005994005994005994,,,,,,0.019379589661433928
Flower_rat,one_sqft,1 ft²,0418_r0p172_ND_B1_B4_mean,pairwise_nd,0418,mean,ND_B1_B4,33,0.18367138851490605,0.3062294061734465,0.06531301186431955,0.7180144087047711,0.06531301186431955,0.8150433828540644,0.005994005994005994,,,,,,0.7937291982482837
Flower_rat,one_sqft,1 ft²,0510_r0p172_ND_B1_B4_mean,pairwise_nd,0510,mean,ND_B1_B4,33,0.21064559093975202,0.23932798020481744,0.229351090505554,0.19917160488393873,0.229351090505554,0.28845542776294575,0.005994005994005994,,,,,,0.28134308456731993
Flower_rat,one_sqft,1 ft²,diff_r0p172_ND_B1_B4_mean,pairwise_nd,diff,mean,ND_B1_B4,33,0.07185288621848777,0.6911003607747501,0.07589069759041757,0.6746642421301221,0.07589069759041757,0.7944644346579008,0.005994005994005994,,,,,,0.7648380776517667
Flower_rat,one_sqft,1 ft²,0418_r0p172_ND_B1_B5_mean,pairwise_nd,0418,mean,ND_B1_B5,33,0.05630768833826923,0.7556198074844559,0.21558330908428355,0.22823769363421373,0.21558330908428355,0.32191734400646566,0.005994005994005994,,,,,,0.3130741166807113
Flower_rat,one_sqft,1 ft²,0510_r0p172_ND_B1_B5_mean,pairwise_nd,0510,mean,ND_B1_B5,33,0.42610298591284695,0.013415590310871245,0.4489639941521606,0.008771485140692028,0.4489639941521606,0.026314455422076083,0.005994005994005994,,,,,,0.0249172237163563
Flower_rat,one_sqft,1 ft²,diff_r0p172_ND_B1_B5_mean,pairwise_nd,diff,mean,ND_B1_B5,33,0.44212414578635345,0.00999009907599568,0.5023561221029411,0.002890696726358911,0.5023561221029411,0.01419069302030738,0.005994005994005994,,,,,,0.011332016998709513
Flower_rat,one_sqft,1 ft²,0418_r0p172_ND_B1_B6_mean,pairwise_nd,0418,mean,ND_B1_B6,33,0.019599836969752593,0.9137883946714381,0.11266074797161547,0.5324800701330376,0.11266074797161547,0.6534982678905461,0.005994005994005994,,,,,,0.6229516055600302
Flower_rat,one_sqft,1 ft²,0510_r0p172_ND_B1_B6_mean,pairwise_nd,0510,mean,ND_B1_B6,33,0.4266684365337865,0.013279777576913477,0.4555120853159355,0.007725483857325112,0.4555120853159355,0.024335274150574106,0.005994005994005994,,,,,,0.022809735566089652
Flower_rat,one_sqft,1 ft²,diff_r0p172_ND_B1_B6_mean,pairwise_nd,diff,mean,ND_B1_B6,33,0.449011636814788,0.008763461134666493,0.4907710377362623,0.0037336966020405267,0.4907710377362623,0.015457624343732669,0.005994005994005994,,,,,,0.013906343032749747
Flower_rat,one_sqft,1 ft²,0418_r0p172_ND_B2_B3_mean,pairwise_nd,0418,mean,ND_B2_B3,33,-0.2969305473811674,0.09333688234031434,-0.2766988266128499,0.11903497149970664,0.2766988266128499,0.21025803377050986,0.005994005994005994,,,,,,0.19297937169283458
Flower_rat,one_sqft,1 ft²,0510_r0p172_ND_B2_B3_mean,pairwise_nd,0510,mean,ND_B2_B3,33,-0.5151291287855875,0.0021573886244795103,-0.5740493253576054,0.00047749132026709466,0.5740493253576054,0.012341712739816393,0.005994005994005994,-0.7934437896968941,-0.24656404088744674,0.022,0.1845,0.2855,0.007967730094483367
Flower_rat,one_sqft,1 ft²,diff_r0p172_ND_B2_B3_mean,pairwise_nd,diff,mean,ND_B2_B3,33,-0.3844598026869972,0.02716895132002531,-0.44124060457437475,0.010157492045484962,0.44124060457437475,0.028653223829800862,0.005994005994005994,,,,,,0.02791440376564792
Flower_rat,one_sqft,1 ft²,0418_r0p172_ND_B2_B4_mean,pairwise_nd,0418,mean,ND_B2_B4,33,-0.060877929861959834,0.7364599685395266,-0.049698332935317696,0.7835800586766448,0.049698332935317696,0.8686019418761635,0.005994005994005994,,,,,,0.8535670691714065
Flower_rat,one_sqft,1 ft²,0510_r0p172_ND_B2_B4_mean,pairwise_nd,0510,mean,ND_B2_B4,33,0.29724782663127935,0.0929707173492345,0.35124632601582645,0.04503461294799766,0.35124632601582645,0.09897141682757625,0.005994005994005994,,,,,,0.08997279203529297
Flower_rat,one_sqft,1 ft²,diff_r0p172_ND_B2_B4_mean,pairwise_nd,diff,mean,ND_B2_B4,33,0.31256076085692064,0.07656653677092287,0.4210926317627594,0.014670764018069559,0.4210926317627594,0.03933013332503754,0.005994005994005994,,,,,,0.036844745165165275
Flower_rat,one_sqft,1 ft²,0418_r0p172_ND_B2_B5_mean,pairwise_nd,0418,mean,ND_B2_B5,33,-0.04152858590654829,0.8185084799051826,0.056246424099092675,0.7558776475513932,0.056246424099092675,0.8478390230695153,0.005994005994005994,,,,,,0.8267688688926728
Flower_rat,one_sqft,1 ft²,0510_r0p172_ND_B2_B5_mean,pairwise_nd,0510,mean,ND_B2_B5,33,0.4279635569593444,0.01297305559697491,0.45081089165989197,0.008464957354160096,0.45081089165989197,0.02559803103898013,0.005994005994005994,,,,,,0.02430093911209652
Flower_rat,one_sqft,1 ft²,diff_r0p172_ND_B2_B5_mean,pairwise_nd,diff,mean,ND_B2_B5,33,0.45237728502208646,0.008212163993415369,0.4914426368299828,0.0036795969364365275,0.4914426368299828,0.015457624343732669,0.005994005994005994,,,,,,0.01378740538833446
Flower_rat,one_sqft,1 ft²,0418_r0p172_ND_B2_B6_mean,pairwise_nd,0418,mean,ND_B2_B6,33,-0.06200048847988615,0.7317771017006609,-0.017293676663303118,0.9239009904800488,0.017293676663303118,0.9337822844958783,0.005994005994005994,,,,,,0.9456934987579655
Flower_rat,one_sqft,1 ft²,0510_r0p172_ND_B2_B6_mean,pairwise_nd,0510,mean,ND_B2_B6,33,0.4272298091936134,0.013146088589287352,0.446781297097569,0.009145845848053434,0.446781297097569,0.02679945527569146,0.005994005994005994,,,,,,0.025740796911716005
Flower_rat,one_sqft,1 ft²,diff_r0p172_ND_B2_B6_mean,pairwise_nd,diff,mean,ND_B2_B6,33,0.45265461839560955,0.008168082013343255,0.4773390558618521,0.0049694459770471145,0.4773390558618521,0.01692297819210639,0.005994005994005994,,,,,,0.01626839683012266
Flower_rat,one_sqft,1 ft²,0418_r0p172_ND_B3_B4_mean,pairwise_nd,0418,mean,ND_B3_B4,33,0.24819590150140083,0.16370905368245667,0.2338843843881674,0.19019087952296831,0.2338843843881674,0.279736001788646,0.005994005994005994,,,,,,0.2740511051659142
Flower_rat,one_sqft,1 ft²,0510_r0p172_ND_B3_B4_mean,pairwise_nd,0510,mean,ND_B3_B4,33,0.4840643681637381,0.004312732473255284,0.496983329353177,0.0032585209201556192,0.496983329353177,0.014827473947778032,0.005994005994005994,,,,,,0.012383706796355165
Flower_rat,one_sqft,1 ft²,diff_r0p172_ND_B3_B4_mean,pairwise_nd,diff,mean,ND_B3_B4,33,0.42194389093778234,0.014450829402882412,0.4773390558618521,0.0049694459770471145,0.4773390558618521,0.01692297819210639,0.005994005994005994,,,,,,0.01626839683012266
Flower_rat,one_sqft,1 ft²,0418_r0p172_ND_B3_B5_mean,pairwise_nd,0418,mean,ND_B3_B5,33,0.14654376807996752,0.415772476622757,0.3865052784361532,0.02629419988742866,0.3865052784361532,0.06371286895800021,0.005994005994005994,,,,,,0.05855009187343899
Flower_rat,one_sqft,1 ft²,0510_r0p172_ND_B3_B5_mean,pairwise_nd,0510,mean,ND_B3_B5,33,0.47298350102548425,0.005439122565149901,0.5236793933285673,0.001762347565704039,0.5236793933285673,0.012341712739816393,0.005994005994005994,,,,,,0.00948791494832776
Flower_rat,one_sqft,1 ft²,diff_r0p172_ND_B3_B5_mean,pairwise_nd,diff,mean,ND_B3_B5,33,0.47513756180091976,0.005202291204519436,0.5132696073758993,0.00225285232552204,0.5132696073758993,0.012341712739816393,0.005994005994005994,,,,,,0.010105342402461841
Flower_rat,one_sqft,1 ft²,0418_r0p172_ND_B3_B6_mean,pairwise_nd,0418,mean,ND_B3_B6,33,0.1083983382128219,0.5481967841854639,0.24865956445001863,0.1628977809889675,0.24865956445001863,0.2515441185356881,0.005994005994005994,,,,,,0.24434667148345124
Flower_rat,one_sqft,1 ft²,0510_r0p172_ND_B3_B6_mean,pairwise_nd,0510,mean,ND_B3_B6,33,0.47264410427720394,0.0054772686136759716,0.519481898992814,0.0019475849257937416,0.519481898992814,0.012341712739816393,0.005994005994005994,,,,,,0.009820821432802766
Flower_rat,one_sqft,1 ft²,diff_r0p172_ND_B3_B6_mean,pairwise_nd,diff,mean,ND_B3_B6,33,0.47999049831499985,0.004700946462822471,0.5178029012585128,0.0020263032730417317,0.5178029012585128,0.012341712739816393,0.005994005994005994,,,,,,0.009843414493659176
Flower_rat,one_sqft,1 ft²,0418_r0p172_ND_B4_B5_mean,pairwise_nd,0418,mean,ND_B4_B5,33,-0.028852065461193253,0.8733657873236204,-0.0367700503811979,0.8390164187332507,0.0367700503811979,0.9160763296009916,0.005994005994005994,,,,,,0.8956548268628408
Flower_rat,one_sqft,1 ft²,0510_r0p172_ND_B4_B5_mean,pairwise_nd,0510,mean,ND_B4_B5,33,0.47968252725197286,0.004731478567638177,0.48707724272079955,0.004043689999053253,0.48707724272079955,0.015757884738578656,0.005994005994005994,,,,,,0.01437242959663499
Flower_rat,one_sqft,1 ft²,diff_r0p172_ND_B4_B5_mean,pairwise_nd,diff,mean,ND_B4_B5,33,0.5046730210650427,0.002743546066125271,0.5162918032976417,0.002099506413974465,0.5162918032976417,0.012341712739816393,0.005994005994005994,,,,,,0.009843414493659176
Flower_rat,one_sqft,1 ft²,0418_r0p172_ND_B4_B6_mean,pairwise_nd,0418,mean,ND_B4_B6,33,-0.055348139918789147,0.7596611707242008,-0.03576265174061713,0.8433718589977383,0.03576265174061713,0.9160763296009916,0.005994005994005994,,,,,,0.8987617869159221
Flower_rat,one_sqft,1 ft²,0510_r0p172_ND_B4_B6_mean,pairwise_nd,0510,mean,ND_B4_B6,33,0.47580286069609146,0.0051309571752037025,0.4902673384159719,0.003774720807669499,0.4902673384159719,0.015457624343732669,0.005994005994005994,,,,,,0.013947780251705514
Flower_rat,one_sqft,1 ft²,diff_r0p172_ND_B4_B6_mean,pairwise_nd,diff,mean,ND_B4_B6,33,0.4975685187427823,0.0032165861192003983,0.49161053660341286,0.003666178296254435,0.49161053660341286,0.015457624343732669,0.005994005994005994,,,,,,0.013764765997607195
Flower_rat,one_sqft,1 ft²,0418_r0p172_ND_B5_B6_mean,pairwise_nd,0418,mean,ND_B5_B6,33,-0.12465894171146753,0.48943819027433144,-0.12172733573684234,0.4997876718376081,0.12172733573684234,0.6234974915993923,0.005994005994005994,,,,,,0.5880225697660635
Flower_rat,one_sqft,1 ft²,0510_r0p172_ND_B5_B6_mean,pairwise_nd,0510,mean,ND_B5_B6,33,0.3019592727261402,0.08766138870551085,0.3106145808457356,0.0785171574975347,0.3106145808457356,0.15458065382327144,0.005994005994005994,,,,,,0.14020384295732033
Flower_rat,one_sqft,1 ft²,diff_r0p172_ND_B5_B6_mean,pairwise_nd,diff,mean,ND_B5_B6,33,0.2727010525200522,0.12468265892193431,0.26595324111332175,0.13466219956601153,0.26595324111332175,0.22131439754761895,0.005994005994005994,,,,,,0.20870404019117733
Flower_rat,one_sqft,1 ft²,0418_r0p172_ND_B1_B2_median,pairwise_nd,0418,median,ND_B1_B2,33,0.22715020705422134,0.20363622975575515,0.0742116998561163,0.681481303352043,0.0742116998561163,0.7950615205773836,0.005994005994005994,,,,,,0.7665124243851189
Flower_rat,one_sqft,1 ft²,0510_r0p172_ND_B1_B2_median,pairwise_nd,0510,median,ND_B1_B2,33,-0.2314988860973769,0.1948806707094024,-0.13969261149386597,0.4381363458488873,0.13969261149386597,0.5652407465217727,0.005994005994005994,,,,,,0.5247512332182437
Flower_rat,one_sqft,1 ft²,diff_r0p172_ND_B1_B2_median,pairwise_nd,diff,median,ND_B1_B2,33,-0.33082610830695297,0.06003805366683032,-0.17931695802337602,0.31803596648147436,0.17931695802337602,0.4339985390974632,0.005994005994005994,,,,,,0.40343651492483423
Flower_rat,one_sqft,1 ft²,0418_r0p172_ND_B1_B3_median,pairwise_nd,0418,median,ND_B1_B3,33,-0.1636365087487145,0.362859891961537,-0.18502555032000037,0.3026148086203916,0.18502555032000037,0.4144507161540145,0.005994005994005994,,,,,,0.38729714189687975
Flower_rat,one_sqft,1 ft²,0510_r0p172_ND_B1_B3_median,pairwise_nd,0510,median,ND_B1_B3,33,-0.5569812755427715,0.0007606869950142483,-0.5837875122165529,0.00036186239997069346,0.5837875122165529,0.012341712739816393,0.005994005994005994,-0.8090198458877786,-0.24703885025470776,0.06,0.245,0.36,0.007943943980533105
Flower_rat,one_sqft,1 ft²,diff_r0p172_ND_B1_B3_median,pairwise_nd,diff,median,ND_B1_B3,33,-0.4865545308933222,0.004089301419869092,-0.49832652754061807,0.0031629620957782196,0.49832652754061807,0.014760489780298359,0.005994005994005994,,,,,,0.012119275709901761
Flower_rat,one_sqft,1 ft²,0418_r0p172_ND_B1_B4_median,pairwise_nd,0418,median,ND_B1_B4,33,0.2229902815734678,0.21226297895040577,0.14036421058758647,0.435915461642186,0.14036421058758647,0.5650195174110179,0.005994005994005994,,,,,,0.523427514742006
Flower_rat,one_sqft,1 ft²,0510_r0p172_ND_B1_B4_median,pairwise_nd,0510,median,ND_B1_B4,33,0.16923694891165691,0.34643759634523463,0.23136588778671552,0.1951444913135493,0.23136588778671552,0.28371006814046784,0.005994005994005994,,,,,,0.2777571478192853
Flower_rat,one_sqft,1 ft²,diff_r0p172_ND_B1_B4_median,pairwise_nd,diff,median,ND_B1_B4,33,-0.052855944921346376,0.7701865757580183,0.07521909849669706,0.6773880583906657,0.07521909849669706,0.7950615205773836,0.005994005994005994,,,,,,0.7665124243851189
Flower_rat,one_sqft,1 ft²,0418_r0p172_ND_B1_B5_median,pairwise_nd,0418,median,ND_B1_B5,33,0.05752014734919072,0.750522341785684,0.2829111182297646,0.11064015685227302,0.2829111182297646,0.20203854729545506,0.005994005994005994,,,,,,0.18254158504539475
Flower_rat,one_sqft,1 ft²,0510_r0p172_ND_B1_B5_median,pairwise_nd,0510,median,ND_B1_B5,33,0.46946157754065254,0.005846267547365375,0.507393115305845,0.002579121786426143,0.507393115305845,0.013354904592727153,0.005994005994005994,,,,,,0.010671044907918365
Flower_rat,one_sqft,1 ft²,diff_r0p172_ND_B1_B5_median,pairwise_nd,diff,median,ND_B1_B5,33,0.48339885743477085,0.004374196951314789,0.5300595847189121,0.001510242458082033,0.5300595847189121,0.012341712739816393,0.005994005994005994,,,,,,0.009163277638714667
Flower_rat,one_sqft,1 ft²,0418_r0p172_ND_B1_B6_median,pairwise_nd,0418,median,ND_B1_B6,33,0.023806493437087344,0.8953772780232175,0.141035809681307,0.43370076224761456,0.141035809681307,0.5650195174110179,0.005994005994005994,,,,,,0.521111154123663
Flower_rat,one_sqft,1 ft²,0510_r0p172_ND_B1_B6_median,pairwise_nd,0510,median,ND_B1_B6,33,0.4361585917408846,0.011167083103070394,0.48153655019760533,0.004550218827890733,0.48153655019760533,0.016698861329540748,0.005994005994005994,,,,,,0.015550747862351848
Flower_rat,one_sqft,1 ft²,diff_r0p172_ND_B1_B6_median,pairwise_nd,diff,median,ND_B1_B6,33,0.4665040066153248,0.006208068140061597,0.5154523044304911,0.0021411619594667304,0.5154523044304911,0.012341712739816393,0.005994005994005994,,,,,,0.009952441573002678
Flower_rat,one_sqft,1 ft²,0418_r0p172_ND_B2_B3_median,pairwise_nd,0418,median,ND_B2_B3,33,-0.24705960890336362,0.16570945842988524,-0.21491170999056303,0.2297253144040898,0.21491170999056303,0.32281103659756855,0.005994005994005994,,,,,,0.313353389384526
Flower_rat,one_sqft,1 ft²,0510_r0p172_ND_B2_B3_median,pairwise_nd,0510,median,ND_B2_B3,33,-0.52643173304628,0.0016494109081382385,-0.6586708111663896,3.081388048805021e-05,0.6586708111663896,0.01164764682448298,0.005994005994005994,-0.8300533040706575,-0.3762040771158745,0.386,0.601,0.711,0.0028749350495350847
Flower_rat,one_sqft,1 ft²,diff_r0p172_ND_B2_B3_median,pairwise_nd,diff,median,ND_B2_B3,33,-0.38876365633239307,0.025355402249661953,-0.5016845230092205,0.0029346103742105816,0.5016845230092205,0.014221573351943588,0.005994005994005994,,,,,,0.011456031293466413
Flower_rat,one_sqft,1 ft²,0418_r0p172_ND_B2_B4_median,pairwise_nd,0418,median,ND_B2_B4,33,0.09860739591621828,0.5851015136887967,0.09637446994889311,0.593668991144416,0.09637446994889311,0.716954883874087,0.005994005994005994,,,,,,0.6855113474476981
Flower_rat,one_sqft,1 ft²,0510_r0p172_ND_B2_B4_median,pairwise_nd,0510,median,ND_B2_B4,33,0.32790588556211697,0.06247268696797672,0.3566191187655905,0.04163402587207009,0.3566191187655905,0.09257448105672055,0.005994005994005994,,,,,,0.08490611177845113
Flower_rat,one_sqft,1 ft²,diff_r0p172_ND_B2_B4_median,pairwise_nd,diff,median,ND_B2_B4,33,0.25202003771379616,0.15710394673281472,0.3666931051713982,0.03581595241590408,0.3666931051713982,0.08155680730850448,0.005994005994005994,,,,,,0.0749244026996379
Flower_rat,one_sqft,1 ft²,0418_r0p172_ND_B2_B5_median,pairwise_nd,0418,median,ND_B2_B5,33,-0.023876614054600297,0.8950708105696873,0.1190409393619603,0.5093674835616706,0.1190409393619603,0.6292186561644166,0.005994005994005994,,,,,,0.597785990142187
Flower_rat,one_sqft,1 ft²,0510_r0p172_ND_B2_B5_median,pairwise_nd,0510,median,ND_B2_B5,33,0.48024295148050844,0.004676044903306434,0.4872451424942296,0.0040291325990748205,0.4872451424942296,0.015757884738578656,0.005994005994005994,,,,,,0.014348017995942014
Flower_rat,one_sqft,1 ft²,diff_r0p172_ND_B2_B5_median,pairwise_nd,diff,median,ND_B2_B5,33,0.4779312717781619,0.004908359148454094,0.4884204409082405,0.003928490463400655,0.4884204409082405,0.01563125679121524,0.005994005994005994,,,,,,0.014121192281228033
Flower_rat,one_sqft,1 ft²,0418_r0p172_ND_B2_B6_median,pairwise_nd,0418,median,ND_B2_B6,33,-0.04896373845976708,0.7867048651650757,0.08109559056675152,0.6536941448917065,0.08109559056675152,0.7721762086533284,0.005994005994005994,,,,,,0.7428704472399053
Flower_rat,one_sqft,1 ft²,0510_r0p172_ND_B2_B6_median,pairwise_nd,0510,median,ND_B2_B6,33,0.45481199980665676,0.007831987275029206,0.444262800496117,0.009594554709009164,0.444262800496117,0.02747531575761715,0.005994005994005994,,,,,,0.02656296600446751
Flower_rat,one_sqft,1 ft²,diff_r0p172_ND_B2_B6_median,pairwise_nd,diff,median,ND_B2_B6,33,0.46496811705375457,0.00640339324458045,0.4728057619792387,0.0054590707944392166,0.4728057619792387,0.01826131646281437,0.005994005994005994,,,,,,0.017685114761152046
Flower_rat,one_sqft,1 ft²,0418_r0p172_ND_B3_B4_median,pairwise_nd,0418,median,ND_B3_B4,33,0.24661995402782802,0.16648812665060117,0.23220538665386614,0.19348339788286345,0.23220538665386614,0.2823811752885034,0.005994005994005994,,,,,,0.2760244804659199
Flower_rat,one_sqft,1 ft²,0510_r0p172_ND_B3_B4_median,pairwise_nd,0510,median,ND_B3_B4,33,0.5254659871911046,0.0016882960179850856,0.5354323774686762,0.0013230185878105119,0.5354323774686762,0.012341712739816393,0.005994005994005994,,,,,,0.009109788504997843
Flower_rat,one_sqft,1 ft²,diff_r0p172_ND_B3_B4_median,pairwise_nd,diff,median,ND_B3_B4,33,0.4425015066014132,0.009919320270867713,0.552390254585119,0.0008585655427384685,0.552390254585119,0.012341712739816393,0.005994005994005994,0.21137454862693614,0.790177639034536,0.0005,0.124,0.2185,0.008834457357762558
Flower_rat,one_sqft,1 ft²,0418_r0p172_ND_B3_B5_median,pairwise_nd,0418,median,ND_B3_B5,33,0.1290315083895177,0.47420802325101163,0.33915754232885725,0.05350119728505548,0.33915754232885725,0.11490598053267598,0.005994005994005994,,,,,,0.10421005650721663
Flower_rat,one_sqft,1 ft²,0510_r0p172_ND_B3_B5_median,pairwise_nd,0510,median,ND_B3_B5,33,0.514377162088293,0.002195560004003194,0.5376150745232678,0.0012529754358140486,0.5376150745232678,0.012341712739816393,0.005994005994005994,,,,,,0.009109788504997843
Flower_rat,one_sqft,1 ft²,diff_r0p172_ND_B3_B5_median,pairwise_nd,diff,median,ND_B3_B5,33,0.511165190176473,0.0023653039823731486,0.5586025462020338,0.0007285525413189768,0.5586025462020338,0.012341712739816393,0.005994005994005994,0.21823868471393906,0.7983792770100461,0.0,0.0205,0.094,0.008439277584219215
Flower_rat,one_sqft,1 ft²,0418_r0p172_ND_B3_B6_median,pairwise_nd,0418,median,ND_B3_B6,33,0.09578917102436922,0.595923708546949,0.24882746422344876,0.16260471817057828,0.24882746422344876,0.2515441185356881,0.005994005994005994,,,,,,0.24434667148345124
Flower_rat,one_sqft,1 ft²,0510_r0p172_ND_B3_B6_median,pairwise_nd,0510,median,ND_B3_B6,33,0.4991879778352993,0.0031029616092788214,0.5270373887971699,0.00162542599057586,0.5270373887971699,0.012341712739816393,0.005994005994005994,,,,,,0.009163277638714667
Flower_rat,one_sqft,1 ft²,diff_r0p172_ND_B3_B6_median,pairwise_nd,diff,median,ND_B3_B6,33,0.504879125740552,0.002730776594455062,0.5520544550382588,0.000866141493206586,0.5520544550382588,0.012341712739816393,0.005994005994005994,0.20946858343348174,0.7911822381783439,0.0005,0.009,0.036,0.008834457357762558
Flower_rat,one_sqft,1 ft²,0418_r0p172_ND_B4_B5_median,pairwise_nd,0418,median,ND_B4_B5,33,-0.06943666533390123,0.7010029038561341,-0.020651672131905666,0.909180367301859,0.020651672131905666,0.9313554982116605,0.005994005994005994,,,,,,0.9424709349439775
Flower_rat,one_sqft,1 ft²,0510_r0p172_ND_B4_B5_median,pairwise_nd,0510,median,ND_B4_B5,33,0.5260453387628541,0.0016648738447825992,0.5052104182512532,0.0027103590382943996,0.5052104182512532,0.013844806979395718,0.005994005994005994,,,,,,0.010923390854119546
Flower_rat,one_sqft,1 ft²,diff_r0p172_ND_B4_B5_median,pairwise_nd,diff,median,ND_B4_B5,33,0.5405585698226503,0.0011636778910575673,0.5433236668198922,0.0010849317046638647,0.5433236668198922,0.012341712739816393,0.005994005994005994,0.19399322202799915,0.7926317913999819,0.017,0.072,0.1385,0.009109788504997843
Flower_rat,one_sqft,1 ft²,0418_r0p172_ND_B4_B6_median,pairwise_nd,0418,median,ND_B4_B6,33,-0.09069932327641753,0.6156853269840553,-0.06816730801263171,0.7062247256038097,0.06816730801263171,0.8089483220552729,0.005994005994005994,,,,,,0.7844138916528028
Flower_rat,one_sqft,1 ft²,0510_r0p172_ND_B4_B6_median,pairwise_nd,0510,median,ND_B4_B6,33,0.491993523895029,0.003635727825543701,0.48539824498649825,0.0041917765075417225,0.48539824498649825,0.015815061276174634,0.005994005994005994,,,,,,0.014702734892994087
Flower_rat,one_sqft,1 ft²,diff_r0p172_ND_B4_B6_median,pairwise_nd,diff,median,ND_B4_B6,33,0.5182493872375612,0.0020051041519392443,0.5036993202903821,0.0028045760741472314,0.5036993202903821,0.013949075737205966,0.005994005994005994,,,,,,0.011230341103774107
Flower_rat,one_sqft,1 ft²,0418_r0p172_ND_B5_B6_median,pairwise_nd,0418,median,ND_B5_B6,33,-0.13300695125919929,0.4605790718048258,-0.09217697561313992,0.609920077496443,0.09217697561313992,0.7272864015572726,0.005994005994005994,,,,,,0.6990852976709844
Flower_rat,one_sqft,1 ft²,0510_r0p172_ND_B5_B6_median,pairwise_nd,0510,median,ND_B5_B6,33,0.06148289289313269,0.7339351357106458,0.023841767827078086,0.8952231067800009,0.023841767827078086,0.9269785650146672,0.005994005994005994,,,,,,0.9418241789069869
Flower_rat,one_sqft,1 ft²,diff_r0p172_ND_B5_B6_median,pairwise_nd,diff,median,ND_B5_B6,33,0.13286433422555763,0.46106437243703413,0.06178711662228687,0.7326664790811175,0.06178711662228687,0.8242497889662572,0.005994005994005994,,,,,,0.8056309074633855
Flower_rat,one_sqft,1 ft²,0418_r0p172_NDVI_mean,predefined_index,0418,mean,NDVI,33,-0.1083983382128219,0.5481967841854639,-0.24865956445001863,0.1628977809889675,0.24865956445001863,0.2515441185356881,0.005994005994005994,,,,,,0.24434667148345124
Flower_rat,one_sqft,1 ft²,0418_r0p172_GNDVI_mean,predefined_index,0418,mean,GNDVI,33,0.06200048847988615,0.7317771017006609,0.017293676663303118,0.9239009904800488,0.017293676663303118,0.9337822844958783,0.005994005994005994,,,,,,0.9456934987579655
Flower_rat,one_sqft,1 ft²,0418_r0p172_NDRE1_mean,predefined_index,0418,mean,NDRE1,33,0.055348139918789147,0.7596611707242008,0.03576265174061713,0.8433718589977383,0.03576265174061713,0.9160763296009916,0.005994005994005994,,,,,,0.8987617869159221
Flower_rat,one_sqft,1 ft²,0418_r0p172_NDRE2_mean,predefined_index,0418,mean,NDRE2,33,0.12465894171146753,0.48943819027433144,0.12172733573684234,0.4997876718376081,0.12172733573684234,0.6234974915993923,0.005994005994005994,,,,,,0.5880225697660635
Flower_rat,one_sqft,1 ft²,0418_r0p172_RENDVI1_mean,predefined_index,0418,mean,RENDVI1,33,-0.24819590150140083,0.16370905368245667,-0.2338843843881674,0.19019087952296831,0.2338843843881674,0.279736001788646,0.005994005994005994,,,,,,0.2740511051659142
Flower_rat,one_sqft,1 ft²,0418_r0p172_RENDVI2_mean,predefined_index,0418,mean,RENDVI2,33,-0.14654376807996752,0.415772476622757,-0.3865052784361532,0.02629419988742866,0.3865052784361532,0.06371286895800021,0.005994005994005994,,,,,,0.05855009187343899
Flower_rat,one_sqft,1 ft²,0418_r0p172_RVI_mean,predefined_index,0418,mean,RVI,33,-0.15512976316675547,0.3886726649443066,-0.24865956445001863,0.1628977809889675,0.24865956445001863,0.2515441185356881,0.005994005994005994,,,,,,0.24434667148345124
Flower_rat,one_sqft,1 ft²,0418_r0p172_DVI_mean,predefined_index,0418,mean,DVI,33,-0.0223233505266138,0.9018628759617059,-0.17260096708617093,0.3367932733279193,0.17260096708617093,0.4563005638636326,0.005994005994005994,,,,,,0.4176158724124847
Flower_rat,one_sqft,1 ft²,0418_r0p172_SAVI_mean,predefined_index,0418,mean,SAVI,33,-0.10837816247541285,0.548271692522053,-0.24865956445001863,0.1628977809889675,0.24865956445001863,0.2515441185356881,0.005994005994005994,,,,,,0.24434667148345124
Flower_rat,one_sqft,1 ft²,0418_r0p172_EVI_mean,predefined_index,0418,mean,EVI,33,-0.21257912960818032,0.23494294255631198,-0.27216553273023647,0.12545402148827414,0.27216553273023647,0.21707573400589622,0.005994005994005994,,,,,,0.1982194784903637
Flower_rat,one_sqft,1 ft²,0418_r0p172_CI_RE1_mean,predefined_index,0418,mean,CI_RE1,33,0.058977168485089985,0.7444103663212154,0.03576265174061713,0.8433718589977383,0.03576265174061713,0.9160763296009916,0.005994005994005994,,,,,,0.8987617869159221
Flower_rat,one_sqft,1 ft²,0418_r0p172_CI_RE2_mean,predefined_index,0418,mean,CI_RE2,33,0.12423765873551257,0.49091866728596584,0.12172733573684234,0.4997876718376081,0.12172733573684234,0.6234974915993923,0.005994005994005994,,,,,,0.5880225697660635
Flower_rat,one_sqft,1 ft²,0510_r0p172_NDVI_mean,predefined_index,0510,mean,NDVI,33,-0.47264410427720394,0.0054772686136759716,-0.519481898992814,0.0019475849257937416,0.519481898992814,0.012341712739816393,0.005994005994005994,,,,,,0.009820821432802766
Flower_rat,one_sqft,1 ft²,0510_r0p172_GNDVI_mean,predefined_index,0510,mean,GNDVI,33,-0.4272298091936134,0.013146088589287352,-0.446781297097569,0.009145845848053434,0.446781297097569,0.02679945527569146,0.005994005994005994,,,,,,0.025740796911716005
Flower_rat,one_sqft,1 ft²,0510_r0p172_NDRE1_mean,predefined_index,0510,mean,NDRE1,33,-0.47580286069609146,0.0051309571752037025,-0.4902673384159719,0.003774720807669499,0.4902673384159719,0.015457624343732669,0.005994005994005994,,,,,,0.013947780251705514
Flower_rat,one_sqft,1 ft²,0510_r0p172_NDRE2_mean,predefined_index,0510,mean,NDRE2,33,-0.3019592727261402,0.08766138870551085,-0.3106145808457356,0.0785171574975347,0.3106145808457356,0.15458065382327144,0.005994005994005994,,,,,,0.14020384295732033
Flower_rat,one_sqft,1 ft²,0510_r0p172_RENDVI1_mean,predefined_index,0510,mean,RENDVI1,33,-0.4840643681637381,0.004312732473255284,-0.496983329353177,0.0032585209201556192,0.496983329353177,0.014827473947778032,0.005994005994005994,,,,,,0.012383706796355165
Flower_rat,one_sqft,1 ft²,0510_r0p172_RENDVI2_mean,predefined_index,0510,mean,RENDVI2,33,-0.47298350102548425,0.005439122565149901,-0.5236793933285673,0.001762347565704039,0.5236793933285673,0.012341712739816393,0.005994005994005994,,,,,,0.00948791494832776
Flower_rat,one_sqft,1 ft²,0510_r0p172_RVI_mean,predefined_index,0510,mean,RVI,33,-0.5087512004349791,0.0025002814976808345,-0.519481898992814,0.0019475849257937416,0.519481898992814,0.012341712739816393,0.005994005994005994,,,,,,0.009820821432802766
Flower_rat,one_sqft,1 ft²,0510_r0p172_DVI_mean,predefined_index,0510,mean,DVI,33,-0.4114300903217829,0.017369953151610017,-0.45181829030047277,0.008301630891238953,0.45181829030047277,0.02559803103898013,0.005994005994005994,,,,,,0.02405410441467684
Flower_rat,one_sqft,1 ft²,0510_r0p172_SAVI_mean,predefined_index,0510,mean,SAVI,33,-0.47264541338496213,0.005477121038657508,-0.519481898992814,0.0019475849257937416,0.519481898992814,0.012341712739816393,0.005994005994005994,,,,,,0.009820821432802766
Flower_rat,one_sqft,1 ft²,0510_r0p172_EVI_mean,predefined_index,0510,mean,EVI,33,-0.5004789228969129,0.003014892711784778,-0.5302274844923422,0.0015040582877868468,0.5302274844923422,0.012341712739816393,0.005994005994005994,,,,,,0.009163277638714667
Flower_rat,one_sqft,1 ft²,0510_r0p172_CI_RE1_mean,predefined_index,0510,mean,CI_RE1,33,-0.4795833418532481,0.004741347993883546,-0.4902673384159719,0.003774720807669499,0.4902673384159719,0.015457624343732669,0.005994005994005994,,,,,,0.013947780251705514
Flower_rat,one_sqft,1 ft²,0510_r0p172_CI_RE2_mean,predefined_index,0510,mean,CI_RE2,33,-0.30154480413803514,0.08811890977998693,-0.3106145808457356,0.0785171574975347,0.3106145808457356,0.15458065382327144,0.005994005994005994,,,,,,0.14020384295732033
Flower_rat,one_sqft,1 ft²,diff_r0p172_NDVI_mean,predefined_index,diff,mean,NDVI,33,-0.47999049831499985,0.004700946462822471,-0.5178029012585128,0.0020263032730417317,0.5178029012585128,0.012341712739816393,0.005994005994005994,,,,,,0.009843414493659176
Flower_rat,one_sqft,1 ft²,ratio_r0p172_NDVI_mean,predefined_index,ratio,mean,NDVI,33,-0.47898889425537367,0.0048008701713073915,-0.5198176985396743,0.0019321653780573695,0.5198176985396743,0.012341712739816393,0.005994005994005994,,,,,,0.009820821432802766
Flower_rat,one_sqft,1 ft²,rel_r0p172_NDVI_mean,predefined_index,rel,mean,NDVI,33,-0.4789888942553736,0.004800870171307414,-0.5198176985396743,0.0019321653780573695,0.5198176985396743,0.012341712739816393,0.005994005994005994,,,,,,0.009820821432802766
Flower_rat,one_sqft,1 ft²,diff_r0p172_GNDVI_mean,predefined_index,diff,mean,GNDVI,33,-0.45265461839560955,0.008168082013343255,-0.4773390558618521,0.0049694459770471145,0.4773390558618521,0.01692297819210639,0.005994005994005994,,,,,,0.01626839683012266
Flower_rat,one_sqft,1 ft²,ratio_r0p172_GNDVI_mean,predefined_index,ratio,mean,GNDVI,33,-0.45120175984832644,0.008401265861341213,-0.4845587461193475,0.004267556217380457,0.4845587461193475,0.015815061276174634,0.005994005994005994,,,,,,0.01491008139071552
Flower_rat,one_sqft,1 ft²,rel_r0p172_GNDVI_mean,predefined_index,rel,mean,GNDVI,33,-0.4512017598483265,0.008401265861341213,-0.4845587461193475,0.004267556217380457,0.4845587461193475,0.015815061276174634,0.005994005994005994,,,,,,0.01491008139071552
Flower_rat,one_sqft,1 ft²,diff_r0p172_NDRE1_mean,predefined_index,diff,mean,NDRE1,33,-0.4975685187427823,0.0032165861192003983,-0.49161053660341286,0.003666178296254435,0.49161053660341286,0.015457624343732669,0.005994005994005994,,,,,,0.013764765997607195
Flower_rat,one_sqft,1 ft²,ratio_r0p172_NDRE1_mean,predefined_index,ratio,mean,NDRE1,33,-0.4996717919477316,0.0030696979791757753,-0.5216645960474057,0.0018492465715847454,0.5216645960474057,0.012341712739816393,0.005994005994005994,,,,,,0.00980310824595777
Flower_rat,one_sqft,1 ft²,rel_r0p172_NDRE1_mean,predefined_index,rel,mean,NDRE1,33,-0.49967179194773165,0.0030696979791757753,-0.5216645960474057,0.0018492465715847454,0.5216645960474057,0.012341712739816393,0.005994005994005994,,,,,,0.00980310824595777
Flower_rat,one_sqft,1 ft²,diff_r0p172_NDRE2_mean,predefined_index,diff,mean,NDRE2,33,-0.2727010525200522,0.12468265892193431,-0.26595324111332175,0.13466219956601153,0.26595324111332175,0.22131439754761895,0.005994005994005994,,,,,,0.20870404019117733
Flower_rat,one_sqft,1 ft²,ratio_r0p172_NDRE2_mean,predefined_index,ratio,mean,NDRE2,33,-0.3058661222629636,0.08343773281185289,-0.28022472185488256,0.11421404679037248,0.28022472185488256,0.2046109463827526,0.005994005994005994,,,,,,0.18613398367758519
Flower_rat,one_sqft,1 ft²,rel_r0p172_NDRE2_mean,predefined_index,rel,mean,NDRE2,33,-0.30586612226296384,0.08343773281185289,-0.28022472185488256,0.11421404679037248,0.28022472185488256,0.2046109463827526,0.005994005994005994,,,,,,0.18613398367758519
Flower_rat,one_sqft,1 ft²,diff_r0p172_RENDVI1_mean,predefined_index,diff,mean,RENDVI1,33,-0.42194389093778234,0.014450829402882412,-0.4773390558618521,0.0049694459770471145,0.4773390558618521,0.01692297819210639,0.005994005994005994,,,,,,0.01626839683012266
Flower_rat,one_sqft,1 ft²,ratio_r0p172_RENDVI1_mean,predefined_index,ratio,mean,RENDVI1,33,-0.4390087954986593,0.010590922449044242,-0.4588700807845381,0.007231610523616147,0.4588700807845381,0.02316566760955003,0.005994005994005994,,,,,,0.021556206448989985
Flower_rat,one_sqft,1 ft²,rel_r0p172_RENDVI1_mean,predefined_index,rel,mean,RENDVI1,33,-0.4390087954986591,0.010590922449044242,-0.4588700807845381,0.007231610523616147,0.4588700807845381,0.02316566760955003,0.005994005994005994,,,,,,0.021556206448989985
Flower_rat,one_sqft,1 ft²,diff_r0p172_RENDVI2_mean,predefined_index,diff,mean,RENDVI2,33,-0.47513756180091976,0.005202291204519436,-0.5132696073758993,0.00225285232552204,0.5132696073758993,0.012341712739816393,0.005994005994005994,,,,,,0.010105342402461841
Flower_rat,one_sqft,1 ft²,ratio_r0p172_RENDVI2_mean,predefined_index,ratio,mean,RENDVI2,33,-0.4752249719612275,0.005192870692833211,-0.5303953842657724,0.0014978962876342772,0.5303953842657724,0.012341712739816393,0.005994005994005994,,,,,,0.009163277638714667
Flower_rat,one_sqft,1 ft²,rel_r0p172_RENDVI2_mean,predefined_index,rel,mean,RENDVI2,33,-0.4752249719612275,0.005192870692833211,-0.5303953842657724,0.0014978962876342772,0.5303953842657724,0.012341712739816393,0.005994005994005994,,,,,,0.009163277638714667
Flower_rat,one_sqft,1 ft²,diff_r0p172_RVI_mean,predefined_index,diff,mean,RVI,33,-0.33651625105741956,0.055509290228472646,-0.3421797382505996,0.051274707464179364,0.3421797382505996,0.11138988173252758,0.005994005994005994,,,,,,0.10018702002948554
Flower_rat,one_sqft,1 ft²,ratio_r0p172_RVI_mean,predefined_index,ratio,mean,RVI,33,-0.507210947751158,0.0025898595954980887,-0.48942783954882124,0.0038439594928859015,0.48942783954882124,0.015457624343732669,0.005994005994005994,,,,,,0.014064369438676652
Flower_rat,one_sqft,1 ft²,rel_r0p172_RVI_mean,predefined_index,rel,mean,RVI,33,-0.5072109477511583,0.0025898595954980887,-0.48942783954882124,0.0038439594928859015,0.48942783954882124,0.015457624343732669,0.005994005994005994,,,,,,0.014064369438676652
Flower_rat,one_sqft,1 ft²,diff_r0p172_DVI_mean,predefined_index,diff,mean,DVI,33,-0.5470434223187081,0.0009863998384771156,-0.595876295903522,0.0002533158937497983,0.595876295903522,0.012341712739816393,0.005994005994005994,-0.7830584610919661,-0.32578370978719146,0.0645,0.24,0.39,0.007093024941597355
Flower_rat,one_sqft,1 ft²,ratio_r0p172_DVI_mean,predefined_index,ratio,mean,DVI,33,-0.5393105559381107,0.0012008329023536007,-0.5609531430300555,0.0006840896791508067,0.5609531430300555,0.012341712739816393,0.005994005994005994,-0.7741996672344841,-0.2581577049963023,0.008,0.095,0.219,0.008326530812249027
Flower_rat,one_sqft,1 ft²,rel_r0p172_DVI_mean,predefined_index,rel,mean,DVI,33,-0.5393105559381108,0.001200832902353594,-0.5609531430300555,0.0006840896791508067,0.5609531430300555,0.012341712739816393,0.005994005994005994,-0.7741996672344841,-0.2581577049963023,0.004,0.091,0.2135,0.008326530812249027
Flower_rat,one_sqft,1 ft²,diff_r0p172_SAVI_mean,predefined_index,diff,mean,SAVI,33,-0.4799980052326114,0.004700204351087555,-0.5178029012585128,0.0020263032730417317,0.5178029012585128,0.012341712739816393,0.005994005994005994,,,,,,0.009843414493659176
Flower_rat,one_sqft,1 ft²,ratio_r0p172_SAVI_mean,predefined_index,ratio,mean,SAVI,33,-0.47899524181596276,0.004800231211404322,-0.5198176985396743,0.0019321653780573695,0.5198176985396743,0.012341712739816393,0.005994005994005994,,,,,,0.009820821432802766
Flower_rat,one_sqft,1 ft²,rel_r0p172_SAVI_mean,predefined_index,rel,mean,SAVI,33,-0.47899524181596276,0.004800231211404322,-0.5198176985396743,0.0019321653780573695,0.5198176985396743,0.012341712739816393,0.005994005994005994,,,,,,0.009820821432802766
Flower_rat,one_sqft,1 ft²,diff_r0p172_EVI_mean,predefined_index,diff,mean,EVI,33,-0.486505160336979,0.004093632291675985,-0.5089042132667161,0.0024915313971879513,0.5089042132667161,0.013080539835236745,0.005994005994005994,,,,,,0.010440976479987745
Flower_rat,one_sqft,1 ft²,ratio_r0p172_EVI_mean,predefined_index,ratio,mean,EVI,33,-0.49321320991850687,0.00354020458544105,-0.5117585094150282,0.0023331157610384052,0.5117585094150282,0.012421376868627002,0.005994005994005994,,,,,,0.010259432775398172
Flower_rat,one_sqft,1 ft²,rel_r0p172_EVI_mean,predefined_index,rel,mean,EVI,33,-0.493213209918507,0.00354020458544105,-0.5117585094150282,0.0023331157610384052,0.5117585094150282,0.012421376868627002,0.005994005994005994,,,,,,0.010259432775398172
Flower_rat,one_sqft,1 ft²,diff_r0p172_CI_RE1_mean,predefined_index,diff,mean,CI_RE1,33,-0.4153504937731741,0.01622876071634237,-0.38868797549074485,0.025386409787264662,0.38868797549074485,0.06271936535677153,0.005994005994005994,,,,,,0.05693634695076425
Flower_rat,one_sqft,1 ft²,ratio_r0p172_CI_RE1_mean,predefined_index,ratio,mean,CI_RE1,33,-0.5044324611136148,0.002758515765300016,-0.5001734250483494,0.003035535862136832,0.5001734250483494,0.014342906948596532,0.005994005994005994,,,,,,0.011776112097187794
Flower_rat,one_sqft,1 ft²,rel_r0p172_CI_RE1_mean,predefined_index,rel,mean,CI_RE1,33,-0.5044324611136148,0.002758515765300016,-0.5001734250483494,0.003035535862136832,0.5001734250483494,0.014342906948596532,0.005994005994005994,,,,,,0.011776112097187794
Flower_rat,one_sqft,1 ft²,diff_r0p172_CI_RE2_mean,predefined_index,diff,mean,CI_RE2,33,-0.2629222925269506,0.1393309196197684,-0.2461410678485667,0.16733924844679596,0.2461410678485667,0.254033075955377,0.005994005994005994,,,,,,0.2478214584140645
Flower_rat,one_sqft,1 ft²,ratio_r0p172_CI_RE2_mean,predefined_index,ratio,mean,CI_RE2,33,-0.3044751684223046,0.0849231311933963,-0.2713260338630858,0.12667034127503093,0.2713260338630858,0.21707573400589622,0.005994005994005994,,,,,,0.19929751839730836
Flower_rat,one_sqft,1 ft²,rel_r0p172_CI_RE2_mean,predefined_index,rel,mean,CI_RE2,33,-0.3044751684223047,0.0849231311933963,-0.2713260338630858,0.12667034127503093,0.2713260338630858,0.21707573400589622,0.005994005994005994,,,,,,0.19929751839730836
Flower_rat,one_sqft,1 ft²,0418_r0p172_NDVI_median,predefined_index,0418,median,NDVI,33,-0.09578917102436922,0.595923708546949,-0.24882746422344876,0.16260471817057828,0.24882746422344876,0.2515441185356881,0.005994005994005994,,,,,,0.24434667148345124
Flower_rat,one_sqft,1 ft²,0418_r0p172_GNDVI_median,predefined_index,0418,median,GNDVI,33,0.04896373845976708,0.7867048651650757,-0.08109559056675152,0.6536941448917065,0.08109559056675152,0.7721762086533284,0.005994005994005994,,,,,,0.7428704472399053
Flower_rat,one_sqft,1 ft²,0418_r0p172_NDRE1_median,predefined_index,0418,median,NDRE1,33,0.09069932327641753,0.6156853269840553,0.06816730801263171,0.7062247256038097,0.06816730801263171,0.8089483220552729,0.005994005994005994,,,,,,0.7844138916528028
Flower_rat,one_sqft,1 ft²,0418_r0p172_NDRE2_median,predefined_index,0418,median,NDRE2,33,0.13300695125919929,0.4605790718048258,0.09217697561313992,0.609920077496443,0.09217697561313992,0.7272864015572726,0.005994005994005994,,,,,,0.6990852976709844
Flower_rat,one_sqft,1 ft²,0418_r0p172_RENDVI1_median,predefined_index,0418,median,RENDVI1,33,-0.24661995402782802,0.16648812665060117,-0.23220538665386614,0.19348339788286345,0.23220538665386614,0.2823811752885034,0.005994005994005994,,,,,,0.2760244804659199
Flower_rat,one_sqft,1 ft²,0418_r0p172_RENDVI2_median,predefined_index,0418,median,RENDVI2,33,-0.1290315083895177,0.47420802325101163,-0.33915754232885725,0.05350119728505548,0.33915754232885725,0.11490598053267598,0.005994005994005994,,,,,,0.10421005650721663
Flower_rat,one_sqft,1 ft²,0418_r0p172_RVI_median,predefined_index,0418,median,RVI,33,-0.14433912039980343,0.4228980641733409,-0.24882746422344876,0.16260471817057828,0.24882746422344876,0.2515441185356881,0.005994005994005994,,,,,,0.24434667148345124
Flower_rat,one_sqft,1 ft²,0418_r0p172_DVI_median,predefined_index,0418,median,DVI,33,-0.009568599562121192,0.9578521563474764,-0.17579106278134335,0.3278008476884281,0.17579106278134335,0.4457148216770713,0.005994005994005994,,,,,,0.4133334641456917
Flower_rat,one_sqft,1 ft²,0418_r0p172_SAVI_median,predefined_index,0418,median,SAVI,33,-0.09576813036425472,0.5960048314676458,-0.24882746422344876,0.16260471817057828,0.24882746422344876,0.2515441185356881,0.005994005994005994,,,,,,0.24434667148345124
Flower_rat,one_sqft,1 ft²,0418_r0p172_EVI_median,predefined_index,0418,median,EVI,33,-0.16638264024306756,0.3547503031658546,-0.16722817433640685,0.35227544179756454,0.16722817433640685,0.4755718464267121,0.005994005994005994,,,,,,0.4338917322734359
Flower_rat,one_sqft,1 ft²,0418_r0p172_CI_RE1_median,predefined_index,0418,median,CI_RE1,33,0.09561770083307972,0.5965849565482012,0.06816730801263171,0.7062247256038097,0.06816730801263171,0.8089483220552729,0.005994005994005994,,,,,,0.7844138916528028
Flower_rat,one_sqft,1 ft²,0418_r0p172_CI_RE2_median,predefined_index,0418,median,CI_RE2,33,0.1325993659105702,0.4619667337201144,0.09217697561313992,0.609920077496443,0.09217697561313992,0.7272864015572726,0.005994005994005994,,,,,,0.6990852976709844
Flower_rat,one_sqft,1 ft²,0510_r0p172_NDVI_median,predefined_index,0510,median,NDVI,33,-0.4991879778352993,0.0031029616092788214,-0.5270373887971699,0.00162542599057586,0.5270373887971699,0.012341712739816393,0.005994005994005994,,,,,,0.009163277638714667
Flower_rat,one_sqft,1 ft²,0510_r0p172_GNDVI_median,predefined_index,0510,median,GNDVI,33,-0.45481199980665676,0.007831987275029206,-0.444262800496117,0.009594554709009164,0.444262800496117,0.02747531575761715,0.005994005994005994,,,,,,0.02656296600446751
Flower_rat,one_sqft,1 ft²,0510_r0p172_NDRE1_median,predefined_index,0510,median,NDRE1,33,-0.491993523895029,0.003635727825543701,-0.48539824498649825,0.0041917765075417225,0.48539824498649825,0.015815061276174634,0.005994005994005994,,,,,,0.014702734892994087
Flower_rat,one_sqft,1 ft²,0510_r0p172_NDRE2_median,predefined_index,0510,median,NDRE2,33,-0.06148289289313269,0.7339351357106458,-0.023841767827078086,0.8952231067800009,0.023841767827078086,0.9269785650146672,0.005994005994005994,,,,,,0.9418241789069869
Flower_rat,one_sqft,1 ft²,0510_r0p172_RENDVI1_median,predefined_index,0510,median,RENDVI1,33,-0.5254659871911046,0.0016882960179850856,-0.5354323774686762,0.0013230185878105119,0.5354323774686762,0.012341712739816393,0.005994005994005994,,,,,,0.009109788504997843
Flower_rat,one_sqft,1 ft²,0510_r0p172_RENDVI2_median,predefined_index,0510,median,RENDVI2,33,-0.514377162088293,0.002195560004003194,-0.5376150745232678,0.0012529754358140486,0.5376150745232678,0.012341712739816393,0.005994005994005994,,,,,,0.009109788504997843
Flower_rat,one_sqft,1 ft²,0510_r0p172_RVI_median,predefined_index,0510,median,RVI,33,-0.544039489072587,0.0010653251507283064,-0.5270373887971699,0.00162542599057586,0.5270373887971699,0.012341712739816393,0.005994005994005994,,,,,,0.009163277638714667
Flower_rat,one_sqft,1 ft²,0510_r0p172_DVI_median,predefined_index,0510,median,DVI,33,-0.3902028229143464,0.024771657196662522,-0.4430875020821061,0.009810250906511392,0.4430875020821061,0.027881765734295533,0.005994005994005994,,,,,,0.027119893617111493
Flower_rat,one_sqft,1 ft²,0510_r0p172_SAVI_median,predefined_index,0510,median,SAVI,33,-0.4991883901343179,0.0031029331301404266,-0.5270373887971699,0.00162542599057586,0.5270373887971699,0.012341712739816393,0.005994005994005994,,,,,,0.009163277638714667
Flower_rat,one_sqft,1 ft²,0510_r0p172_EVI_median,predefined_index,0510,median,EVI,33,-0.5295795887905342,0.0015280448016046966,-0.5713629289827235,0.0005146691811993004,0.5713629289827235,0.012341712739816393,0.005994005994005994,-0.7955864552727722,-0.22678669899736117,0.0055,0.084,0.22,0.007967730094483367
Flower_rat,one_sqft,1 ft²,0510_r0p172_CI_RE1_median,predefined_index,0510,median,CI_RE1,33,-0.5030405702663082,0.0028465303060922777,-0.48539824498649825,0.0041917765075417225,0.48539824498649825,0.015815061276174634,0.005994005994005994,,,,,,0.014702734892994087
Flower_rat,one_sqft,1 ft²,0510_r0p172_CI_RE2_median,predefined_index,0510,median,CI_RE2,33,-0.06517150932526013,0.7186005758773073,-0.023841767827078086,0.8952231067800009,0.023841767827078086,0.9269785650146672,0.005994005994005994,,,,,,0.9418241789069869
Flower_rat,one_sqft,1 ft²,diff_r0p172_NDVI_median,predefined_index,diff,median,NDVI,33,-0.504879125740552,0.002730776594455062,-0.5520544550382588,0.000866141493206586,0.5520544550382588,0.012341712739816393,0.005994005994005994,-0.7911822381783441,-0.20946858343348204,0.0005,0.01,0.034,0.008834457357762558
Flower_rat,one_sqft,1 ft²,ratio_r0p172_NDVI_median,predefined_index,ratio,median,NDVI,33,-0.5049713009808228,0.002725082475777308,-0.5468495620619248,0.000991333480849633,0.5468495620619248,0.012341712739816393,0.005994005994005994,-0.7856448538556237,-0.20426840776999458,0.0,0.002,0.0245,0.00893546976365527
Flower_rat,one_sqft,1 ft²,rel_r0p172_NDVI_median,predefined_index,rel,median,NDVI,33,-0.5049713009808229,0.002725082475777308,-0.5468495620619248,0.000991333480849633,0.5468495620619248,0.012341712739816393,0.005994005994005994,-0.7856448538556237,-0.20426840776999458,0.0005,0.004,0.0235,0.00893546976365527
Flower_rat,one_sqft,1 ft²,diff_r0p172_GNDVI_median,predefined_index,diff,median,GNDVI,33,-0.46496811705375457,0.00640339324458045,-0.4728057619792387,0.0054590707944392166,0.4728057619792387,0.01826131646281437,0.005994005994005994,,,,,,0.017685114761152046
Flower_rat,one_sqft,1 ft²,ratio_r0p172_GNDVI_median,predefined_index,ratio,median,GNDVI,33,-0.46800566213604533,0.006022046776025187,-0.4773390558618521,0.0049694459770471145,0.4773390558618521,0.01692297819210639,0.005994005994005994,,,,,,0.01626839683012266
Flower_rat,one_sqft,1 ft²,rel_r0p172_GNDVI_median,predefined_index,rel,median,GNDVI,33,-0.4680056621360451,0.006022046776025214,-0.4773390558618521,0.0049694459770471145,0.4773390558618521,0.01692297819210639,0.005994005994005994,,,,,,0.01626839683012266
Flower_rat,one_sqft,1 ft²,diff_r0p172_NDRE1_median,predefined_index,diff,median,NDRE1,33,-0.5182493872375612,0.0020051041519392443,-0.5036993202903821,0.0028045760741472314,0.5036993202903821,0.013949075737205966,0.005994005994005994,,,,,,0.011230341103774107
Flower_rat,one_sqft,1 ft²,ratio_r0p172_NDRE1_median,predefined_index,ratio,median,NDRE1,33,-0.5202604901455109,0.001911995707313017,-0.5132696073758993,0.00225285232552204,0.5132696073758993,0.012341712739816393,0.005994005994005994,,,,,,0.010105342402461841
Flower_rat,one_sqft,1 ft²,rel_r0p172_NDRE1_median,predefined_index,rel,median,NDRE1,33,-0.5202604901455108,0.001911995707313017,-0.5132696073758993,0.00225285232552204,0.5132696073758993,0.012341712739816393,0.005994005994005994,,,,,,0.010105342402461841
Flower_rat,one_sqft,1 ft²,diff_r0p172_NDRE2_median,predefined_index,diff,median,NDRE2,33,-0.13286433422555763,0.46106437243703413,-0.06178711662228687,0.7326664790811175,0.06178711662228687,0.8242497889662572,0.005994005994005994,,,,,,0.8056309074633855
Flower_rat,one_sqft,1 ft²,ratio_r0p172_NDRE2_median,predefined_index,ratio,median,NDRE2,33,-0.10302263004075107,0.5683237304688716,-0.018468975077314008,0.9187457046545902,0.018468975077314008,0.9335641837619222,0.005994005994005994,,,,,,0.9456934987579655
Flower_rat,one_sqft,1 ft²,rel_r0p172_NDRE2_median,predefined_index,rel,median,NDRE2,33,-0.10302263004075113,0.5683237304688716,-0.018468975077314008,0.9187457046545902,0.018468975077314008,0.9335641837619222,0.005994005994005994,,,,,,0.9456934987579655
Flower_rat,one_sqft,1 ft²,diff_r0p172_RENDVI1_median,predefined_index,diff,median,RENDVI1,33,-0.4425015066014132,0.009919320270867713,-0.552390254585119,0.0008585655427384685,0.552390254585119,0.012341712739816393,0.005994005994005994,-0.790177639034536,-0.2113745486269362,0.0245,0.137,0.2205,0.008834457357762558
Flower_rat,one_sqft,1 ft²,ratio_r0p172_RENDVI1_median,predefined_index,ratio,median,RENDVI1,33,-0.46709886072411083,0.006133799497384714,-0.5639753389517979,0.000630452600338176,0.5639753389517979,0.012341712739816393,0.005994005994005994,-0.795321963666419,-0.2212005468479788,0.0175,0.1635,0.2615,0.007967730094483367
Flower_rat,one_sqft,1 ft²,rel_r0p172_RENDVI1_median,predefined_index,rel,median,RENDVI1,33,-0.46709886072411083,0.006133799497384714,-0.5639753389517979,0.000630452600338176,0.5639753389517979,0.012341712739816393,0.005994005994005994,-0.795321963666419,-0.2212005468479788,0.0185,0.168,0.263,0.007967730094483367
Flower_rat,one_sqft,1 ft²,diff_r0p172_RENDVI2_median,predefined_index,diff,median,RENDVI2,33,-0.511165190176473,0.0023653039823731486,-0.5586025462020338,0.0007285525413189768,0.5586025462020338,0.012341712739816393,0.005994005994005994,-0.7983792770100461,-0.21823868471393926,0.003,0.027,0.089,0.008439277584219215
Flower_rat,one_sqft,1 ft²,ratio_r0p172_RENDVI2_median,predefined_index,ratio,median,RENDVI2,33,-0.5131105276840588,0.0022611872423366195,-0.5579309471083133,0.0007417157147974015,0.5579309471083133,0.012341712739816393,0.005994005994005994,-0.7973132357972601,-0.21922205834573677,0.001,0.013,0.0775,0.008439277584219215
Flower_rat,one_sqft,1 ft²,rel_r0p172_RENDVI2_median,predefined_index,rel,median,RENDVI2,33,-0.5131105276840587,0.0022611872423366195,-0.5579309471083133,0.0007417157147974015,0.5579309471083133,0.012341712739816393,0.005994005994005994,-0.7973132357972601,-0.21922205834573677,0.0015,0.0155,0.0775,0.008439277584219215
Flower_rat,one_sqft,1 ft²,diff_r0p172_RVI_median,predefined_index,diff,median,RVI,33,-0.35853912882478883,0.04047014440165492,-0.353261123296988,0.04373422638874413,0.353261123296988,0.09667565833301332,0.005994005994005994,,,,,,0.08775060907677047
Flower_rat,one_sqft,1 ft²,ratio_r0p172_RVI_median,predefined_index,ratio,median,RVI,33,-0.5393504229882479,0.0011996301043536153,-0.5149486051102006,0.0021664992622200314,0.5149486051102006,0.012341712739816393,0.005994005994005994,,,,,,0.009952441573002678
Flower_rat,one_sqft,1 ft²,rel_r0p172_RVI_median,predefined_index,rel,median,RVI,33,-0.5393504229882478,0.0011996301043536153,-0.5149486051102006,0.0021664992622200314,0.5149486051102006,0.012341712739816393,0.005994005994005994,,,,,,0.009952441573002678
Flower_rat,one_sqft,1 ft²,diff_r0p172_DVI_median,predefined_index,diff,median,DVI,33,-0.5270514648523118,0.0016248722014962091,-0.5602815439363351,0.0006965420942112946,0.5602815439363351,0.012341712739816393,0.005994005994005994,-0.7497608455172078,-0.29609650697842427,0.0215,0.099,0.2085,0.008385468050311455
Flower_rat,one_sqft,1 ft²,ratio_r0p172_DVI_median,predefined_index,ratio,median,DVI,33,-0.5258038449346295,0.0016746022761176104,-0.59318989952864,0.0002745439179747814,0.59318989952864,0.012341712739816393,0.005994005994005994,-0.7789650713863195,-0.31312678559234064,0.016,0.195,0.35,0.007115263207513085
Flower_rat,one_sqft,1 ft²,rel_r0p172_DVI_median,predefined_index,rel,median,DVI,33,-0.5258038449346297,0.0016746022761176104,-0.59318989952864,0.0002745439179747814,0.59318989952864,0.012341712739816393,0.005994005994005994,-0.7789650713863195,-0.31312678559234064,0.0095,0.201,0.3525,0.007115263207513085
Flower_rat,one_sqft,1 ft²,diff_r0p172_SAVI_median,predefined_index,diff,median,SAVI,33,-0.5048858050521814,0.0027303636337409043,-0.5520544550382588,0.000866141493206586,0.5520544550382588,0.012341712739816393,0.005994005994005994,-0.7911822381783441,-0.20946858343348204,0.0,0.0075,0.032,0.008834457357762558
Flower_rat,one_sqft,1 ft²,ratio_r0p172_SAVI_median,predefined_index,ratio,median,SAVI,33,-0.5049770002034911,0.0027247307452367042,-0.5468495620619248,0.000991333480849633,0.5468495620619248,0.012341712739816393,0.005994005994005994,-0.7856448538556237,-0.20426840776999458,0.0,0.0045,0.02,0.00893546976365527
Flower_rat,one_sqft,1 ft²,rel_r0p172_SAVI_median,predefined_index,rel,median,SAVI,33,-0.5049770002034909,0.002724730745236732,-0.5468495620619248,0.000991333480849633,0.5468495620619248,0.012341712739816393,0.005994005994005994,-0.7856448538556237,-0.20426840776999458,0.0,0.004,0.02,0.00893546976365527
Flower_rat,one_sqft,1 ft²,diff_r0p172_EVI_median,predefined_index,diff,median,EVI,33,-0.516744086950945,0.0020773583350692315,-0.5436594663667524,0.0010756949466126054,0.5436594663667524,0.012341712739816393,0.005994005994005994,-0.7955641051575038,-0.19315737542142888,0.004,0.0265,0.0925,0.009109788504997843
Flower_rat,one_sqft,1 ft²,ratio_r0p172_EVI_median,predefined_index,ratio,median,EVI,33,-0.5248979655330973,0.001711539151763174,-0.5580988468817434,0.0007384054065387915,0.5580988468817434,0.012341712739816393,0.005994005994005994,-0.8024604472405809,-0.2198413198757665,0.0025,0.0625,0.175,0.008439277584219215
Flower_rat,one_sqft,1 ft²,rel_r0p172_EVI_median,predefined_index,rel,median,EVI,33,-0.5248979655330972,0.001711539151763174,-0.5580988468817434,0.0007384054065387915,0.5580988468817434,0.012341712739816393,0.005994005994005994,-0.8024604472405809,-0.2198413198757665,0.0045,0.0645,0.1705,0.008439277584219215
Flower_rat,one_sqft,1 ft²,diff_r0p172_CI_RE1_median,predefined_index,diff,median,CI_RE1,33,-0.4421916661973289,0.009977403463779124,-0.365182007210527,0.036644043021408744,0.365182007210527,0.08294280396462578,0.005994005994005994,,,,,,0.07648521731314174
Flower_rat,one_sqft,1 ft²,ratio_r0p172_CI_RE1_median,predefined_index,ratio,median,CI_RE1,33,-0.5333769898801631,0.0013920897519569425,-0.5178029012585128,0.0020263032730417317,0.5178029012585128,0.012341712739816393,0.005994005994005994,,,,,,0.009843414493659176
Flower_rat,one_sqft,1 ft²,rel_r0p172_CI_RE1_median,predefined_index,rel,median,CI_RE1,33,-0.5333769898801632,0.0013920897519569425,-0.5178029012585128,0.0020263032730417317,0.5178029012585128,0.012341712739816393,0.005994005994005994,,,,,,0.009843414493659176
Flower_rat,one_sqft,1 ft²,diff_r0p172_CI_RE2_median,predefined_index,diff,median,CI_RE2,33,-0.1384803790416853,0.44216064186459086,-0.052720528857059995,0.7707596578847776,0.052720528857059995,0.8569033843542528,0.005994005994005994,,,,,,0.8400920102879644
Flower_rat,one_sqft,1 ft²,ratio_r0p172_CI_RE2_median,predefined_index,ratio,median,CI_RE2,33,-0.10919809370104444,0.5452313359852052,-0.023338068506787702,0.8974249432805772,0.023338068506787702,0.9269785650146672,0.005994005994005994,,,,,,0.9418241789069869
Flower_rat,one_sqft,1 ft²,rel_r0p172_CI_RE2_median,predefined_index,rel,median,CI_RE2,33,-0.10919809370104447,0.5452313359852052,-0.023338068506787702,0.8974249432805772,0.023338068506787702,0.9269785650146672,0.005994005994005994,,,,,,0.9418241789069869
Flower_rat,r0p3,0.3 m,0418_r0p3_B1_mean,raw_band,0418,mean,B1,33,-0.04247514042377244,0.8144426880328023,-0.006380191390344839,0.9718895754183028,0.006380191390344839,0.9792894727503284,0.006993006993006993,,,,,,0.9829517331872917
Flower_rat,r0p3,0.3 m,0418_r0p3_B1_median,raw_band,0418,median,B1,33,-0.005501571819401162,0.9757594540791621,0.012091815103497022,0.9467519388384786,0.012091815103497022,0.9594429835950266,0.006993006993006993,,,,,,0.9627461132820715
Flower_rat,r0p3,0.3 m,0418_r0p3_B1_std,raw_band,0418,std,B1,33,-0.22829382207382454,0.20130777415060944,-0.20416612449103486,0.2544209008240744,0.20416612449103486,0.36988884812115436,0.006993006993006993,,,,,,0.34070490138688087
Flower_rat,r0p3,0.3 m,0418_r0p3_B1_min,raw_band,0418,min,B1,33,0.07032463131191269,0.6973579814622628,0.03191429291524796,0.8600509503902528,0.03191429291524796,0.9005519646745584,0.006993006993006993,,,,,,0.9128868449534765
Flower_rat,r0p3,0.3 m,0418_r0p3_B1_max,raw_band,0418,max,B1,33,-0.23380212690369148,0.1903512668550993,-0.20621762243340225,0.24957573313521927,0.20621762243340225,0.36424566457572544,0.006993006993006993,,,,,,0.33552472480570544
Flower_rat,r0p3,0.3 m,0418_r0p3_B1_p25,raw_band,0418,p25,B1,33,0.020159251770474174,0.911337279147012,0.020907015903532354,0.9080621537641658,0.020907015903532354,0.9401149336119129,0.006993006993006993,,,,,,0.9424709349439775
Flower_rat,r0p3,0.3 m,0418_r0p3_B1_p75,raw_band,0418,p75,B1,33,-0.06479621863584008,0.7201559604931409,-0.04693583088383368,0.7953479749723673,0.04693583088383368,0.8639124555734335,0.006993006993006993,,,,,,0.8638645642016516
Flower_rat,r0p3,0.3 m,0418_r0p3_B1_valid_count,other,0418,unknown,0418_r0p3_B1_valid_count,33,-0.11767996736354852,0.514255405381575,-0.17443785176025667,0.3315971038725083,0.17443785176025667,0.4277942159174339,0.006993006993006993,,,,,,0.4133334641456917
Flower_rat,r0p3,0.3 m,0418_r0p3_B2_mean,raw_band,0418,mean,B2,33,-0.19480915927175022,0.2773050735773989,-0.018301075303883883,0.9194819801403884,0.018301075303883883,0.9401149336119129,0.006993006993006993,,,,,,0.9456934987579655
Flower_rat,r0p3,0.3 m,0418_r0p3_B2_median,raw_band,0418,median,B2,33,-0.14153960179769856,0.43204349963742966,0.04004744231298159,0.8248798077028651,0.04004744231298159,0.8808630195939533,0.006993006993006993,,,,,,0.888077901193575
Flower_rat,r0p3,0.3 m,0418_r0p3_B2_std,raw_band,0418,std,B2,33,-0.3529997533073984,0.04390119793916405,-0.34150813915687905,0.05176299753680105,0.34150813915687905,0.09882026802480201,0.006993006993006993,,,,,,0.10103530690760541
Flower_rat,r0p3,0.3 m,0418_r0p3_B2_min,raw_band,0418,min,B2,33,-0.05945575737269629,0.7424060747785314,-0.106784255901561,0.5542046770577148,0.106784255901561,0.6309920720717356,0.006993006993006993,,,,,,0.6443276806166329
Flower_rat,r0p3,0.3 m,0418_r0p3_B2_max,raw_band,0418,max,B2,33,-0.4251332310653543,0.013651226106886679,-0.37290539678831286,0.032569436607515996,0.37290539678831286,0.06973547943025063,0.006993006993006993,,,,,,0.06937736154066763
Flower_rat,r0p3,0.3 m,0418_r0p3_B2_p25,raw_band,0418,p25,B2,33,-0.0807368892341284,0.6551312400284163,0.04147817612989953,0.8187251391966587,0.04147817612989953,0.8808630195939533,0.006993006993006993,,,,,,0.8830873466710781
Flower_rat,r0p3,0.3 m,0418_r0p3_B2_p75,raw_band,0418,p75,B2,33,-0.2590585858875586,0.14545270789368392,-0.07018797017537234,0.6979185183509351,0.07018797017537234,0.7713836255457703,0.006993006993006993,,,,,,0.7798299133190688
Flower_rat,r0p3,0.3 m,0418_r0p3_B2_valid_count,other,0418,unknown,0418_r0p3_B2_valid_count,33,-0.11767996736354852,0.514255405381575,-0.17443785176025667,0.3315971038725083,0.17443785176025667,0.4277942159174339,0.006993006993006993,,,,,,0.4133334641456917
Flower_rat,r0p3,0.3 m,0418_r0p3_B3_mean,raw_band,0418,mean,B3,33,0.09787668875469446,0.587899135469465,0.04214284313096197,0.8158694888646223,0.04214284313096197,0.8808630195939533,0.006993006993006993,,,,,,0.8805161747954801
Flower_rat,r0p3,0.3 m,0418_r0p3_B3_median,raw_band,0418,median,B3,33,0.1071533795818921,0.5528280377801312,0.07338446546059148,0.6848491923109328,0.07338446546059148,0.759158342209773,0.006993006993006993,,,,,,0.7679859332044475
Flower_rat,r0p3,0.3 m,0418_r0p3_B3_std,raw_band,0418,std,B3,33,-0.06228703519305108,0.7305832555619565,-0.21457591044370278,0.23047157787044092,0.21457591044370278,0.3457073668056614,0.006993006993006993,,,,,,0.31414168320397573
Flower_rat,r0p3,0.3 m,0418_r0p3_B3_min,raw_band,0418,min,B3,33,0.06275405683871507,0.7286388228108857,0.0742179014773076,0.681456077597191,0.0742179014773076,0.757618815681583,0.006993006993006993,,,,,,0.7665124243851189
Flower_rat,r0p3,0.3 m,0418_r0p3_B3_max,raw_band,0418,max,B3,33,-0.004667613669415524,0.9794331247986005,-0.05407276402359372,0.7650423702057059,0.05407276402359372,0.8333890949214893,0.006993006993006993,,,,,,0.8348773598842854
Flower_rat,r0p3,0.3 m,0418_r0p3_B3_p25,raw_band,0418,p25,B3,33,0.0894700713653396,0.6204986718922508,0.016539509718359272,0.9272106550635574,0.016539509718359272,0.9421656656290986,0.006993006993006993,,,,,,0.9480411410129305
Flower_rat,r0p3,0.3 m,0418_r0p3_B3_p75,raw_band,0418,p75,B3,33,0.09943330884312335,0.5819464835092113,0.08169689347042965,0.6512878333474696,0.08169689347042965,0.7283633165838567,0.006993006993006993,,,,,,0.7419350255349422
Flower_rat,r0p3,0.3 m,0418_r0p3_B3_valid_count,other,0418,unknown,0418_r0p3_B3_valid_count,33,-0.11767996736354852,0.514255405381575,-0.17443785176025667,0.3315971038725083,0.17443785176025667,0.4277942159174339,0.006993006993006993,,,,,,0.4133334641456917
Flower_rat,r0p3,0.3 m,0418_r0p3_B4_mean,raw_band,0418,mean,B4,33,-0.2232934207588763,0.2116259924282661,-0.0901621783319784,0.6177866919075377,0.0901621783319784,0.6970846851971618,0.006993006993006993,,,,,,0.7067994893313705
Flower_rat,r0p3,0.3 m,0418_r0p3_B4_median,raw_band,0418,median,B4,33,-0.20893774101372273,0.24324653612946967,-0.03945644675607993,0.8274251386388688,0.03945644675607993,0.8808630195939533,0.006993006993006993,,,,,,0.8898993133718324
Flower_rat,r0p3,0.3 m,0418_r0p3_B4_std,raw_band,0418,std,B4,33,-0.2206967952711543,0.2171249576347245,-0.29818999761190623,0.09188983606561132,0.29818999761190623,0.16540170491810038,0.006993006993006993,,,,,,0.15716446755126556
Flower_rat,r0p3,0.3 m,0418_r0p3_B4_min,raw_band,0418,min,B4,33,-0.11700964212345114,0.5166713660115793,-0.11853724004166993,0.5111738160743351,0.11853724004166993,0.5927107437917137,0.006993006993006993,,,,,,0.5995288125673849
Flower_rat,r0p3,0.3 m,0418_r0p3_B4_max,raw_band,0418,max,B4,33,-0.41631352810421907,0.015958220934642654,-0.35813021672646167,0.040715797421867476,0.35813021672646167,0.08181086661312992,0.006993006993006993,,,,,,0.08358160394852003
Flower_rat,r0p3,0.3 m,0418_r0p3_B4_p25,raw_band,0418,p25,B4,33,-0.12517315851153074,0.4876342262163924,-0.018972674397604392,0.9165372779676066,0.018972674397604392,0.9401149336119129,0.006993006993006993,,,,,,0.9456934987579655
Flower_rat,r0p3,0.3 m,0418_r0p3_B4_p75,raw_band,0418,p75,B4,33,-0.296798536043743,0.09348955729970637,-0.18636874850744137,0.29905624036814255,0.18636874850744137,0.4202351630451966,0.006993006993006993,,,,,,0.38458921056302825
Flower_rat,r0p3,0.3 m,0418_r0p3_B4_valid_count,other,0418,unknown,0418_r0p3_B4_valid_count,33,-0.11767996736354852,0.514255405381575,-0.17443785176025667,0.3315971038725083,0.17443785176025667,0.4277942159174339,0.006993006993006993,,,,,,0.4133334641456917
Flower_rat,r0p3,0.3 m,0418_r0p3_B5_mean,raw_band,0418,mean,B5,33,-0.14840138637575886,0.40982120683806006,-0.1956032360460984,0.2753128878516112,0.1956032360460984,0.39123410378913165,0.006993006993006993,,,,,,0.3612755616955742
Flower_rat,r0p3,0.3 m,0418_r0p3_B5_median,raw_band,0418,median,B5,33,-0.12162166456779772,0.5001627739890973,-0.18351445235912922,0.30665005957248526,0.18351445235912922,0.4277942159174339,0.006993006993006993,,,,,,0.3913878325323239
Flower_rat,r0p3,0.3 m,0418_r0p3_B5_std,raw_band,0418,std,B5,33,-0.12314928825254605,0.49475399206687803,-0.11736194162765902,0.515400924894182,0.11736194162765902,0.5957845553822655,0.006993006993006993,,,,,,0.6041068629727032
Flower_rat,r0p3,0.3 m,0418_r0p3_B5_min,raw_band,0418,min,B5,33,-0.12769552042568763,0.47883498045931366,-0.13667041557212367,0.4482064918732478,0.13667041557212367,0.529443918525274,0.006993006993006993,,,,,,0.5347527582068289
Flower_rat,r0p3,0.3 m,0418_r0p3_B5_max,raw_band,0418,max,B5,33,-0.37005378230242536,0.034028597044224916,-0.3450340343989117,0.049240214065254334,0.3450340343989117,0.09567873923550023,0.006993006993006993,,,,,,0.09751666056269612
Flower_rat,r0p3,0.3 m,0418_r0p3_B5_p25,raw_band,0418,p25,B5,33,-0.03121748975521199,0.8630775240008358,-0.18317865281226897,0.3075513621475992,0.18317865281226897,0.4277942159174339,0.006993006993006993,,,,,,0.3922698850084895
Flower_rat,r0p3,0.3 m,0418_r0p3_B5_p75,raw_band,0418,p75,B5,33,-0.2697710231374535,0.12894635660177195,-0.3688758022259898,0.034646660308005256,0.3688758022259898,0.07316445584595524,0.006993006993006993,,,,,,0.07305160241213313
Flower_rat,r0p3,0.3 m,0418_r0p3_B5_valid_count,other,0418,unknown,0418_r0p3_B5_valid_count,33,-0.11767996736354852,0.514255405381575,-0.17443785176025667,0.3315971038725083,0.17443785176025667,0.4277942159174339,0.006993006993006993,,,,,,0.4133334641456917
Flower_rat,r0p3,0.3 m,0418_r0p3_B6_mean,raw_band,0418,mean,B6,33,-0.11124994433958779,0.53765800052957,-0.22968689005241422,0.1984964422694523,0.22968689005241422,0.30750678351579086,0.006993006993006993,,,,,,0.2806017888445439
Flower_rat,r0p3,0.3 m,0418_r0p3_B6_median,raw_band,0418,median,B6,33,-0.09410000776969003,0.6024514904200764,-0.22464989684951042,0.2087917212114284,0.22464989684951042,0.3195274114085827,0.006993006993006993,,,,,,0.29075026252278013
Flower_rat,r0p3,0.3 m,0418_r0p3_B6_std,raw_band,0418,std,B6,33,-0.07503425062927824,0.6781384552204073,-0.057421722513103554,0.7509357604744025,0.057421722513103554,0.8203864666454455,0.006993006993006993,,,,,,0.8232938478526645
Flower_rat,r0p3,0.3 m,0418_r0p3_B6_min,raw_band,0418,min,B6,33,-0.12804887461933848,0.47760892621769074,-0.13448771851753202,0.45555636461794435,0.13448771851753202,0.5344578367365628,0.006993006993006993,,,,,,0.5424498911187692
Flower_rat,r0p3,0.3 m,0418_r0p3_B6_max,raw_band,0418,max,B6,33,-0.33475873838986747,0.05687821923895476,-0.35745861763274117,0.04112186417062086,0.35745861763274117,0.08181086661312992,0.006993006993006993,,,,,,0.08395339009012967
Flower_rat,r0p3,0.3 m,0418_r0p3_B6_p25,raw_band,0418,p25,B6,33,-0.021991043252029885,0.9033168832453337,-0.18008755505523166,0.31592620488981316,0.18008755505523166,0.4277942159174339,0.006993006993006993,,,,,,0.4013058531820227
Flower_rat,r0p3,0.3 m,0418_r0p3_B6_p75,raw_band,0418,p75,B6,33,-0.1964119704840112,0.27329349693774313,-0.3448661346254816,0.04935807976434535,0.3448661346254816,0.09567873923550023,0.006993006993006993,,,,,,0.09751666056269612
Flower_rat,r0p3,0.3 m,0418_r0p3_B6_valid_count,other,0418,unknown,0418_r0p3_B6_valid_count,33,-0.11767996736354852,0.514255405381575,-0.17443785176025667,0.3315971038725083,0.17443785176025667,0.4277942159174339,0.006993006993006993,,,,,,0.4133334641456917
Flower_rat,r0p3,0.3 m,0510_r0p3_B1_mean,raw_band,0510,mean,B1,33,0.1494777650499871,0.4063949575162885,0.15379619246199666,0.3928133110828429,0.15379619246199666,0.4884323407543244,0.006993006993006993,,,,,,0.47970526078572306
Flower_rat,r0p3,0.3 m,0510_r0p3_B1_median,raw_band,0510,median,B1,33,0.17468850235115693,0.33089190588586415,0.2338843843881674,0.19019087952296831,0.2338843843881674,0.30080398518695406,0.006993006993006993,,,,,,0.2740511051659142
Flower_rat,r0p3,0.3 m,0510_r0p3_B1_std,raw_band,0510,std,B1,33,0.06319044648611119,0.7268234242234909,0.02803926216283127,0.8769058155349938,0.02803926216283127,0.9156640836249383,0.006993006993006993,,,,,,0.9297194612433514
Flower_rat,r0p3,0.3 m,0510_r0p3_B1_min,raw_band,0510,min,B1,33,-0.026775524936510864,0.8824144382632227,-0.06783150846577145,0.7076083352982567,0.06783150846577145,0.7798132674715481,0.006993006993006993,,,,,,0.7854831372198375
Flower_rat,r0p3,0.3 m,0510_r0p3_B1_max,raw_band,0510,max,B1,33,0.08298460237776331,0.6461462693319786,0.044829239505844005,0.8043517826666073,0.044829239505844005,0.8711890368136893,0.006993006993006993,,,,,,0.8711087791386474
Flower_rat,r0p3,0.3 m,0510_r0p3_B1_p25,raw_band,0510,p25,B1,33,0.15555262777533335,0.38736499468190266,0.13868521285328522,0.44147923881339435,0.13868521285328522,0.5244561758209706,0.006993006993006993,,,,,,0.528077089503714
Flower_rat,r0p3,0.3 m,0510_r0p3_B1_p75,raw_band,0510,p75,B1,33,0.15064734180101183,0.4026905413048841,0.13834941330642495,0.4425966139864804,0.13834941330642495,0.5244561758209706,0.006993006993006993,,,,,,0.5287357757354497
Flower_rat,r0p3,0.3 m,0510_r0p3_B1_valid_count,other,0510,unknown,0510_r0p3_B1_valid_count,33,-0.11767996736354852,0.514255405381575,-0.17443785176025667,0.3315971038725083,0.17443785176025667,0.4277942159174339,0.006993006993006993,,,,,,0.4133334641456917
Flower_rat,r0p3,0.3 m,0510_r0p3_B2_mean,raw_band,0510,mean,B2,33,0.1694509234382055,0.3458192211356169,0.16806767320355748,0.34982855227651155,0.16806767320355748,0.44139955612395293,0.006993006993006993,,,,,,0.4317328561825202
Flower_rat,r0p3,0.3 m,0510_r0p3_B2_median,raw_band,0510,median,B2,33,0.20062844382143763,0.26292132649076677,0.1888872451088933,0.2924557926740817,0.1888872451088933,0.4124936180253839,0.006993006993006993,,,,,,0.3768801858631467
Flower_rat,r0p3,0.3 m,0510_r0p3_B2_std,raw_band,0510,std,B2,33,0.022086598902821636,0.9028987486298015,0.004869093429473693,0.9785455451002866,0.004869093429473693,0.9800248578759301,0.006993006993006993,,,,,,0.9880768328772375
Flower_rat,r0p3,0.3 m,0510_r0p3_B2_min,raw_band,0510,min,B2,33,-0.023299729924851867,0.897592564879921,-0.0607797179817061,0.7368701151522628,0.0607797179817061,0.8073533435581313,0.006993006993006993,,,,,,0.8088233146318365
Flower_rat,r0p3,0.3 m,0510_r0p3_B2_max,raw_band,0510,max,B2,33,0.026288748636001585,0.8845377506468879,0.03828114834206904,0.8324920766244996,0.03828114834206904,0.881462198778882,0.006993006993006993,,,,,,0.8930688664230136
Flower_rat,r0p3,0.3 m,0510_r0p3_B2_p25,raw_band,0510,p25,B2,33,0.1994620279572969,0.26576439171445904,0.21289691270940153,0.23422745697636504,0.21289691270940153,0.34720775975319995,0.006993006993006993,,,,,,0.3176875814530445
Flower_rat,r0p3,0.3 m,0510_r0p3_B2_p75,raw_band,0510,p75,B2,33,0.1681339303857433,0.3496358698955517,0.17344046595332158,0.3344123592586641,0.17344046595332158,0.4299587476182824,0.006993006993006993,,,,,,0.41656439410992463
Flower_rat,r0p3,0.3 m,0510_r0p3_B2_valid_count,other,0510,unknown,0510_r0p3_B2_valid_count,33,-0.11767996736354852,0.514255405381575,-0.17443785176025667,0.3315971038725083,0.17443785176025667,0.4277942159174339,0.006993006993006993,,,,,,0.4133334641456917
Flower_rat,r0p3,0.3 m,0510_r0p3_B3_mean,raw_band,0510,mean,B3,33,0.42580141741678806,0.013488498153021531,0.4451022993632677,0.009442957500218665,0.4451022993632677,0.024787763438073998,0.006993006993006993,,,,,,0.026378081879353338
Flower_rat,r0p3,0.3 m,0510_r0p3_B3_median,raw_band,0510,median,B3,33,0.4270476874093115,0.013189335790072431,0.44513949505959827,0.009436287915090644,0.44513949505959827,0.024787763438073998,0.006993006993006993,,,,,,0.026378081879353338
Flower_rat,r0p3,0.3 m,0510_r0p3_B3_std,raw_band,0510,std,B3,33,0.2692203686023686,0.12975952730670515,0.17948485779680617,0.3175755399384967,0.17948485779680617,0.4277942159174339,0.006993006993006993,,,,,,0.4031265017178468
Flower_rat,r0p3,0.3 m,0510_r0p3_B3_min,raw_band,0510,min,B3,33,0.22073803148571441,0.21703687413736392,0.24143987419252316,0.17586007775668575,0.24143987419252316,0.28580365069687724,0.006993006993006993,,,,,,0.25798341595438334
Flower_rat,r0p3,0.3 m,0510_r0p3_B3_max,raw_band,0510,max,B3,33,0.35398004910059244,0.04327758121804034,0.3688758022259898,0.034646660308005256,0.3688758022259898,0.07316445584595524,0.006993006993006993,,,,,,0.07305160241213313
Flower_rat,r0p3,0.3 m,0510_r0p3_B3_p25,raw_band,0510,p25,B3,33,0.39959513517649325,0.02122773108020204,0.4155519392395652,0.016171855257502886,0.4155519392395652,0.038936059155006954,0.006993006993006993,,,,,,0.03929255457096404
Flower_rat,r0p3,0.3 m,0510_r0p3_B3_p75,raw_band,0510,p75,B3,33,0.411015134045845,0.017494561855084655,0.399433560990273,0.02128493832616407,0.399433560990273,0.048700135359322286,0.006993006993006993,,,,,,0.0486140696653882
Flower_rat,r0p3,0.3 m,0510_r0p3_B3_valid_count,other,0510,unknown,0510_r0p3_B3_valid_count,33,-0.11767996736354852,0.514255405381575,-0.17443785176025667,0.3315971038725083,0.17443785176025667,0.4277942159174339,0.006993006993006993,,,,,,0.4133334641456917
Flower_rat,r0p3,0.3 m,0510_r0p3_B4_mean,raw_band,0510,mean,B4,33,0.11080598759696081,0.5392923673110138,0.14422590537647942,0.4232658088428781,0.14422590537647942,0.5161112120729288,0.006993006993006993,,,,,,0.5118690857425863
Flower_rat,r0p3,0.3 m,0510_r0p3_B4_median,raw_band,0510,median,B4,33,0.20256261171939893,0.2582510570535332,0.17898115847651577,0.3189580661667134,0.17898115847651577,0.4277942159174339,0.006993006993006993,,,,,,0.4043313528988364
Flower_rat,r0p3,0.3 m,0510_r0p3_B4_std,raw_band,0510,std,B4,33,0.08501189835808155,0.6380842215392348,0.0607797179817061,0.7368701151522628,0.0607797179817061,0.8073533435581313,0.006993006993006993,,,,,,0.8088233146318365
Flower_rat,r0p3,0.3 m,0510_r0p3_B4_min,raw_band,0510,min,B4,33,-0.10700707413771803,0.5533734901925919,-0.15010239744653386,0.4044141508926026,0.15010239744653386,0.4979431564736279,0.006993006993006993,,,,,,0.4913000036234352
Flower_rat,r0p3,0.3 m,0510_r0p3_B4_max,raw_band,0510,max,B4,33,0.016630001168008245,0.926813468678405,0.016789977343012737,0.9261113414055306,0.016789977343012737,0.9421656656290986,0.006993006993006993,,,,,,0.9474362736089474
Flower_rat,r0p3,0.3 m,0510_r0p3_B4_p25,raw_band,0510,p25,B4,33,0.13219017783894677,0.4633620809376504,0.1526208940479858,0.3964835104283615,0.1526208940479858,0.4897737481762112,0.006993006993006993,,,,,,0.48260810858403297
Flower_rat,r0p3,0.3 m,0510_r0p3_B4_p75,raw_band,0510,p75,B4,33,0.1390203909901221,0.44036546471699245,0.16789977343012735,0.35031710803488325,0.16789977343012735,0.44139955612395293,0.006993006993006993,,,,,,0.43205004864051033
Flower_rat,r0p3,0.3 m,0510_r0p3_B4_valid_count,other,0510,unknown,0510_r0p3_B4_valid_count,33,-0.11767996736354852,0.514255405381575,-0.17443785176025667,0.3315971038725083,0.17443785176025667,0.4277942159174339,0.006993006993006993,,,,,,0.4133334641456917
Flower_rat,r0p3,0.3 m,0510_r0p3_B5_mean,raw_band,0510,mean,B5,33,-0.4412651994015251,0.010152800485117061,-0.5235114935551372,0.0017694503762154667,0.5235114935551372,0.008053707241251448,0.006993006993006993,,,,,,0.00948791494832776
Flower_rat,r0p3,0.3 m,0510_r0p3_B5_median,raw_band,0510,median,B5,33,-0.41555665287494487,0.01617052572084723,-0.5085684137198558,0.002510769223994899,0.5085684137198558,0.008953497798774263,0.006993006993006993,,,,,,0.010457802169585894
Flower_rat,r0p3,0.3 m,0510_r0p3_B5_std,raw_band,0510,std,B5,33,0.1556560200557553,0.38704565193492024,0.1343198187441019,0.45612439687298123,0.1343198187441019,0.5344578367365628,0.006993006993006993,,,,,,0.5424498911187692
Flower_rat,r0p3,0.3 m,0510_r0p3_B5_min,raw_band,0510,min,B5,33,-0.4194316766074031,0.015107971809799755,-0.46508237240145284,0.006388684266844744,0.46508237240145284,0.01762717264866652,0.006993006993006993,,,,,,0.01947922359792858
Flower_rat,r0p3,0.3 m,0510_r0p3_B5_max,raw_band,0510,max,B5,33,-0.4634809831854658,0.00659750009327338,-0.5374471747498377,0.0012582454602604346,0.5374471747498377,0.008053707241251448,0.006993006993006993,,,,,,0.009109788504997843
Flower_rat,r0p3,0.3 m,0510_r0p3_B5_p25,raw_band,0510,p25,B5,33,-0.37664623945841874,0.030732903853702222,-0.46239597602657073,0.006742271635990432,0.46239597602657073,0.018467961437712923,0.006993006993006993,,,,,,0.02045703881749292
Flower_rat,r0p3,0.3 m,0510_r0p3_B5_p75,raw_band,0510,p75,B5,33,-0.48623763541743403,0.004117168883176686,-0.537782974296698,0.001247724779224049,0.537782974296698,0.008053707241251448,0.006993006993006993,,,,,,0.009109788504997843
Flower_rat,r0p3,0.3 m,0510_r0p3_B5_valid_count,other,0510,unknown,0510_r0p3_B5_valid_count,33,-0.11767996736354852,0.514255405381575,-0.17443785176025667,0.3315971038725083,0.17443785176025667,0.4277942159174339,0.006993006993006993,,,,,,0.4133334641456917
Flower_rat,r0p3,0.3 m,0510_r0p3_B6_mean,raw_band,0510,mean,B6,33,-0.4684159700238797,0.005972056610183286,-0.5290521860783313,0.001547816826679879,0.5290521860783313,0.008053707241251448,0.006993006993006993,,,,,,0.009163277638714667
Flower_rat,r0p3,0.3 m,0510_r0p3_B6_median,raw_band,0510,median,B6,33,-0.4429824209102116,0.009829734251168964,-0.5342570790546652,0.001362137068088332,0.5342570790546652,0.008053707241251448,0.006993006993006993,,,,,,0.009163277638714667
Flower_rat,r0p3,0.3 m,0510_r0p3_B6_std,raw_band,0510,std,B6,33,0.20364120759765533,0.2556705596169921,0.16941087139099853,0.34593491856805725,0.16941087139099853,0.43880335308297197,0.006993006993006993,,,,,,0.427210164161479
Flower_rat,r0p3,0.3 m,0510_r0p3_B6_min,raw_band,0510,min,B6,33,-0.45731019278838647,0.007457573991411257,-0.5136054069227596,0.002235345992262001,0.5136054069227596,0.008622048827296289,0.006993006993006993,,,,,,0.010105342402461841
Flower_rat,r0p3,0.3 m,0510_r0p3_B6_max,raw_band,0510,max,B6,33,-0.46657613053457303,0.006199022554572455,-0.5367755756561171,0.0012795204471944478,0.5367755756561171,0.008053707241251448,0.006993006993006993,,,,,,0.009109788504997843
Flower_rat,r0p3,0.3 m,0510_r0p3_B6_p25,raw_band,0510,p25,B6,33,-0.4166216037904311,0.015872474603106645,-0.5105832110010173,0.002397251516334259,0.5105832110010173,0.008797680322081069,0.006993006993006993,,,,,,0.010357734211500673
Flower_rat,r0p3,0.3 m,0510_r0p3_B6_p75,raw_band,0510,p75,B6,33,-0.5137551443746553,0.0022275779381992467,-0.5685086328344112,0.0005569569208689319,0.5685086328344112,0.008053707241251448,0.006993006993006993,-0.7605765571527853,-0.29066325554819805,0.008,0.071,0.143,0.007967730094483367
Flower_rat,r0p3,0.3 m,0510_r0p3_B6_valid_count,other,0510,unknown,0510_r0p3_B6_valid_count,33,-0.11767996736354852,0.514255405381575,-0.17443785176025667,0.3315971038725083,0.17443785176025667,0.4277942159174339,0.006993006993006993,,,,,,0.4133334641456917
Flower_rat,r0p3,0.3 m,diff_r0p3_B1_mean,raw_band,diff,mean,B1,33,0.14981311960177615,0.4053308124763572,0.1526208940479858,0.3964835104283615,0.1526208940479858,0.4897737481762112,0.006993006993006993,,,,,,0.48260810858403297
Flower_rat,r0p3,0.3 m,ratio_r0p3_B1_mean,raw_band,ratio,mean,B1,33,0.12627260245631716,0.4837886568109777,0.19812173264755029,0.2690560307119765,0.19812173264755029,0.385239316701239,0.006993006993006993,,,,,,0.35406103900461783
Flower_rat,r0p3,0.3 m,rel_r0p3_B1_mean,raw_band,rel,mean,B1,33,0.12627260245631738,0.48378865681097694,0.19812173264755029,0.2690560307119765,0.19812173264755029,0.385239316701239,0.006993006993006993,,,,,,0.35406103900461783
Flower_rat,r0p3,0.3 m,diff_r0p3_B1_median,raw_band,diff,median,B1,33,0.16367024005592673,0.36275961608327073,0.18059129646797356,0.3145517809897837,0.18059129646797356,0.4277942159174339,0.006993006993006993,,,,,,0.40010471937759806
Flower_rat,r0p3,0.3 m,ratio_r0p3_B1_median,raw_band,ratio,median,B1,33,0.1299633733390988,0.4709945568207472,0.15933688498519089,0.37577647656542457,0.15933688498519089,0.46879045591330193,0.006993006993006993,,,,,,0.46070887337127614
Flower_rat,r0p3,0.3 m,rel_r0p3_B1_median,raw_band,rel,median,B1,33,0.1299633733390988,0.4709945568207472,0.15933688498519089,0.37577647656542457,0.15933688498519089,0.46879045591330193,0.006993006993006993,,,,,,0.46070887337127614
Flower_rat,r0p3,0.3 m,diff_r0p3_B1_p25,raw_band,diff,p25,B1,33,0.14326161744610047,0.4264052093011239,0.160847982946062,0.3712065346823049,0.160847982946062,0.46616634588010386,0.006993006993006993,,,,,,0.4560048674899151
Flower_rat,r0p3,0.3 m,ratio_r0p3_B1_p25,raw_band,ratio,p25,B1,33,0.10743460772726066,0.5517802744171206,0.14187530854845762,0.4309411058504419,0.14187530854845762,0.5191148832741769,0.006993006993006993,,,,,,0.5187974861399514
Flower_rat,r0p3,0.3 m,rel_r0p3_B1_p25,raw_band,rel,p25,B1,33,0.10743460772726057,0.5517802744171206,0.14187530854845762,0.4309411058504419,0.14187530854845762,0.5191148832741769,0.006993006993006993,,,,,,0.5187974861399514
Flower_rat,r0p3,0.3 m,diff_r0p3_B1_p75,raw_band,diff,p75,B1,33,0.16024761542618288,0.3730182578460484,0.1393568119470057,0.43924910300487485,0.1393568119470057,0.523773378346507,0.006993006993006993,,,,,,0.5257465209795359
Flower_rat,r0p3,0.3 m,ratio_r0p3_B1_p75,raw_band,ratio,p75,B1,33,0.14947228025143544,0.4064123750106392,0.17747006051564462,0.3231280752829996,0.17747006051564462,0.4277942159174339,0.006993006993006993,,,,,,0.40906172895391946
Flower_rat,r0p3,0.3 m,rel_r0p3_B1_p75,raw_band,rel,p75,B1,33,0.14947228025143536,0.4064123750106392,0.17747006051564462,0.3231280752829996,0.17747006051564462,0.4277942159174339,0.006993006993006993,,,,,,0.40906172895391946
Flower_rat,r0p3,0.3 m,diff_r0p3_B2_mean,raw_band,diff,mean,B2,33,0.19677869756901528,0.2723809690912158,0.23841767827078084,0.18149755741534634,0.23841767827078084,0.28947711689029926,0.006993006993006993,,,,,,0.2641766319321656
Flower_rat,r0p3,0.3 m,ratio_r0p3_B2_mean,raw_band,ratio,mean,B2,33,0.1860812754271154,0.2998156075611238,0.2207882020606175,0.21692973916355882,0.2207882020606175,0.3279977656153009,0.006993006993006993,,,,,,0.3009597719547961
Flower_rat,r0p3,0.3 m,rel_r0p3_B2_mean,raw_band,rel,mean,B2,33,0.18608127542711528,0.29981560756112435,0.2207882020606175,0.21692973916355882,0.2207882020606175,0.3279977656153009,0.006993006993006993,,,,,,0.3009597719547961
Flower_rat,r0p3,0.3 m,diff_r0p3_B2_median,raw_band,diff,median,B2,33,0.2149109508035455,0.2297269997367902,0.23623498121618922,0.18564755496833957,0.23623498121618922,0.2948519990673628,0.006993006993006993,,,,,,0.26895833662338636
Flower_rat,r0p3,0.3 m,ratio_r0p3_B2_median,raw_band,ratio,median,B2,33,0.18942506082642707,0.2910584392393385,0.22800789231811297,0.20188820244132774,0.22800789231811297,0.31021845740984505,0.006993006993006993,,,,,,0.28356948878323357
Flower_rat,r0p3,0.3 m,rel_r0p3_B2_median,raw_band,rel,median,B2,33,0.18942506082642727,0.29105843923933794,0.22800789231811297,0.20188820244132774,0.22800789231811297,0.31021845740984505,0.006993006993006993,,,,,,0.28356948878323357
Flower_rat,r0p3,0.3 m,diff_r0p3_B2_p25,raw_band,diff,p25,B2,33,0.20230556106912848,0.2588685640444966,0.16957877116442863,0.3454500671814251,0.16957877116442863,0.43880335308297197,0.006993006993006993,,,,,,0.42689392407982735
Flower_rat,r0p3,0.3 m,ratio_r0p3_B2_p25,raw_band,ratio,p25,B2,33,0.16645186555488176,0.35454729078869873,0.1484233997122326,0.4097509725059455,0.1484233997122326,0.5012487624830013,0.006993006993006993,,,,,,0.49681306997796904
Flower_rat,r0p3,0.3 m,rel_r0p3_B2_p25,raw_band,rel,p25,B2,33,0.16645186555488162,0.35454729078869873,0.1484233997122326,0.4097509725059455,0.1484233997122326,0.5012487624830013,0.006993006993006993,,,,,,0.49681306997796904
Flower_rat,r0p3,0.3 m,diff_r0p3_B2_p75,raw_band,diff,p75,B2,33,0.20980860070852517,0.24124308084737997,0.2661211408867519,0.13440697834915047,0.2661211408867519,0.22885512529720214,0.006993006993006993,,,,,,0.2086550928448542
Flower_rat,r0p3,0.3 m,ratio_r0p3_B2_p75,raw_band,ratio,p75,B2,33,0.21595692526342758,0.22741294769619433,0.2760272275191294,0.1199701758734922,0.2760272275191294,0.20994780777861133,0.006993006993006993,,,,,,0.19398990310219794
Flower_rat,r0p3,0.3 m,rel_r0p3_B2_p75,raw_band,rel,p75,B2,33,0.21595692526342772,0.22741294769619383,0.2760272275191294,0.1199701758734922,0.2760272275191294,0.20994780777861133,0.006993006993006993,,,,,,0.19398990310219794
Flower_rat,r0p3,0.3 m,diff_r0p3_B3_mean,raw_band,diff,mean,B3,33,0.41447684789761363,0.016477491912906966,0.40128045849800437,0.020638573094108992,0.40128045849800437,0.04815667055292098,0.006993006993006993,,,,,,0.04760392755699305
Flower_rat,r0p3,0.3 m,ratio_r0p3_B3_mean,raw_band,ratio,mean,B3,33,0.36302251597715895,0.03785429399752222,0.39926566121684287,0.021344520348002664,0.39926566121684287,0.048700135359322286,0.006993006993006993,,,,,,0.048631104968709364
Flower_rat,r0p3,0.3 m,rel_r0p3_B3_mean,raw_band,rel,mean,B3,33,0.36302251597715895,0.03785429399752222,0.39926566121684287,0.021344520348002664,0.39926566121684287,0.048700135359322286,0.006993006993006993,,,,,,0.048631104968709364
Flower_rat,r0p3,0.3 m,diff_r0p3_B3_median,raw_band,diff,median,B3,33,0.41321123061210024,0.016843456617808374,0.40581375238061784,0.01912070731510089,0.40581375238061784,0.04545677588118325,0.006993006993006993,,,,,,0.04487954698110473
Flower_rat,r0p3,0.3 m,ratio_r0p3_B3_median,raw_band,ratio,median,B3,33,0.35662559857214543,0.0416300531083712,0.37273749701488273,0.03265391497130783,0.37273749701488273,0.06973547943025063,0.006993006993006993,,,,,,0.06939886712580913
Flower_rat,r0p3,0.3 m,rel_r0p3_B3_median,raw_band,rel,median,B3,33,0.3566255985721453,0.0416300531083712,0.37273749701488273,0.03265391497130783,0.37273749701488273,0.06973547943025063,0.006993006993006993,,,,,,0.06939886712580913
Flower_rat,r0p3,0.3 m,diff_r0p3_B3_p25,raw_band,diff,p25,B3,33,0.37963625048705363,0.029326530504277328,0.3989298616699826,0.021464098502966426,0.3989298616699826,0.048700135359322286,0.006993006993006993,,,,,,0.048843911959189454
Flower_rat,r0p3,0.3 m,ratio_r0p3_B3_p25,raw_band,ratio,p25,B3,33,0.31921784716363133,0.07017702022465264,0.3436908362114707,0.05018945164806436,0.3436908362114707,0.09630260265466156,0.006993006993006993,,,,,,0.09837554283118498
Flower_rat,r0p3,0.3 m,rel_r0p3_B3_p25,raw_band,rel,p25,B3,33,0.31921784716363155,0.07017702022465243,0.3436908362114707,0.05018945164806436,0.3436908362114707,0.09630260265466156,0.006993006993006993,,,,,,0.09837554283118498
Flower_rat,r0p3,0.3 m,diff_r0p3_B3_p75,raw_band,diff,p75,B3,33,0.40674891010507397,0.018819424973423367,0.39624346529510057,0.022440820028765063,0.39624346529510057,0.05019307675072896,0.006993006993006993,,,,,,0.050818653123392725
Flower_rat,r0p3,0.3 m,ratio_r0p3_B3_p75,raw_band,ratio,p75,B3,33,0.3679195165068241,0.035155078853772566,0.39842616234969225,0.021644504604143237,0.39842616234969225,0.048700135359322286,0.006993006993006993,,,,,,0.04913460534225217
Flower_rat,r0p3,0.3 m,rel_r0p3_B3_p75,raw_band,rel,p75,B3,33,0.3679195165068241,0.035155078853772566,0.39842616234969225,0.021644504604143237,0.39842616234969225,0.048700135359322286,0.006993006993006993,,,,,,0.04913460534225217
Flower_rat,r0p3,0.3 m,diff_r0p3_B4_mean,raw_band,diff,mean,B4,33,0.16591960626131236,0.35611000483770433,0.17713426096878437,0.32405931085265804,0.17713426096878437,0.4277942159174339,0.006993006993006993,,,,,,0.40996249088207454
Flower_rat,r0p3,0.3 m,ratio_r0p3_B4_mean,raw_band,ratio,mean,B4,33,0.17148733157443657,0.33996761578550105,0.20097602879586246,0.26207798495648993,0.20097602879586246,0.3781125126471496,0.006993006993006993,,,,,,0.3465893124938414
Flower_rat,r0p3,0.3 m,rel_r0p3_B4_mean,raw_band,rel,mean,B4,33,0.17148733157443652,0.33996761578550105,0.20097602879586246,0.26207798495648993,0.20097602879586246,0.3781125126471496,0.006993006993006993,,,,,,0.3465893124938414
Flower_rat,r0p3,0.3 m,diff_r0p3_B4_median,raw_band,diff,median,B4,33,0.244441127959175,0.17038562823693673,0.2437268868649592,0.17167729703798437,0.2437268868649592,0.28092648606215626,0.006993006993006993,,,,,,0.25244273937973116
Flower_rat,r0p3,0.3 m,ratio_r0p3_B4_median,raw_band,ratio,median,B4,33,0.2363233600022816,0.18547823452548898,0.21373641157655213,0.2323443976122758,0.21373641157655213,0.3457723712497648,0.006993006993006993,,,,,,0.3162324186320252
Flower_rat,r0p3,0.3 m,rel_r0p3_B4_median,raw_band,rel,median,B4,33,0.23632336000228146,0.18547823452548942,0.21373641157655213,0.2323443976122758,0.21373641157655213,0.3457723712497648,0.006993006993006993,,,,,,0.3162324186320252
Flower_rat,r0p3,0.3 m,diff_r0p3_B4_p25,raw_band,diff,p25,B4,33,0.1612616045370725,0.36996137844085775,0.17075406957843953,0.34206764847640336,0.17075406957843953,0.43682963217594756,0.006993006993006993,,,,,,0.42299418956724233
Flower_rat,r0p3,0.3 m,ratio_r0p3_B4_p25,raw_band,ratio,p25,B4,33,0.14229578923007802,0.4295625221764925,0.14137160922816724,0.432595736061814,0.14137160922816724,0.5191148832741769,0.006993006993006993,,,,,,0.5201183269918459
Flower_rat,r0p3,0.3 m,rel_r0p3_B4_p25,raw_band,rel,p25,B4,33,0.14229578923007807,0.4295625221764925,0.14137160922816724,0.432595736061814,0.14137160922816724,0.5191148832741769,0.006993006993006993,,,,,,0.5201183269918459
Flower_rat,r0p3,0.3 m,diff_r0p3_B4_p75,raw_band,diff,p75,B4,33,0.21416863020905774,0.2313788923985567,0.20769201973306756,0.24613165028293896,0.20769201973306756,0.36342876487090203,0.006993006993006993,,,,,,0.3316113064461835
Flower_rat,r0p3,0.3 m,ratio_r0p3_B4_p75,raw_band,ratio,p75,B4,33,0.23912162410128535,0.18017320062937303,0.23892137759107124,0.18054923447168927,0.23892137759107124,0.28947711689029926,0.006993006993006993,,,,,,0.26341272206737465
Flower_rat,r0p3,0.3 m,rel_r0p3_B4_p75,raw_band,rel,p75,B4,33,0.23912162410128512,0.18017320062937303,0.23892137759107124,0.18054923447168927,0.23892137759107124,0.28947711689029926,0.006993006993006993,,,,,,0.26341272206737465
Flower_rat,r0p3,0.3 m,diff_r0p3_B5_mean,raw_band,diff,mean,B5,33,-0.49034445976271623,0.0037684144778866923,-0.5826122138025419,0.00037435070881726017,0.5826122138025419,0.008053707241251448,0.006993006993006993,-0.7775675197165209,-0.2908274853096979,0.068,0.1705,0.267,0.007967730094483367
Flower_rat,r0p3,0.3 m,ratio_r0p3_B5_mean,raw_band,ratio,mean,B5,33,-0.48560799533204363,0.004173024896124499,-0.5710271294358632,0.0005194920335544854,0.5710271294358632,0.008053707241251448,0.006993006993006993,-0.7691004636933161,-0.27117388957346245,0.0115,0.1295,0.2195,0.007967730094483367
Flower_rat,r0p3,0.3 m,rel_r0p3_B5_mean,raw_band,rel,mean,B5,33,-0.485607995332044,0.00417302489612446,-0.5710271294358632,0.0005194920335544854,0.5710271294358632,0.008053707241251448,0.006993006993006993,-0.7691004636933161,-0.27117388957346245,0.0075,0.1285,0.2165,0.007967730094483367
Flower_rat,r0p3,0.3 m,diff_r0p3_B5_median,raw_band,diff,median,B5,33,-0.4452331708340292,0.00941950853486615,-0.5248546917425781,0.0017133212958288786,0.5248546917425781,0.008053707241251448,0.006993006993006993,,,,,,0.009413457076381488
Flower_rat,r0p3,0.3 m,ratio_r0p3_B5_median,raw_band,ratio,median,B5,33,-0.44036663281900756,0.010325400224547705,-0.5097437121338667,0.0024439962803159865,0.5097437121338667,0.008798386609137551,0.006993006993006993,,,,,,0.010357734211500673
Flower_rat,r0p3,0.3 m,rel_r0p3_B5_median,raw_band,rel,median,B5,33,-0.4403666328190077,0.010325400224547662,-0.5097437121338667,0.0024439962803159865,0.5097437121338667,0.008798386609137551,0.006993006993006993,,,,,,0.010357734211500673
Flower_rat,r0p3,0.3 m,diff_r0p3_B5_p25,raw_band,diff,p25,B5,33,-0.4851667337816117,0.004212557796668791,-0.5065536164386942,0.0026289292924457433,0.5065536164386942,0.009287245537798982,0.006993006993006993,,,,,,0.010787155215390408
Flower_rat,r0p3,0.3 m,ratio_r0p3_B5_p25,raw_band,ratio,p25,B5,33,-0.4835504693865684,0.00436012859848274,-0.5105832110010173,0.002397251516334259,0.5105832110010173,0.008797680322081069,0.006993006993006993,,,,,,0.010357734211500673
Flower_rat,r0p3,0.3 m,rel_r0p3_B5_p25,raw_band,rel,p25,B5,33,-0.4835504693865684,0.00436012859848274,-0.5105832110010173,0.002397251516334259,0.5105832110010173,0.008797680322081069,0.006993006993006993,,,,,,0.010357734211500673
Flower_rat,r0p3,0.3 m,diff_r0p3_B5_p75,raw_band,diff,p75,B5,33,-0.4315507206070445,0.012154433244708588,-0.4855661447599283,0.0041767605390766556,0.4855661447599283,0.01341288673437231,0.006993006993006993,,,,,,0.014702734892994087
Flower_rat,r0p3,0.3 m,ratio_r0p3_B5_p75,raw_band,ratio,p75,B5,33,-0.4190412378876174,0.015212313291309178,-0.4766674567681316,0.005039510427150954,0.4766674567681316,0.015118531281452862,0.006993006993006993,,,,,,0.016440081218642797
Flower_rat,r0p3,0.3 m,rel_r0p3_B5_p75,raw_band,rel,p75,B5,33,-0.41904123788761694,0.015212313291309298,-0.4766674567681316,0.005039510427150954,0.4766674567681316,0.015118531281452862,0.006993006993006993,,,,,,0.016440081218642797
Flower_rat,r0p3,0.3 m,diff_r0p3_B6_mean,raw_band,diff,mean,B6,33,-0.5524818496049868,0.0008565092312608605,-0.5876492070054458,0.0003233927375134758,0.5876492070054458,0.008053707241251448,0.006993006993006993,-0.7664280801540931,-0.3178364138054118,0.002,0.0425,0.145,0.007837024002599297
Flower_rat,r0p3,0.3 m,ratio_r0p3_B6_mean,raw_band,ratio,mean,B6,33,-0.5519750257723814,0.0008679420774583916,-0.5972194940909631,0.00024326043744769322,0.5972194940909631,0.008053707241251448,0.006993006993006993,-0.7707096172836838,-0.32289264039925986,0.01,0.0895,0.2365,0.007093024941597355
Flower_rat,r0p3,0.3 m,rel_r0p3_B6_mean,raw_band,rel,mean,B6,33,-0.5519750257723816,0.0008679420774583865,-0.5972194940909631,0.00024326043744769322,0.5972194940909631,0.008053707241251448,0.006993006993006993,-0.7707096172836838,-0.32289264039925986,0.0095,0.0905,0.23,0.007093024941597355
Flower_rat,r0p3,0.3 m,diff_r0p3_B6_median,raw_band,diff,median,B6,33,-0.4981531793187433,0.0031751565557930285,-0.5055462177981135,0.002689799062577456,0.5055462177981135,0.009414296719021095,0.006993006993006993,,,,,,0.010887559763057554
Flower_rat,r0p3,0.3 m,ratio_r0p3_B6_median,raw_band,ratio,median,B6,33,-0.5006731213249342,0.003001833641893959,-0.5540692523194203,0.000821554468273318,0.5540692523194203,0.008053707241251448,0.006993006993006993,-0.7431080196604444,-0.26846021455630203,0.0055,0.0245,0.075,0.008834457357762558
Flower_rat,r0p3,0.3 m,rel_r0p3_B6_median,raw_band,rel,median,B6,33,-0.5006731213249346,0.0030018336418939444,-0.5540692523194203,0.000821554468273318,0.5540692523194203,0.008053707241251448,0.006993006993006993,-0.7431080196604444,-0.26846021455630203,0.002,0.0245,0.074,0.008834457357762558
Flower_rat,r0p3,0.3 m,diff_r0p3_B6_p25,raw_band,diff,p25,B6,33,-0.5681160153719315,0.0005630078511925658,-0.5695160314749921,0.0005416934850972838,0.5695160314749921,0.008053707241251448,0.006993006993006993,-0.7644026648982171,-0.29178145219151674,0.023,0.0775,0.157,0.007967730094483367
Flower_rat,r0p3,0.3 m,ratio_r0p3_B6_p25,raw_band,ratio,p25,B6,33,-0.5615975618387907,0.0006723264035298709,-0.5811011158416708,0.00039096850559853494,0.5811011158416708,0.008053707241251448,0.006993006993006993,-0.7650807829785895,-0.30497423868668033,0.013,0.082,0.1785,0.007967730094483367
Flower_rat,r0p3,0.3 m,rel_r0p3_B6_p25,raw_band,rel,p25,B6,33,-0.5615975618387906,0.000672326403529875,-0.5811011158416708,0.00039096850559853494,0.5811011158416708,0.008053707241251448,0.006993006993006993,-0.7650807829785895,-0.30497423868668033,0.0075,0.0765,0.175,0.007967730094483367
Flower_rat,r0p3,0.3 m,diff_r0p3_B6_p75,raw_band,diff,p75,B6,33,-0.4947253295032018,0.003424796408010016,-0.5439952659136127,0.0010665273482218661,0.5439952659136127,0.008053707241251448,0.006993006993006993,,,,,,0.00908739740539727
Flower_rat,r0p3,0.3 m,ratio_r0p3_B6_p75,raw_band,ratio,p75,B6,33,-0.49659968517999376,0.0032862690042798274,-0.5451705643276236,0.001034979052427063,0.5451705643276236,0.008053707241251448,0.006993006993006993,-0.7369236929782489,-0.2615550716534503,0.0015,0.015,0.051,0.00893546976365527
Flower_rat,r0p3,0.3 m,rel_r0p3_B6_p75,raw_band,rel,p75,B6,33,-0.49659968517999376,0.0032862690042798274,-0.5451705643276236,0.001034979052427063,0.5451705643276236,0.008053707241251448,0.006993006993006993,-0.7369236929782489,-0.2615550716534503,0.0025,0.0155,0.0485,0.00893546976365527
Flower_rat,r0p3,0.3 m,0418_r0p3_ND_B1_B2_mean,pairwise_nd,0418,mean,ND_B1_B2,33,0.2943804758733962,0.09631992941574563,0.13180132214264997,0.4646901600873936,0.13180132214264997,0.5404704015785685,0.006993006993006993,,,,,,0.5501978672100739
Flower_rat,r0p3,0.3 m,0510_r0p3_ND_B1_B2_mean,pairwise_nd,0510,mean,ND_B1_B2,33,-0.1760046036540738,0.32720424594387865,-0.22313879888863927,0.2119507351303498,0.22313879888863927,0.3230539430615816,0.006993006993006993,,,,,,0.29470944243907055
Flower_rat,r0p3,0.3 m,diff_r0p3_ND_B1_B2_mean,pairwise_nd,diff,mean,ND_B1_B2,33,-0.34623302194749095,0.04840503470198851,-0.23858557804421096,0.1811810601993982,0.23858557804421096,0.28947711689029926,0.006993006993006993,,,,,,0.2641280143219352
Flower_rat,r0p3,0.3 m,0418_r0p3_ND_B1_B3_mean,pairwise_nd,0418,mean,ND_B1_B3,33,-0.19842713012543756,0.26830367368658614,-0.2610841476838481,0.14221938548076532,0.2610841476838481,0.2378713615563243,0.006993006993006993,,,,,,0.21806193369524085
Flower_rat,r0p3,0.3 m,0510_r0p3_ND_B1_B3_mean,pairwise_nd,0510,mean,ND_B1_B3,33,-0.5590748436375071,0.0007194194834983195,-0.5607852432566254,0.0006871842149444536,0.5607852432566254,0.008053707241251448,0.006993006993006993,-0.8034803449963754,-0.21843925539342213,0.0155,0.073,0.146,0.008326530812249027
Flower_rat,r0p3,0.3 m,diff_r0p3_ND_B1_B3_mean,pairwise_nd,diff,mean,ND_B1_B3,33,-0.5072381900334694,0.00258825134276187,-0.5198176985396743,0.0019321653780573695,0.5198176985396743,0.008053707241251448,0.006993006993006993,,,,,,0.009820821432802766
Flower_rat,r0p3,0.3 m,0418_r0p3_ND_B1_B4_mean,pairwise_nd,0418,mean,ND_B1_B4,33,0.2971649722940271,0.09306623181818174,0.18989464374947404,0.28984186453330846,0.18989464374947404,0.41033792057524565,0.006993006993006993,,,,,,0.37402829821518224
Flower_rat,r0p3,0.3 m,0510_r0p3_ND_B1_B4_mean,pairwise_nd,0510,mean,ND_B1_B4,33,0.14111074600100856,0.43345403255705733,0.13415191897067177,0.4566928075817719,0.13415191897067177,0.5344578367365628,0.006993006993006993,,,,,,0.5424498911187692
Flower_rat,r0p3,0.3 m,diff_r0p3_ND_B1_B4_mean,pairwise_nd,diff,mean,ND_B1_B4,33,-0.06934684209047096,0.7013719765520051,-0.07471539917640667,0.6794335577720363,0.07471539917640667,0.7575984803475804,0.006993006993006993,,,,,,0.7665124243851189
Flower_rat,r0p3,0.3 m,0418_r0p3_ND_B1_B5_mean,pairwise_nd,0418,mean,ND_B1_B5,33,0.09901502247514628,0.5835434146771986,0.21726230681858483,0.22454722345715727,0.21726230681858483,0.33816275086376674,0.006993006993006993,,,,,,0.30968597115377344
Flower_rat,r0p3,0.3 m,0510_r0p3_ND_B1_B5_mean,pairwise_nd,0510,mean,ND_B1_B5,33,0.4355528834798447,0.011292873696115441,0.4487960943787304,0.008799812662957558,0.4487960943787304,0.023424853426746176,0.006993006993006993,,,,,,0.0249172237163563
Flower_rat,r0p3,0.3 m,diff_r0p3_ND_B1_B5_mean,pairwise_nd,diff,mean,ND_B1_B5,33,0.44997519964087385,0.008602509715801692,0.46642557058889383,0.006217918186551387,0.46642557058889383,0.017410170922343884,0.006993006993006993,,,,,,0.01920966115249154
Flower_rat,r0p3,0.3 m,0418_r0p3_ND_B1_B6_mean,pairwise_nd,0418,mean,ND_B1_B6,33,0.060688310649615204,0.7372519090517796,0.14019631081415634,0.436470103396871,0.14019631081415634,0.5221066426709406,0.006993006993006993,,,,,,0.523427514742006
Flower_rat,r0p3,0.3 m,0510_r0p3_ND_B1_B6_mean,pairwise_nd,0510,mean,ND_B1_B6,33,0.4380008784093451,0.010791729541439388,0.4335172149965889,0.011724427307469266,0.4335172149965889,0.030148527362063828,0.006993006993006993,,,,,,0.030770437912429886
Flower_rat,r0p3,0.3 m,diff_r0p3_ND_B1_B6_mean,pairwise_nd,diff,mean,ND_B1_B6,33,0.45818009910989677,0.00733082982526336,0.4659218712686034,0.0062814921996034315,0.4659218712686034,0.01745885331948601,0.006993006993006993,,,,,,0.01924673964607554
Flower_rat,r0p3,0.3 m,0418_r0p3_ND_B2_B3_mean,pairwise_nd,0418,mean,ND_B2_B3,33,-0.3296871943656199,0.06097852943813707,-0.2916419064481312,0.09960363673710852,0.2916419064481312,0.1784368468560522,0.006993006993006993,,,,,,0.167895561112416
Flower_rat,r0p3,0.3 m,0510_r0p3_ND_B2_B3_mean,pairwise_nd,0510,mean,ND_B2_B3,33,-0.5711393161864409,0.0005178763433548389,-0.61955016395717,0.00012071887262147613,0.61955016395717,0.008053707241251448,0.006993006993006993,-0.8203485447178321,-0.3258996802088892,0.066,0.2465,0.349,0.004416890515915185
Flower_rat,r0p3,0.3 m,diff_r0p3_ND_B2_B3_mean,pairwise_nd,diff,mean,ND_B2_B3,33,-0.44981631158613267,0.008628875835121778,-0.5001734250483494,0.003035535862136832,0.5001734250483494,0.010337230233222725,0.006993006993006993,,,,,,0.011776112097187794
Flower_rat,r0p3,0.3 m,0418_r0p3_ND_B2_B4_mean,pairwise_nd,0418,mean,ND_B2_B4,33,0.06272223576011914,0.7287712565374318,0.11114965001074431,0.5380270136783738,0.11114965001074431,0.6144235987021912,0.006993006993006993,,,,,,0.6266906414006527
Flower_rat,r0p3,0.3 m,0510_r0p3_ND_B2_B4_mean,pairwise_nd,0510,mean,ND_B2_B4,33,0.2637996224761587,0.13796751672754937,0.28610121392493704,0.10650596006451063,0.28610121392493704,0.18990213634143874,0.006993006993006993,,,,,,0.17603199422531163
Flower_rat,r0p3,0.3 m,diff_r0p3_ND_B2_B4_mean,pairwise_nd,diff,mean,ND_B2_B4,33,0.24371870505957483,0.1716921336605857,0.3129651776737574,0.07616595134075232,0.3129651776737574,0.1384169692634826,0.006993006993006993,,,,,,0.13679082310090843
Flower_rat,r0p3,0.3 m,0418_r0p3_ND_B2_B5_mean,pairwise_nd,0418,mean,ND_B2_B5,33,-0.013470693600423283,0.9406899471480034,0.09368807357401107,0.604048043794692,0.09368807357401107,0.6836232351927952,0.006993006993006993,,,,,,0.6940601291384824
Flower_rat,r0p3,0.3 m,0510_r0p3_ND_B2_B5_mean,pairwise_nd,0510,mean,ND_B2_B5,33,0.4300283406892483,0.012496377301669527,0.42428272745793183,0.013860735544676124,0.42428272745793183,0.034021805427841396,0.006993006993006993,,,,,,0.03514148441082289
Flower_rat,r0p3,0.3 m,diff_r0p3_ND_B2_B5_mean,pairwise_nd,diff,mean,ND_B2_B5,33,0.4536542129412455,0.008010862713697798,0.4607169782922695,0.006971643220517667,0.4607169782922695,0.01895885710327826,0.006993006993006993,,,,,,0.021054923312406305
Flower_rat,r0p3,0.3 m,0418_r0p3_ND_B2_B6_mean,pairwise_nd,0418,mean,ND_B2_B6,33,-0.02982447908658011,0.8691337734689476,0.019476373717894773,0.914329463457398,0.019476373717894773,0.9401149336119129,0.006993006993006993,,,,,,0.9452292403387837
Flower_rat,r0p3,0.3 m,0510_r0p3_ND_B2_B6_mean,pairwise_nd,0510,mean,ND_B2_B6,33,0.4307019747081929,0.012344086055521399,0.41857413516130754,0.015337934052924423,0.41857413516130754,0.03716499405131687,0.006993006993006993,,,,,,0.03770828055699206
Flower_rat,r0p3,0.3 m,diff_r0p3_ND_B2_B6_mean,pairwise_nd,diff,mean,ND_B2_B6,33,0.4554209897089196,0.007739271981312944,0.4793538531430136,0.004764251114881923,0.4793538531430136,0.01452328162439812,0.006993006993006993,,,,,,0.015932065556218043
Flower_rat,r0p3,0.3 m,0418_r0p3_ND_B3_B4_mean,pairwise_nd,0418,mean,ND_B3_B4,33,0.3143944641531422,0.07476321177457351,0.31968116861096246,0.06974830179049153,0.31968116861096246,0.12860906378929657,0.006993006993006993,,,,,,0.12797476021736204
Flower_rat,r0p3,0.3 m,0510_r0p3_ND_B3_B4_mean,pairwise_nd,0510,mean,ND_B3_B4,33,0.5266667675805938,0.0016400666933387327,0.5569235484677325,0.0007618538626419691,0.5569235484677325,0.008053707241251448,0.006993006993006993,0.22788163996750682,0.7830242686179554,0.003,0.036,0.0945,0.008563971733071774
Flower_rat,r0p3,0.3 m,diff_r0p3_ND_B3_B4_mean,pairwise_nd,diff,mean,ND_B3_B4,33,0.45738427997654907,0.007446707341960835,0.48439084634591745,0.004282852961105851,0.48439084634591745,0.01341288673437231,0.006993006993006993,,,,,,0.01491008139071552
Flower_rat,r0p3,0.3 m,0418_r0p3_ND_B3_B5_mean,pairwise_nd,0418,mean,ND_B3_B5,33,0.18615323659355174,0.2996254057821672,0.37525599361633466,0.03140530467917006,0.37525599361633466,0.06822531706164531,0.006993006993006993,,,,,,0.06751416881489786
Flower_rat,r0p3,0.3 m,0510_r0p3_ND_B3_B5_mean,pairwise_nd,0510,mean,ND_B3_B5,33,0.5015945366434904,0.0029405379954711534,0.5369434754295473,0.0012741723456578223,0.5369434754295473,0.008053707241251448,0.006993006993006993,,,,,,0.009109788504997843
Flower_rat,r0p3,0.3 m,diff_r0p3_ND_B3_B5_mean,pairwise_nd,diff,mean,ND_B3_B5,33,0.5010107833326803,0.002979243912137234,0.5261978899300191,0.001658753900555789,0.5261978899300191,0.008053707241251448,0.006993006993006993,,,,,,0.009267169995320667
Flower_rat,r0p3,0.3 m,0418_r0p3_ND_B3_B6_mean,pairwise_nd,0418,mean,ND_B3_B6,33,0.1435137464162038,0.4255831174779303,0.32807615728246886,0.062328631478930197,0.32807615728246886,0.11606021034007691,0.006993006993006993,,,,,,0.11703843970316842
Flower_rat,r0p3,0.3 m,0510_r0p3_ND_B3_B6_mean,pairwise_nd,0510,mean,ND_B3_B6,33,0.5005084308650491,0.00301290525237024,0.528548486758041,0.0015669087862707949,0.528548486758041,0.008053707241251448,0.006993006993006993,,,,,,0.009163277638714667
Flower_rat,r0p3,0.3 m,diff_r0p3_ND_B3_B6_mean,pairwise_nd,diff,mean,ND_B3_B6,33,0.5051465514515073,0.0027142848067385358,0.533921279507805,0.0013734982733975027,0.533921279507805,0.008053707241251448,0.006993006993006993,,,,,,0.009163277638714667
Flower_rat,r0p3,0.3 m,0418_r0p3_ND_B4_B5_mean,pairwise_nd,0418,mean,ND_B4_B5,33,-0.03344567302444222,0.8534063022965096,0.0058764920700544575,0.9741080469685806,0.0058764920700544575,0.9792894727503284,0.006993006993006993,,,,,,0.9841286495091345
Flower_rat,r0p3,0.3 m,0510_r0p3_ND_B4_B5_mean,pairwise_nd,0510,mean,ND_B4_B5,33,0.4879281840018421,0.003970375846870059,0.46659347036232396,0.006196849522518106,0.46659347036232396,0.017410170922343884,0.006993006993006993,,,,,,0.01920966115249154
Flower_rat,r0p3,0.3 m,diff_r0p3_ND_B4_B5_mean,pairwise_nd,diff,mean,ND_B4_B5,33,0.5238712515230979,0.001754261713344368,0.5293879856251915,0.00153520218688933,0.5293879856251915,0.008053707241251448,0.006993006993006993,,,,,,0.009163277638714667
Flower_rat,r0p3,0.3 m,0418_r0p3_ND_B4_B6_mean,pairwise_nd,0418,mean,ND_B4_B6,33,-0.047249632676341496,0.7940089354759848,-0.038952747435789546,0.8295958597234057,0.038952747435789546,0.8808630195939533,0.006993006993006993,,,,,,0.8906938286788694
Flower_rat,r0p3,0.3 m,0510_r0p3_ND_B4_B6_mean,pairwise_nd,0510,mean,ND_B4_B6,33,0.48487506208565456,0.004238865645184935,0.4674329692294745,0.00609241981008362,0.4674329692294745,0.017315298407606077,0.006993006993006993,,,,,,0.019042638803376942
Flower_rat,r0p3,0.3 m,diff_r0p3_ND_B4_B6_mean,pairwise_nd,diff,mean,ND_B4_B6,33,0.5160433595181982,0.0021117598850991784,0.5241830926488575,0.0017411883056335778,0.5241830926488575,0.008053707241251448,0.006993006993006993,,,,,,0.009472470490706287
Flower_rat,r0p3,0.3 m,0418_r0p3_ND_B5_B6_mean,pairwise_nd,0418,mean,ND_B5_B6,33,-0.08312149721903825,0.6456006140735855,-0.11198914887789496,0.5349419770107642,0.11198914887789496,0.6127517191214208,0.006993006993006993,,,,,,0.6246569018160738
Flower_rat,r0p3,0.3 m,0510_r0p3_ND_B5_B6_mean,pairwise_nd,0510,mean,ND_B5_B6,33,0.37940258754332906,0.029434505024049984,0.3631672099293655,0.037772205626970506,0.3631672099293655,0.07844996553293875,0.006993006993006993,,,,,,0.07814072694005207
Flower_rat,r0p3,0.3 m,diff_r0p3_ND_B5_B6_mean,pairwise_nd,diff,mean,ND_B5_B6,33,0.2858838761752196,0.10678386848395682,0.26998283567564485,0.12863456992543057,0.26998283567564485,0.22101757923551252,0.006993006993006993,,,,,,0.2015382934348056
Flower_rat,r0p3,0.3 m,0418_r0p3_ND_B1_B2_median,pairwise_nd,0418,median,ND_B1_B2,33,0.27623893156123547,0.11967478883944488,0.09990036519092578,0.5801656563182104,0.09990036519092578,0.6585664206855361,0.006993006993006993,,,,,,0.6724155991861992
Flower_rat,r0p3,0.3 m,0510_r0p3_ND_B1_B2_median,pairwise_nd,0510,median,ND_B1_B2,33,-0.2040710129684704,0.2546470306518444,-0.1957711358195285,0.2748928519505129,0.1957711358195285,0.39123410378913165,0.006993006993006993,,,,,,0.36097822782523364
Flower_rat,r0p3,0.3 m,diff_r0p3_ND_B1_B2_median,pairwise_nd,diff,median,ND_B1_B2,33,-0.32824590130798253,0.06218528250504113,-0.2520175599186212,0.15710816327809232,0.2520175599186212,0.2593313786861087,0.006993006993006993,,,,,,0.23892732899504504
Flower_rat,r0p3,0.3 m,0418_r0p3_ND_B1_B3_median,pairwise_nd,0418,median,ND_B1_B3,33,-0.17829681078868403,0.32084241709849487,-0.27804202480029094,0.1171808719335767,0.27804202480029094,0.20698303547145788,0.006993006993006993,,,,,,0.19030418366236215
Flower_rat,r0p3,0.3 m,0510_r0p3_ND_B1_B3_median,pairwise_nd,0510,median,ND_B1_B3,33,-0.5440648919395453,0.0010646351175623416,-0.5507112568508178,0.0008970372833011921,0.5507112568508178,0.008053707241251448,0.006993006993006993,-0.7951706019486906,-0.21992537191865227,0.0145,0.069,0.123,0.008895844320318614
Flower_rat,r0p3,0.3 m,diff_r0p3_ND_B1_B3_median,pairwise_nd,diff,median,ND_B1_B3,33,-0.5025713625310828,0.002876743973011615,-0.531234883132923,0.0014674164984679434,0.531234883132923,0.008053707241251448,0.006993006993006993,,,,,,0.009163277638714667
Flower_rat,r0p3,0.3 m,0418_r0p3_ND_B1_B4_median,pairwise_nd,0418,median,ND_B1_B4,33,0.3482393938821635,0.04703278161148178,0.30876768333800425,0.08040360423620753,0.30876768333800425,0.1454189588578299,0.006993006993006993,,,,,,0.1428886909569174
Flower_rat,r0p3,0.3 m,0510_r0p3_ND_B1_B4_median,pairwise_nd,0510,median,ND_B1_B4,33,-0.007590352294441119,0.9665604711901999,-0.004533293882613439,0.9800248578759302,0.004533293882613439,0.9800248578759301,0.006993006993006993,,,,,,0.9890353622479642
Flower_rat,r0p3,0.3 m,diff_r0p3_ND_B1_B4_median,pairwise_nd,diff,median,ND_B1_B4,33,-0.2632347406366982,0.1388442381566985,-0.20668462109248678,0.2484814132385686,0.20668462109248678,0.36424566457572544,0.006993006993006993,,,,,,0.3345355823255187
Flower_rat,r0p3,0.3 m,0418_r0p3_ND_B1_B5_median,pairwise_nd,0418,median,ND_B1_B5,33,0.09566633698965529,0.596397366546665,0.2468126669422872,0.1661464935430889,0.2468126669422872,0.27305815025777225,0.006993006993006993,,,,,,0.2462504820900746
Flower_rat,r0p3,0.3 m,0510_r0p3_ND_B1_B5_median,pairwise_nd,0510,median,ND_B1_B5,33,0.44447314434156054,0.009556378450068802,0.4358678118246106,0.011227322513814201,0.4358678118246106,0.0290679993850806,0.006993006993006993,,,,,,0.029674481318381445
Flower_rat,r0p3,0.3 m,diff_r0p3_ND_B1_B5_median,pairwise_nd,diff,median,ND_B1_B5,33,0.43508518483605296,0.011390819109276609,0.4487960943787304,0.008799812662957558,0.4487960943787304,0.023424853426746176,0.006993006993006993,,,,,,0.0249172237163563
Flower_rat,r0p3,0.3 m,0418_r0p3_ND_B1_B6_median,pairwise_nd,0418,median,ND_B1_B6,33,0.06528999798762634,0.7181097318008277,0.1710898691252998,0.3411049551123412,0.1710898691252998,0.43682963217594756,0.006993006993006993,,,,,,0.42208345241354683
Flower_rat,r0p3,0.3 m,0510_r0p3_ND_B1_B6_median,pairwise_nd,0510,median,ND_B1_B6,33,0.4385942511817315,0.010673126385302321,0.4262975247390934,0.013368734006711814,0.4262975247390934,0.0330286369577586,0.006993006993006993,,,,,,0.03421955782787962
Flower_rat,r0p3,0.3 m,diff_r0p3_ND_B1_B6_median,pairwise_nd,diff,median,ND_B1_B6,33,0.4369222602295645,0.011010175152892817,0.4516503905270426,0.008328664447884148,0.4516503905270426,0.0224873940092872,0.006993006993006993,,,,,,0.02409501993759972
Flower_rat,r0p3,0.3 m,0418_r0p3_ND_B2_B3_median,pairwise_nd,0418,median,ND_B2_B3,33,-0.32276538656259857,0.06694627874554772,-0.26377054405873007,0.13801254844932934,0.26377054405873007,0.2339405529768901,0.006993006993006993,,,,,,0.21318825778679518
Flower_rat,r0p3,0.3 m,0510_r0p3_ND_B2_B3_median,pairwise_nd,0510,median,ND_B2_B3,33,-0.5662976622829256,0.0005917967347591821,-0.6323105467378597,7.892905732304281e-05,0.6323105467378597,0.008053707241251448,0.006993006993006993,-0.8226446630705071,-0.34758087280667677,0.112,0.307,0.424,0.0035922346576779973
Flower_rat,r0p3,0.3 m,diff_r0p3_ND_B2_B3_median,pairwise_nd,diff,median,ND_B2_B3,33,-0.47269123178866496,0.005471958102095781,-0.5936935988489304,0.0002704470837116841,0.5936935988489304,0.008053707241251448,0.006993006993006993,-0.7933195008218263,-0.28303557962972226,0.076,0.1805,0.257,0.007115263207513085
Flower_rat,r0p3,0.3 m,0418_r0p3_ND_B2_B4_median,pairwise_nd,0418,median,ND_B2_B4,33,0.19602417112252127,0.2742606181115425,0.34990312782838545,0.04591861933565032,0.34990312782838545,0.08993387621179183,0.006993006993006993,,,,,,0.09154288854735416
Flower_rat,r0p3,0.3 m,0510_r0p3_ND_B2_B4_median,pairwise_nd,0510,median,ND_B2_B4,33,0.17951128542603081,0.31750310609277,0.20651672131905666,0.24887448552711158,0.20651672131905666,0.36424566457572544,0.006993006993006993,,,,,,0.33482320835875284
Flower_rat,r0p3,0.3 m,diff_r0p3_ND_B2_B4_median,pairwise_nd,diff,median,ND_B2_B4,33,0.11250330339775252,0.5330567311646925,0.1324729212363705,0.46239767673000143,0.1324729212363705,0.5394639561850018,0.006993006993006993,,,,,,0.548179202527435
Flower_rat,r0p3,0.3 m,0418_r0p3_ND_B2_B5_median,pairwise_nd,0418,median,ND_B2_B5,33,0.0025408670373438975,0.9888033648208292,0.1428827071890384,0.4276423383746998,0.1428827071890384,0.5191148832741769,0.006993006993006993,,,,,,0.5164922999399287
Flower_rat,r0p3,0.3 m,0510_r0p3_ND_B2_B5_median,pairwise_nd,0510,median,ND_B2_B5,33,0.4265979287881849,0.01329664919338126,0.41437664082555437,0.016506223663556124,0.41437664082555437,0.039489573068507686,0.006993006993006993,,,,,,0.03984555414773056
Flower_rat,r0p3,0.3 m,diff_r0p3_ND_B2_B5_median,pairwise_nd,diff,median,ND_B2_B5,33,0.4287694881099286,0.012785210307679868,0.4398974063869337,0.010416512622951396,0.4398974063869337,0.02715477083776295,0.006993006993006993,,,,,,0.028265405469675153
Flower_rat,r0p3,0.3 m,0418_r0p3_ND_B2_B6_median,pairwise_nd,0418,median,ND_B2_B6,33,-0.011912384224238494,0.9475409971868343,0.08311038784791304,0.6456448886562702,0.08311038784791304,0.7241951570091103,0.006993006993006993,,,,,,0.7368644417324772
Flower_rat,r0p3,0.3 m,0510_r0p3_ND_B2_B6_median,pairwise_nd,0510,median,ND_B2_B6,33,0.4207418168716274,0.014762214125016054,0.40396685487288647,0.01972750376524384,0.40396685487288647,0.046316747970572496,0.006993006993006993,,,,,,0.045899653398933926
Flower_rat,r0p3,0.3 m,diff_r0p3_ND_B2_B6_median,pairwise_nd,diff,median,ND_B2_B6,33,0.42678667550264543,0.01325152484160826,0.4316703174888574,0.012127907518696043,0.4316703174888574,0.030767443235349693,0.006993006993006993,,,,,,0.031519046559730944
Flower_rat,r0p3,0.3 m,0418_r0p3_ND_B3_B4_median,pairwise_nd,0418,median,ND_B3_B4,33,0.33489057902281816,0.056774611142620716,0.3178342711032311,0.07146950384311454,0.3178342711032311,0.13050952875699176,0.006993006993006993,,,,,,0.130491285881851
Flower_rat,r0p3,0.3 m,0510_r0p3_ND_B3_B4_median,pairwise_nd,0510,median,ND_B3_B4,33,0.49913095156363324,0.0031069028232713234,0.5357681770155365,0.0013120243025229819,0.5357681770155365,0.008053707241251448,0.006993006993006993,,,,,,0.009109788504997843
Flower_rat,r0p3,0.3 m,diff_r0p3_ND_B3_B4_median,pairwise_nd,diff,median,ND_B3_B4,33,0.4270224494227662,0.013195338299001729,0.47398106039324955,0.005328319403914921,0.47398106039324955,0.01573519323968625,0.006993006993006993,,,,,,0.01732167945593248
Flower_rat,r0p3,0.3 m,0418_r0p3_ND_B3_B5_median,pairwise_nd,0418,median,ND_B3_B5,33,0.16406395815596841,0.3615903974954748,0.35577961989843987,0.042151307510755145,0.35577961989843987,0.0829853866617992,0.006993006993006993,,,,,,0.08521596946378018
Flower_rat,r0p3,0.3 m,0510_r0p3_ND_B3_B5_median,pairwise_nd,0510,median,ND_B3_B5,33,0.5009471385848434,0.0029834904687404346,0.5174671017116526,0.0020423754690398438,0.5174671017116526,0.008053707241251448,0.006993006993006993,,,,,,0.009843414493659176
Flower_rat,r0p3,0.3 m,diff_r0p3_ND_B3_B5_median,pairwise_nd,diff,median,ND_B3_B5,33,0.49387556794623955,0.0034892448281531895,0.5334175801875146,0.0013906957294443328,0.5334175801875146,0.008053707241251448,0.006993006993006993,,,,,,0.009163277638714667
Flower_rat,r0p3,0.3 m,0418_r0p3_ND_B3_B6_median,pairwise_nd,0418,median,ND_B3_B6,33,0.131211974324338,0.4667068217573476,0.35745861763274117,0.04112186417062086,0.35745861763274117,0.08181086661312992,0.006993006993006993,,,,,,0.08395339009012967
Flower_rat,r0p3,0.3 m,0510_r0p3_ND_B3_B6_median,pairwise_nd,0510,median,ND_B3_B6,33,0.49701216116671537,0.003256443799440953,0.5169634023913622,0.002066692069844948,0.5169634023913622,0.008053707241251448,0.006993006993006993,,,,,,0.009843414493659176
Flower_rat,r0p3,0.3 m,diff_r0p3_ND_B3_B6_median,pairwise_nd,diff,median,ND_B3_B6,33,0.49441067610236644,0.003448539598803633,0.5278768876643204,0.0015926849447600025,0.5278768876643204,0.008053707241251448,0.006993006993006993,,,,,,0.009163277638714667
Flower_rat,r0p3,0.3 m,0418_r0p3_ND_B4_B5_median,pairwise_nd,0418,median,ND_B4_B5,33,-0.05225219873673506,0.7727425512026498,0.007051790484065349,0.9689319377866363,0.007051790484065349,0.9792894727503284,0.006993006993006993,,,,,,0.9812400572781532
Flower_rat,r0p3,0.3 m,0510_r0p3_ND_B4_B5_median,pairwise_nd,0510,median,ND_B4_B5,33,0.5129657517283251,0.002268796033240892,0.4936253338845744,0.0035084220208713,0.4936253338845744,0.011633188806046942,0.006993006993006993,,,,,,0.013252460507987542
Flower_rat,r0p3,0.3 m,diff_r0p3_ND_B4_B5_median,pairwise_nd,diff,median,ND_B4_B5,33,0.5266646724451174,0.001640149784337302,0.5261978899300191,0.001658753900555789,0.5261978899300191,0.008053707241251448,0.006993006993006993,,,,,,0.009267169995320667
Flower_rat,r0p3,0.3 m,0418_r0p3_ND_B4_B6_median,pairwise_nd,0418,median,ND_B4_B6,33,-0.05664066779562604,0.7542188648805453,-0.018133175530453755,0.920218321260338,0.018133175530453755,0.9401149336119129,0.006993006993006993,,,,,,0.9456934987579655
Flower_rat,r0p3,0.3 m,0510_r0p3_ND_B4_B6_median,pairwise_nd,0510,median,ND_B4_B6,33,0.4999111181427225,0.0030533581156213098,0.483887147025627,0.004329026935432333,0.483887147025627,0.01341288673437231,0.006993006993006993,,,,,,0.014986946681849227
Flower_rat,r0p3,0.3 m,diff_r0p3_ND_B4_B6_median,pairwise_nd,diff,median,ND_B4_B6,33,0.51293098817391,0.0022706263674722063,0.5201534980865345,0.0019168524156876088,0.5201534980865345,0.008053707241251448,0.006993006993006993,,,,,,0.009820821432802766
Flower_rat,r0p3,0.3 m,0418_r0p3_ND_B5_B6_median,pairwise_nd,0418,median,ND_B5_B6,33,-0.06282504453265762,0.7283434122787552,-0.03525895242032675,0.8455512964027053,0.03525895242032675,0.8878288612228405,0.006993006993006993,,,,,,0.899030609166637
Flower_rat,r0p3,0.3 m,0510_r0p3_ND_B5_B6_median,pairwise_nd,0510,median,ND_B5_B6,33,0.2810579477519378,0.11309643534795609,0.23086218846642512,0.1961459054081064,0.23086218846642512,0.3051158528570544,0.006993006993006993,,,,,,0.2779105994620551
Flower_rat,r0p3,0.3 m,diff_r0p3_ND_B5_B6_median,pairwise_nd,diff,median,ND_B5_B6,33,0.24323730768511118,0.17256669064750205,0.18166755485139782,0.31162782672212314,0.18166755485139782,0.4277942159174339,0.006993006993006993,,,,,,0.39665588312652234
Flower_rat,r0p3,0.3 m,0418_r0p3_NDVI_mean,predefined_index,0418,mean,NDVI,33,-0.1435137464162038,0.4255831174779303,-0.32807615728246886,0.062328631478930197,0.32807615728246886,0.11606021034007691,0.006993006993006993,,,,,,0.11703843970316842
Flower_rat,r0p3,0.3 m,0418_r0p3_GNDVI_mean,predefined_index,0418,mean,GNDVI,33,0.02982447908658011,0.8691337734689476,-0.019476373717894773,0.914329463457398,0.019476373717894773,0.9401149336119129,0.006993006993006993,,,,,,0.9452292403387837
Flower_rat,r0p3,0.3 m,0418_r0p3_NDRE1_mean,predefined_index,0418,mean,NDRE1,33,0.047249632676341496,0.7940089354759848,0.038952747435789546,0.8295958597234057,0.038952747435789546,0.8808630195939533,0.006993006993006993,,,,,,0.8906938286788694
Flower_rat,r0p3,0.3 m,0418_r0p3_NDRE2_mean,predefined_index,0418,mean,NDRE2,33,0.08312149721903825,0.6456006140735855,0.11198914887789496,0.5349419770107642,0.11198914887789496,0.6127517191214208,0.006993006993006993,,,,,,0.6246569018160738
Flower_rat,r0p3,0.3 m,0418_r0p3_RENDVI1_mean,predefined_index,0418,mean,RENDVI1,33,-0.3143944641531422,0.07476321177457351,-0.31968116861096246,0.06974830179049153,0.31968116861096246,0.12860906378929657,0.006993006993006993,,,,,,0.12797476021736204
Flower_rat,r0p3,0.3 m,0418_r0p3_RENDVI2_mean,predefined_index,0418,mean,RENDVI2,33,-0.18615323659355174,0.2996254057821672,-0.37525599361633466,0.03140530467917006,0.37525599361633466,0.06822531706164531,0.006993006993006993,,,,,,0.06751416881489786
Flower_rat,r0p3,0.3 m,0418_r0p3_RVI_mean,predefined_index,0418,mean,RVI,33,-0.18840333713528085,0.2937167370506429,-0.32807615728246886,0.062328631478930197,0.32807615728246886,0.11606021034007691,0.006993006993006993,,,,,,0.11703843970316842
Flower_rat,r0p3,0.3 m,0418_r0p3_DVI_mean,predefined_index,0418,mean,DVI,33,-0.11621738660619998,0.5195339738050146,-0.24127197441909304,0.17616997516500632,0.24127197441909304,0.28580365069687724,0.006993006993006993,,,,,,0.2582350146566393
Flower_rat,r0p3,0.3 m,0418_r0p3_SAVI_mean,predefined_index,0418,mean,SAVI,33,-0.14350793442005064,0.42560205816500996,-0.32807615728246886,0.062328631478930197,0.32807615728246886,0.11606021034007691,0.006993006993006993,,,,,,0.11703843970316842
Flower_rat,r0p3,0.3 m,0418_r0p3_EVI_mean,predefined_index,0418,mean,EVI,33,-0.20450763484401707,0.2536100468814121,-0.2594051499495468,0.144895741897291,0.2594051499495468,0.24066892072985044,0.006993006993006993,,,,,,0.22180102902407306
Flower_rat,r0p3,0.3 m,0418_r0p3_CI_RE1_mean,predefined_index,0418,mean,CI_RE1,33,0.05068491870697469,0.7793885591954215,0.038952747435789546,0.8295958597234057,0.038952747435789546,0.8808630195939533,0.006993006993006993,,,,,,0.8906938286788694
Flower_rat,r0p3,0.3 m,0418_r0p3_CI_RE2_mean,predefined_index,0418,mean,CI_RE2,33,0.08356071617506493,0.643851136721086,0.11198914887789496,0.5349419770107642,0.11198914887789496,0.6127517191214208,0.006993006993006993,,,,,,0.6246569018160738
Flower_rat,r0p3,0.3 m,0510_r0p3_NDVI_mean,predefined_index,0510,mean,NDVI,33,-0.5005084308650491,0.00301290525237024,-0.528548486758041,0.0015669087862707949,0.528548486758041,0.008053707241251448,0.006993006993006993,,,,,,0.009163277638714667
Flower_rat,r0p3,0.3 m,0510_r0p3_GNDVI_mean,predefined_index,0510,mean,GNDVI,33,-0.4307019747081929,0.012344086055521399,-0.41857413516130754,0.015337934052924423,0.41857413516130754,0.03716499405131687,0.006993006993006993,,,,,,0.03770828055699206
Flower_rat,r0p3,0.3 m,0510_r0p3_NDRE1_mean,predefined_index,0510,mean,NDRE1,33,-0.48487506208565456,0.004238865645184935,-0.4674329692294745,0.00609241981008362,0.4674329692294745,0.017315298407606077,0.006993006993006993,,,,,,0.019042638803376942
Flower_rat,r0p3,0.3 m,0510_r0p3_NDRE2_mean,predefined_index,0510,mean,NDRE2,33,-0.37940258754332906,0.029434505024049984,-0.3631672099293655,0.037772205626970506,0.3631672099293655,0.07844996553293875,0.006993006993006993,,,,,,0.07814072694005207
Flower_rat,r0p3,0.3 m,0510_r0p3_RENDVI1_mean,predefined_index,0510,mean,RENDVI1,33,-0.5266667675805938,0.0016400666933387327,-0.5569235484677325,0.0007618538626419691,0.5569235484677325,0.008053707241251448,0.006993006993006993,-0.7830242686179555,-0.22788163996750682,0.003,0.0365,0.093,0.008563971733071774
Flower_rat,r0p3,0.3 m,0510_r0p3_RENDVI2_mean,predefined_index,0510,mean,RENDVI2,33,-0.5015945366434904,0.0029405379954711534,-0.5369434754295473,0.0012741723456578223,0.5369434754295473,0.008053707241251448,0.006993006993006993,,,,,,0.009109788504997843
Flower_rat,r0p3,0.3 m,0510_r0p3_RVI_mean,predefined_index,0510,mean,RVI,33,-0.5337669417281681,0.001378747814474772,-0.528548486758041,0.0015669087862707949,0.528548486758041,0.008053707241251448,0.006993006993006993,,,,,,0.009163277638714667
Flower_rat,r0p3,0.3 m,0510_r0p3_DVI_mean,predefined_index,0510,mean,DVI,33,-0.5056806981735319,0.0026816032877839033,-0.5458421634213441,0.0010173222311739237,0.5458421634213441,0.008053707241251448,0.006993006993006993,-0.7373456761591983,-0.2648814854233253,0.0,0.013,0.0385,0.00893546976365527
Flower_rat,r0p3,0.3 m,0510_r0p3_SAVI_mean,predefined_index,0510,mean,SAVI,33,-0.5005112298853356,0.0030127167880481588,-0.528548486758041,0.0015669087862707949,0.528548486758041,0.008053707241251448,0.006993006993006993,,,,,,0.009163277638714667
Flower_rat,r0p3,0.3 m,0510_r0p3_EVI_mean,predefined_index,0510,mean,EVI,33,-0.5335597408136117,0.0013858230389316936,-0.5347607783749557,0.0013452496378987824,0.5347607783749557,0.008053707241251448,0.006993006993006993,,,,,,0.009163277638714667
Flower_rat,r0p3,0.3 m,0510_r0p3_CI_RE1_mean,predefined_index,0510,mean,CI_RE1,33,-0.48915009363265316,0.0038671069507738407,-0.4674329692294745,0.00609241981008362,0.4674329692294745,0.017315298407606077,0.006993006993006993,,,,,,0.019042638803376942
Flower_rat,r0p3,0.3 m,0510_r0p3_CI_RE2_mean,predefined_index,0510,mean,CI_RE2,33,-0.3780272466011278,0.03007664824714048,-0.3631672099293655,0.037772205626970506,0.3631672099293655,0.07844996553293875,0.006993006993006993,,,,,,0.07814072694005207
Flower_rat,r0p3,0.3 m,diff_r0p3_NDVI_mean,predefined_index,diff,mean,NDVI,33,-0.5051465514515073,0.0027142848067385358,-0.533921279507805,0.0013734982733975027,0.533921279507805,0.008053707241251448,0.006993006993006993,,,,,,0.009163277638714667
Flower_rat,r0p3,0.3 m,ratio_r0p3_NDVI_mean,predefined_index,ratio,mean,NDVI,33,-0.5044785144609307,0.002755644458795112,-0.5372792749764076,0.001263534912980794,0.5372792749764076,0.008053707241251448,0.006993006993006993,,,,,,0.009109788504997843
Flower_rat,r0p3,0.3 m,rel_r0p3_NDVI_mean,predefined_index,rel,mean,NDVI,33,-0.5044785144609304,0.002755644458795126,-0.5372792749764076,0.001263534912980794,0.5372792749764076,0.008053707241251448,0.006993006993006993,,,,,,0.009109788504997843
Flower_rat,r0p3,0.3 m,diff_r0p3_GNDVI_mean,predefined_index,diff,mean,GNDVI,33,-0.4554209897089196,0.007739271981312944,-0.4793538531430136,0.004764251114881923,0.4793538531430136,0.01452328162439812,0.006993006993006993,,,,,,0.015932065556218043
Flower_rat,r0p3,0.3 m,ratio_r0p3_GNDVI_mean,predefined_index,ratio,mean,GNDVI,33,-0.45348671359618736,0.008037026529250379,-0.47079096469807713,0.005689621143486483,0.47079096469807713,0.01654366763259916,0.006993006993006993,,,,,,0.01827337874999273
Flower_rat,r0p3,0.3 m,rel_r0p3_GNDVI_mean,predefined_index,rel,mean,GNDVI,33,-0.45348671359618753,0.008037026529250344,-0.47079096469807713,0.005689621143486483,0.47079096469807713,0.01654366763259916,0.006993006993006993,,,,,,0.01827337874999273
Flower_rat,r0p3,0.3 m,diff_r0p3_NDRE1_mean,predefined_index,diff,mean,NDRE1,33,-0.5160433595181982,0.0021117598850991784,-0.5241830926488575,0.0017411883056335778,0.5241830926488575,0.008053707241251448,0.006993006993006993,,,,,,0.009472470490706287
Flower_rat,r0p3,0.3 m,ratio_r0p3_NDRE1_mean,predefined_index,ratio,mean,NDRE1,33,-0.5133437150368428,0.002248978622729619,-0.5125980082821788,0.0022882232785335554,0.5125980082821788,0.00864948399285684,0.006993006993006993,,,,,,0.010214891477855537
Flower_rat,r0p3,0.3 m,rel_r0p3_NDRE1_mean,predefined_index,rel,mean,NDRE1,33,-0.5133437150368427,0.002248978622729631,-0.5125980082821788,0.0022882232785335554,0.5125980082821788,0.00864948399285684,0.006993006993006993,,,,,,0.010214891477855537
Flower_rat,r0p3,0.3 m,diff_r0p3_NDRE2_mean,predefined_index,diff,mean,NDRE2,33,-0.2858838761752196,0.10678386848395682,-0.26998283567564485,0.12863456992543057,0.26998283567564485,0.22101757923551252,0.006993006993006993,,,,,,0.2015382934348056
Flower_rat,r0p3,0.3 m,ratio_r0p3_NDRE2_mean,predefined_index,ratio,mean,NDRE2,33,-0.36575980416357773,0.03632559548204064,-0.37559179316319496,0.0312418047849805,0.37559179316319496,0.06822531706164531,0.006993006993006993,,,,,,0.06747362005645094
Flower_rat,r0p3,0.3 m,rel_r0p3_NDRE2_mean,predefined_index,rel,mean,NDRE2,33,-0.36575980416357784,0.036325595482040514,-0.37559179316319496,0.0312418047849805,0.37559179316319496,0.06822531706164531,0.006993006993006993,,,,,,0.06747362005645094
Flower_rat,r0p3,0.3 m,diff_r0p3_RENDVI1_mean,predefined_index,diff,mean,RENDVI1,33,-0.45738427997654907,0.007446707341960835,-0.48439084634591745,0.004282852961105851,0.48439084634591745,0.01341288673437231,0.006993006993006993,,,,,,0.01491008139071552
Flower_rat,r0p3,0.3 m,ratio_r0p3_RENDVI1_mean,predefined_index,ratio,mean,RENDVI1,33,-0.4738927055189793,0.0053380545489491085,-0.5025240218763712,0.0028798077651097194,0.5025240218763712,0.009896066683740672,0.006993006993006993,,,,,,0.011313097451988918
Flower_rat,r0p3,0.3 m,rel_r0p3_RENDVI1_mean,predefined_index,rel,mean,RENDVI1,33,-0.4738927055189794,0.005338054548949084,-0.5025240218763712,0.0028798077651097194,0.5025240218763712,0.009896066683740672,0.006993006993006993,,,,,,0.011313097451988918
Flower_rat,r0p3,0.3 m,diff_r0p3_RENDVI2_mean,predefined_index,diff,mean,RENDVI2,33,-0.5010107833326803,0.002979243912137234,-0.5261978899300191,0.001658753900555789,0.5261978899300191,0.008053707241251448,0.006993006993006993,,,,,,0.009267169995320667
Flower_rat,r0p3,0.3 m,ratio_r0p3_RENDVI2_mean,predefined_index,ratio,mean,RENDVI2,33,-0.5013957846478336,0.002953667064638668,-0.5203213978599647,0.0019092357107557865,0.5203213978599647,0.008053707241251448,0.006993006993006993,,,,,,0.009820821432802766
Flower_rat,r0p3,0.3 m,rel_r0p3_RENDVI2_mean,predefined_index,rel,mean,RENDVI2,33,-0.5013957846478336,0.002953667064638668,-0.5203213978599647,0.0019092357107557865,0.5203213978599647,0.008053707241251448,0.006993006993006993,,,,,,0.009820821432802766
Flower_rat,r0p3,0.3 m,diff_r0p3_RVI_mean,predefined_index,diff,mean,RVI,33,-0.3704578098564931,0.03381868616898575,-0.3294193554699099,0.06120137713048998,0.3294193554699099,0.11606021034007691,0.006993006993006993,,,,,,0.11570594703697498
Flower_rat,r0p3,0.3 m,ratio_r0p3_RVI_mean,predefined_index,ratio,mean,RVI,33,-0.5313358460993002,0.0014637876512625992,-0.5178029012585128,0.0020263032730417317,0.5178029012585128,0.008053707241251448,0.006993006993006993,,,,,,0.009843414493659176
Flower_rat,r0p3,0.3 m,rel_r0p3_RVI_mean,predefined_index,rel,mean,RVI,33,-0.5313358460993003,0.0014637876512625992,-0.5178029012585128,0.0020263032730417317,0.5178029012585128,0.008053707241251448,0.006993006993006993,,,,,,0.009843414493659176
Flower_rat,r0p3,0.3 m,diff_r0p3_DVI_mean,predefined_index,diff,mean,DVI,33,-0.60196458079135,0.00021052278864909415,-0.6232439589726327,0.00010695178480329983,0.6232439589726327,0.008053707241251448,0.006993006993006993,-0.8096759936331983,-0.35008050898916976,0.036,0.2055,0.3635,0.004246213413679947
Flower_rat,r0p3,0.3 m,ratio_r0p3_DVI_mean,predefined_index,ratio,mean,DVI,33,-0.5997811177423995,0.0002250642621042051,-0.6358364419798923,6.99501237013879e-05,0.6358364419798923,0.008053707241251448,0.006993006993006993,-0.8182339536767116,-0.36233974471919006,0.0475,0.286,0.4465,0.0035277548872105356
Flower_rat,r0p3,0.3 m,rel_r0p3_DVI_mean,predefined_index,rel,mean,DVI,33,-0.5997811177423995,0.0002250642621042051,-0.6358364419798923,6.99501237013879e-05,0.6358364419798923,0.008053707241251448,0.006993006993006993,-0.8182339536767116,-0.36233974471919006,0.0435,0.283,0.4405,0.0035277548872105356
Flower_rat,r0p3,0.3 m,diff_r0p3_SAVI_mean,predefined_index,diff,mean,SAVI,33,-0.5051535612556259,0.0027138536866838465,-0.533921279507805,0.0013734982733975027,0.533921279507805,0.008053707241251448,0.006993006993006993,,,,,,0.009163277638714667
Flower_rat,r0p3,0.3 m,ratio_r0p3_SAVI_mean,predefined_index,ratio,mean,SAVI,33,-0.504484732354831,0.0027552569880570908,-0.5372792749764076,0.001263534912980794,0.5372792749764076,0.008053707241251448,0.006993006993006993,,,,,,0.009109788504997843
Flower_rat,r0p3,0.3 m,rel_r0p3_SAVI_mean,predefined_index,rel,mean,SAVI,33,-0.5044847323548315,0.0027552569880570634,-0.5372792749764076,0.001263534912980794,0.5372792749764076,0.008053707241251448,0.006993006993006993,,,,,,0.009109788504997843
Flower_rat,r0p3,0.3 m,diff_r0p3_EVI_mean,predefined_index,diff,mean,EVI,33,-0.5211096078164713,0.0018738306984671226,-0.5382866736169883,0.0012320884146429945,0.5382866736169883,0.008053707241251448,0.006993006993006993,,,,,,0.009109788504997843
Flower_rat,r0p3,0.3 m,ratio_r0p3_EVI_mean,predefined_index,ratio,mean,EVI,33,-0.5266785420771448,0.0016395997969032025,-0.5324101815469339,0.0014256573160438314,0.5324101815469339,0.008053707241251448,0.006993006993006993,,,,,,0.009163277638714667
Flower_rat,r0p3,0.3 m,rel_r0p3_EVI_mean,predefined_index,rel,mean,EVI,33,-0.5266785420771447,0.0016395997969032114,-0.5324101815469339,0.0014256573160438314,0.5324101815469339,0.008053707241251448,0.006993006993006993,,,,,,0.009163277638714667
Flower_rat,r0p3,0.3 m,diff_r0p3_CI_RE1_mean,predefined_index,diff,mean,CI_RE1,33,-0.43890185713000435,0.010612076896190146,-0.427137023606244,0.013168106829389285,0.427137023606244,0.03274700250992862,0.006993006993006993,,,,,,0.03389198254295228
Flower_rat,r0p3,0.3 m,ratio_r0p3_CI_RE1_mean,predefined_index,ratio,mean,CI_RE1,33,-0.5215739579891219,0.0018532421994890372,-0.5235114935551372,0.0017694503762154667,0.5235114935551372,0.008053707241251448,0.006993006993006993,,,,,,0.00948791494832776
Flower_rat,r0p3,0.3 m,rel_r0p3_CI_RE1_mean,predefined_index,rel,mean,CI_RE1,33,-0.5215739579891219,0.0018532421994890372,-0.5235114935551372,0.0017694503762154667,0.5235114935551372,0.008053707241251448,0.006993006993006993,,,,,,0.00948791494832776
Flower_rat,r0p3,0.3 m,diff_r0p3_CI_RE2_mean,predefined_index,diff,mean,CI_RE2,33,-0.268629388774861,0.13063645102390273,-0.25923725017611665,0.14516538075768756,0.25923725017611665,0.24066892072985044,0.006993006993006993,,,,,,0.22203163974905327
Flower_rat,r0p3,0.3 m,ratio_r0p3_CI_RE2_mean,predefined_index,ratio,mean,CI_RE2,33,-0.3613313112366597,0.03882449120614984,-0.36098451287477384,0.03902589881265355,0.36098451287477384,0.08017277038686436,0.006993006993006993,,,,,,0.08046665987227794
Flower_rat,r0p3,0.3 m,rel_r0p3_CI_RE2_mean,predefined_index,rel,mean,CI_RE2,33,-0.3613313112366598,0.03882449120614971,-0.36098451287477384,0.03902589881265355,0.36098451287477384,0.08017277038686436,0.006993006993006993,,,,,,0.08046665987227794
Flower_rat,r0p3,0.3 m,0418_r0p3_NDVI_median,predefined_index,0418,median,NDVI,33,-0.131211974324338,0.4667068217573476,-0.35745861763274117,0.04112186417062086,0.35745861763274117,0.08181086661312992,0.006993006993006993,,,,,,0.08395339009012967
Flower_rat,r0p3,0.3 m,0418_r0p3_GNDVI_median,predefined_index,0418,median,GNDVI,33,0.011912384224238494,0.9475409971868343,-0.08311038784791304,0.6456448886562702,0.08311038784791304,0.7241951570091103,0.006993006993006993,,,,,,0.7368644417324772
Flower_rat,r0p3,0.3 m,0418_r0p3_NDRE1_median,predefined_index,0418,median,NDRE1,33,0.05664066779562604,0.7542188648805453,0.018133175530453755,0.920218321260338,0.018133175530453755,0.9401149336119129,0.006993006993006993,,,,,,0.9456934987579655
Flower_rat,r0p3,0.3 m,0418_r0p3_NDRE2_median,predefined_index,0418,median,NDRE2,33,0.06282504453265762,0.7283434122787552,0.03525895242032675,0.8455512964027053,0.03525895242032675,0.8878288612228405,0.006993006993006993,,,,,,0.899030609166637
Flower_rat,r0p3,0.3 m,0418_r0p3_RENDVI1_median,predefined_index,0418,median,RENDVI1,33,-0.33489057902281816,0.056774611142620716,-0.3178342711032311,0.07146950384311454,0.3178342711032311,0.13050952875699176,0.006993006993006993,,,,,,0.130491285881851
Flower_rat,r0p3,0.3 m,0418_r0p3_RENDVI2_median,predefined_index,0418,median,RENDVI2,33,-0.16406395815596841,0.3615903974954748,-0.35577961989843987,0.042151307510755145,0.35577961989843987,0.0829853866617992,0.006993006993006993,,,,,,0.08521596946378018
Flower_rat,r0p3,0.3 m,0418_r0p3_RVI_median,predefined_index,0418,median,RVI,33,-0.18441709755540997,0.3042355704004506,-0.35745861763274117,0.04112186417062086,0.35745861763274117,0.08181086661312992,0.006993006993006993,,,,,,0.08395339009012967
Flower_rat,r0p3,0.3 m,0418_r0p3_DVI_median,predefined_index,0418,median,DVI,33,-0.0989481503473568,0.5837988985401679,-0.23103008823985524,0.19581170385295857,0.23103008823985524,0.3051158528570544,0.006993006993006993,,,,,,0.2779105994620551
Flower_rat,r0p3,0.3 m,0418_r0p3_SAVI_median,predefined_index,0418,median,SAVI,33,-0.13120396526203082,0.4667342593458356,-0.35745861763274117,0.04112186417062086,0.35745861763274117,0.08181086661312992,0.006993006993006993,,,,,,0.08395339009012967
Flower_rat,r0p3,0.3 m,0418_r0p3_EVI_median,predefined_index,0418,median,EVI,33,-0.17628481010320096,0.3264224078361541,-0.2788815236674415,0.1160330551022413,0.2788815236674415,0.20591781609693527,0.006993006993006993,,,,,,0.18860425158604727
Flower_rat,r0p3,0.3 m,0418_r0p3_CI_RE1_median,predefined_index,0418,median,CI_RE1,33,0.05851403772722316,0.746351488666502,0.018133175530453755,0.920218321260338,0.018133175530453755,0.9401149336119129,0.006993006993006993,,,,,,0.9456934987579655
Flower_rat,r0p3,0.3 m,0418_r0p3_CI_RE2_median,predefined_index,0418,median,CI_RE2,33,0.06265944181676264,0.7290326164480496,0.03525895242032675,0.8455512964027053,0.03525895242032675,0.8878288612228405,0.006993006993006993,,,,,,0.899030609166637
Flower_rat,r0p3,0.3 m,0510_r0p3_NDVI_median,predefined_index,0510,median,NDVI,33,-0.49701216116671537,0.003256443799440953,-0.5169634023913622,0.002066692069844948,0.5169634023913622,0.008053707241251448,0.006993006993006993,,,,,,0.009843414493659176
Flower_rat,r0p3,0.3 m,0510_r0p3_GNDVI_median,predefined_index,0510,median,GNDVI,33,-0.4207418168716274,0.014762214125016054,-0.40396685487288647,0.01972750376524384,0.40396685487288647,0.046316747970572496,0.006993006993006993,,,,,,0.045899653398933926
Flower_rat,r0p3,0.3 m,0510_r0p3_NDRE1_median,predefined_index,0510,median,NDRE1,33,-0.4999111181427225,0.0030533581156213098,-0.483887147025627,0.004329026935432333,0.483887147025627,0.01341288673437231,0.006993006993006993,,,,,,0.014986946681849227
Flower_rat,r0p3,0.3 m,0510_r0p3_NDRE2_median,predefined_index,0510,median,NDRE2,33,-0.2810579477519378,0.11309643534795609,-0.23086218846642512,0.1961459054081064,0.23086218846642512,0.3051158528570544,0.006993006993006993,,,,,,0.2779105994620551
Flower_rat,r0p3,0.3 m,0510_r0p3_RENDVI1_median,predefined_index,0510,median,RENDVI1,33,-0.49913095156363324,0.0031069028232713234,-0.5357681770155365,0.0013120243025229819,0.5357681770155365,0.008053707241251448,0.006993006993006993,,,,,,0.009109788504997843
Flower_rat,r0p3,0.3 m,0510_r0p3_RENDVI2_median,predefined_index,0510,median,RENDVI2,33,-0.5009471385848434,0.0029834904687404346,-0.5174671017116526,0.0020423754690398438,0.5174671017116526,0.008053707241251448,0.006993006993006993,,,,,,0.009843414493659176
Flower_rat,r0p3,0.3 m,0510_r0p3_RVI_median,predefined_index,0510,median,RVI,33,-0.534075648809361,0.0013682651833677728,-0.5169634023913622,0.002066692069844948,0.5169634023913622,0.008053707241251448,0.006993006993006993,,,,,,0.009843414493659176
Flower_rat,r0p3,0.3 m,0510_r0p3_DVI_median,predefined_index,0510,median,DVI,33,-0.48971483741192545,0.0038201666984818724,-0.5354323774686762,0.0013230185878105119,0.5354323774686762,0.008053707241251448,0.006993006993006993,,,,,,0.009109788504997843
Flower_rat,r0p3,0.3 m,0510_r0p3_SAVI_median,predefined_index,0510,median,SAVI,33,-0.49701496125547967,0.0032562421346442544,-0.5169634023913622,0.002066692069844948,0.5169634023913622,0.008053707241251448,0.006993006993006993,,,,,,0.009843414493659176
Flower_rat,r0p3,0.3 m,0510_r0p3_EVI_median,predefined_index,0510,median,EVI,33,-0.524258718969217,0.0017380306515555775,-0.5473532613822153,0.00097855942317831,0.5473532613822153,0.008053707241251448,0.006993006993006993,-0.7864482230890826,-0.21825832270027237,0.004,0.03,0.08,0.00893546976365527
Flower_rat,r0p3,0.3 m,0510_r0p3_CI_RE1_median,predefined_index,0510,median,CI_RE1,33,-0.5056544907705545,0.002683198769414125,-0.483887147025627,0.004329026935432333,0.483887147025627,0.01341288673437231,0.006993006993006993,,,,,,0.014986946681849227
Flower_rat,r0p3,0.3 m,0510_r0p3_CI_RE2_median,predefined_index,0510,median,CI_RE2,33,-0.2796666169812346,0.1149672441930601,-0.23086218846642512,0.1961459054081064,0.23086218846642512,0.3051158528570544,0.006993006993006993,,,,,,0.2779105994620551
Flower_rat,r0p3,0.3 m,diff_r0p3_NDVI_median,predefined_index,diff,median,NDVI,33,-0.49441067610236644,0.003448539598803633,-0.5278768876643204,0.0015926849447600025,0.5278768876643204,0.008053707241251448,0.006993006993006993,,,,,,0.009163277638714667
Flower_rat,r0p3,0.3 m,ratio_r0p3_NDVI_median,predefined_index,ratio,median,NDVI,33,-0.4958268838990685,0.0033427852599295276,-0.5283805869846108,0.0015733183798357488,0.5283805869846108,0.008053707241251448,0.006993006993006993,,,,,,0.009163277638714667
Flower_rat,r0p3,0.3 m,rel_r0p3_NDVI_median,predefined_index,rel,median,NDVI,33,-0.4958268838990685,0.0033427852599295276,-0.5283805869846108,0.0015733183798357488,0.5283805869846108,0.008053707241251448,0.006993006993006993,,,,,,0.009163277638714667
Flower_rat,r0p3,0.3 m,diff_r0p3_GNDVI_median,predefined_index,diff,median,GNDVI,33,-0.42678667550264543,0.01325152484160826,-0.4316703174888574,0.012127907518696043,0.4316703174888574,0.030767443235349693,0.006993006993006993,,,,,,0.031519046559730944
Flower_rat,r0p3,0.3 m,ratio_r0p3_GNDVI_median,predefined_index,ratio,median,GNDVI,33,-0.42991138711347887,0.012522977866544665,-0.43049501907484655,0.012390706236250259,0.43049501907484655,0.031017794419222502,0.006993006993006993,,,,,,0.031979333107666645
Flower_rat,r0p3,0.3 m,rel_r0p3_GNDVI_median,predefined_index,rel,median,GNDVI,33,-0.4299113871134787,0.012522977866544665,-0.43049501907484655,0.012390706236250259,0.43049501907484655,0.031017794419222502,0.006993006993006993,,,,,,0.031979333107666645
Flower_rat,r0p3,0.3 m,diff_r0p3_NDRE1_median,predefined_index,diff,median,NDRE1,33,-0.51293098817391,0.0022706263674722063,-0.5201534980865345,0.0019168524156876088,0.5201534980865345,0.008053707241251448,0.006993006993006993,,,,,,0.009820821432802766
Flower_rat,r0p3,0.3 m,ratio_r0p3_NDRE1_median,predefined_index,ratio,median,NDRE1,33,-0.5204303483053971,0.001904307354502747,-0.5322422817735037,0.001431558457670818,0.5322422817735037,0.008053707241251448,0.006993006993006993,,,,,,0.009163277638714667
Flower_rat,r0p3,0.3 m,rel_r0p3_NDRE1_median,predefined_index,rel,median,NDRE1,33,-0.5204303483053971,0.001904307354502747,-0.5322422817735037,0.001431558457670818,0.5322422817735037,0.008053707241251448,0.006993006993006993,,,,,,0.009163277638714667
Flower_rat,r0p3,0.3 m,diff_r0p3_NDRE2_median,predefined_index,diff,median,NDRE2,33,-0.24323730768511118,0.17256669064750205,-0.18166755485139782,0.31162782672212314,0.18166755485139782,0.4277942159174339,0.006993006993006993,,,,,,0.39665588312652234
Flower_rat,r0p3,0.3 m,ratio_r0p3_NDRE2_median,predefined_index,ratio,median,NDRE2,33,-0.300581722558271,0.0891890956560819,-0.2730050315973871,0.1242463746951833,0.2730050315973871,0.21543637447146463,0.006993006993006993,,,,,,0.1976219302700143
Flower_rat,r0p3,0.3 m,rel_r0p3_NDRE2_median,predefined_index,rel,median,NDRE2,33,-0.3005817225582711,0.08918909565608164,-0.2730050315973871,0.1242463746951833,0.2730050315973871,0.21543637447146463,0.006993006993006993,,,,,,0.1976219302700143
Flower_rat,r0p3,0.3 m,diff_r0p3_RENDVI1_median,predefined_index,diff,median,RENDVI1,33,-0.4270224494227662,0.013195338299001729,-0.47398106039324955,0.005328319403914921,0.47398106039324955,0.01573519323968625,0.006993006993006993,,,,,,0.01732167945593248
Flower_rat,r0p3,0.3 m,ratio_r0p3_RENDVI1_median,predefined_index,ratio,median,RENDVI1,33,-0.4443533839119016,0.009578098505093644,-0.486405643627079,0.004102374092523354,0.486405643627079,0.013368081094601966,0.006993006993006993,,,,,,0.014525673731780986
Flower_rat,r0p3,0.3 m,rel_r0p3_RENDVI1_median,predefined_index,rel,median,RENDVI1,33,-0.44435338391190143,0.009578098505093684,-0.486405643627079,0.004102374092523354,0.486405643627079,0.013368081094601966,0.006993006993006993,,,,,,0.014525673731780986
Flower_rat,r0p3,0.3 m,diff_r0p3_RENDVI2_median,predefined_index,diff,median,RENDVI2,33,-0.49387556794623955,0.0034892448281531895,-0.5334175801875146,0.0013906957294443328,0.5334175801875146,0.008053707241251448,0.006993006993006993,,,,,,0.009163277638714667
Flower_rat,r0p3,0.3 m,ratio_r0p3_RENDVI2_median,predefined_index,ratio,median,RENDVI2,33,-0.49636536017992633,0.0033033175739394034,-0.5392940722575691,0.0012013305278807875,0.5392940722575691,0.008053707241251448,0.006993006993006993,,,,,,0.009109788504997843
Flower_rat,r0p3,0.3 m,rel_r0p3_RENDVI2_median,predefined_index,rel,median,RENDVI2,33,-0.4963653601799261,0.0033033175739394195,-0.5392940722575691,0.0012013305278807875,0.5392940722575691,0.008053707241251448,0.006993006993006993,,,,,,0.009109788504997843
Flower_rat,r0p3,0.3 m,diff_r0p3_RVI_median,predefined_index,diff,median,RVI,33,-0.3359425180918125,0.05595327237706144,-0.2684717377147737,0.13087111768245,0.2684717377147737,0.2238429071672674,0.006993006993006993,,,,,,0.20401462455760375
Flower_rat,r0p3,0.3 m,ratio_r0p3_RVI_median,predefined_index,ratio,median,RVI,33,-0.5141149214930978,0.0022090094693659793,-0.49916602640776864,0.0031044782089144998,0.49916602640776864,0.010384891707696292,0.006993006993006993,,,,,,0.011944239871823623
Flower_rat,r0p3,0.3 m,rel_r0p3_RVI_median,predefined_index,rel,median,RVI,33,-0.5141149214930978,0.0022090094693659793,-0.49916602640776864,0.0031044782089144998,0.49916602640776864,0.010384891707696292,0.006993006993006993,,,,,,0.011944239871823623
Flower_rat,r0p3,0.3 m,diff_r0p3_DVI_median,predefined_index,diff,median,DVI,33,-0.5501298955357335,0.0009107076219599018,-0.5658222364595292,0.0005995352326869574,0.5658222364595292,0.008053707241251448,0.006993006993006993,-0.7592025916173132,-0.2737098191130878,0.0065,0.0255,0.072,0.007967730094483367
Flower_rat,r0p3,0.3 m,ratio_r0p3_DVI_median,predefined_index,ratio,median,DVI,33,-0.5589435503882756,0.0007219481742572832,-0.5767357217324875,0.0004427123058271315,0.5767357217324875,0.008053707241251448,0.006993006993006993,-0.7724189222695962,-0.28794085601000463,0.0,0.025,0.077,0.007967730094483367
Flower_rat,r0p3,0.3 m,rel_r0p3_DVI_median,predefined_index,rel,median,DVI,33,-0.5589435503882756,0.0007219481742572832,-0.5767357217324875,0.0004427123058271315,0.5767357217324875,0.008053707241251448,0.006993006993006993,-0.7724189222695962,-0.28794085601000463,0.0015,0.02,0.0735,0.007967730094483367
Flower_rat,r0p3,0.3 m,diff_r0p3_SAVI_median,predefined_index,diff,median,SAVI,33,-0.49441640939651865,0.0034481057047934067,-0.5278768876643204,0.0015926849447600025,0.5278768876643204,0.008053707241251448,0.006993006993006993,,,,,,0.009163277638714667
Flower_rat,r0p3,0.3 m,ratio_r0p3_SAVI_median,predefined_index,ratio,median,SAVI,33,-0.4958322370622954,0.003342390900498037,-0.5283805869846108,0.0015733183798357488,0.5283805869846108,0.008053707241251448,0.006993006993006993,,,,,,0.009163277638714667
Flower_rat,r0p3,0.3 m,rel_r0p3_SAVI_median,predefined_index,rel,median,SAVI,33,-0.4958322370622953,0.003342390900498053,-0.5283805869846108,0.0015733183798357488,0.5283805869846108,0.008053707241251448,0.006993006993006993,,,,,,0.009163277638714667
Flower_rat,r0p3,0.3 m,diff_r0p3_EVI_median,predefined_index,diff,median,EVI,33,-0.5150847992265128,0.0021596227448164576,-0.5376150745232678,0.0012529754358140486,0.5376150745232678,0.008053707241251448,0.006993006993006993,,,,,,0.009109788504997843
Flower_rat,r0p3,0.3 m,ratio_r0p3_EVI_median,predefined_index,ratio,median,EVI,33,-0.5203763644376069,0.001906747917377137,-0.5448347647807633,0.0010439080431280006,0.5448347647807633,0.008053707241251448,0.006993006993006993,-0.780837274335733,-0.20343830047658842,0.0,0.0205,0.0675,0.00893546976365527
Flower_rat,r0p3,0.3 m,rel_r0p3_EVI_median,predefined_index,rel,median,EVI,33,-0.5203763644376069,0.001906747917377137,-0.5448347647807633,0.0010439080431280006,0.5448347647807633,0.008053707241251448,0.006993006993006993,,,,,,0.00893546976365527
Flower_rat,r0p3,0.3 m,diff_r0p3_CI_RE1_median,predefined_index,diff,median,CI_RE1,33,-0.4243037122795359,0.01385553396429596,-0.3784460893115071,0.029879891505531306,0.3784460893115071,0.06643881758288726,0.006993006993006993,,,,,,0.06521155268926482
Flower_rat,r0p3,0.3 m,ratio_r0p3_CI_RE1_median,predefined_index,ratio,median,CI_RE1,33,-0.524598596689252,0.0017239012772554793,-0.5209929969536852,0.0018790322713977928,0.5209929969536852,0.008053707241251448,0.006993006993006993,,,,,,0.009820821432802766
Flower_rat,r0p3,0.3 m,rel_r0p3_CI_RE1_median,predefined_index,rel,median,CI_RE1,33,-0.5245985966892518,0.0017239012772554793,-0.5209929969536852,0.0018790322713977928,0.5209929969536852,0.008053707241251448,0.006993006993006993,,,,,,0.009820821432802766
Flower_rat,r0p3,0.3 m,diff_r0p3_CI_RE2_median,predefined_index,diff,median,CI_RE2,33,-0.22737960691533296,0.20316767310736344,-0.18049225643738692,0.3148217093330632,0.18049225643738692,0.4277942159174339,0.006993006993006993,,,,,,0.40017527902962935
Flower_rat,r0p3,0.3 m,ratio_r0p3_CI_RE2_median,predefined_index,ratio,median,CI_RE2,33,-0.2986415992358611,0.09137516244121721,-0.26293104519157945,0.13931726915329484,0.26293104519157945,0.23405301217753532,0.006993006993006993,,,,,,0.21449341933997373
Flower_rat,r0p3,0.3 m,rel_r0p3_CI_RE2_median,predefined_index,rel,median,CI_RE2,33,-0.2986415992358609,0.09137516244121746,-0.26293104519157945,0.13931726915329484,0.26293104519157945,0.23405301217753532,0.006993006993006993,,,,,,0.21449341933997373
Flower_rat,r0p5,0.5 m,0418_r0p5_B1_mean,raw_band,0418,mean,B1,33,-0.0924570894745534,0.6088297533284508,-0.015446779155571718,0.932008218013457,0.015446779155571718,0.9470406086265772,0.006993006993006993,,,,,,0.9519033031270447
Flower_rat,r0p5,0.5 m,0418_r0p5_B1_median,raw_band,0418,median,B1,33,-0.096813987074065,0.5919783061203465,-0.023509897401562483,0.8966737370722242,0.023509897401562483,0.9225655525934278,0.006993006993006993,,,,,,0.9418241789069869
Flower_rat,r0p5,0.5 m,0418_r0p5_B1_std,raw_band,0418,std,B1,33,-0.185163175047309,0.30224897021094327,-0.19392423831179711,0.2795361401733006,0.19392423831179711,0.333327006263431,0.006993006993006993,,,,,,0.3640944480602043
Flower_rat,r0p5,0.5 m,0418_r0p5_B1_min,raw_band,0418,min,B1,33,0.05577475913395668,0.7578635864766241,0.028886002747242883,0.8732180311000861,0.028886002747242883,0.9018481304804168,0.006993006993006993,,,,,,0.9263358988247645
Flower_rat,r0p5,0.5 m,0418_r0p5_B1_max,raw_band,0418,max,B1,33,-0.059627622852867004,0.7416867202998552,-0.07767311785232463,0.6674549493573511,0.07767311785232463,0.7187976377694549,0.006993006993006993,,,,,,0.7580468262329989
Flower_rat,r0p5,0.5 m,0418_r0p5_B1_p25,raw_band,0418,p25,B1,33,-0.03080191416756556,0.86488349470552,-0.023170168733357577,0.8981590564930726,0.023170168733357577,0.9225655525934278,0.006993006993006993,,,,,,0.9418241789069869
Flower_rat,r0p5,0.5 m,0418_r0p5_B1_p75,raw_band,0418,p75,B1,33,-0.16648330085681473,0.3544551256415802,-0.10050481139167962,0.5778645908283989,0.10050481139167962,0.6405654408596329,0.006993006993006993,,,,,,0.6701649014827796
Flower_rat,r0p5,0.5 m,0418_r0p5_B1_valid_count,other,0418,unknown,0418_r0p5_B1_valid_count,33,0.3310965607982953,0.05981641182696656,0.27363910641454803,0.12333996747868639,0.27363910641454803,0.17461613373387064,0.006993006993006993,,,,,,0.19687970856734716
Flower_rat,r0p5,0.5 m,0418_r0p5_B2_mean,raw_band,0418,mean,B2,33,-0.24834361306569083,0.16345028871425588,-0.0656488114111798,0.7166240078619608,0.0656488114111798,0.756658868636372,0.006993006993006993,,,,,,0.7926617656611847
Flower_rat,r0p5,0.5 m,0418_r0p5_B2_median,raw_band,0418,median,B2,33,-0.2414605396839268,0.17582196159427063,-0.11551504411992762,0.5220781933391434,0.11551504411992762,0.5873379675065363,0.006993006993006993,,,,,,0.611549220822876
Flower_rat,r0p5,0.5 m,0418_r0p5_B2_std,raw_band,0418,std,B2,33,-0.408333956945508,0.018317780367528885,-0.379621387725518,0.02933338885673873,0.379621387725518,0.05866677771347746,0.006993006993006993,,,,,,0.06409379813427923
Flower_rat,r0p5,0.5 m,0418_r0p5_B2_min,raw_band,0418,min,B2,33,-0.042261428980627944,0.8153602442584038,-0.018723954001958695,0.917627695809331,0.018723954001958695,0.9374682946376409,0.006993006993006993,,,,,,0.9456934987579655
Flower_rat,r0p5,0.5 m,0418_r0p5_B2_max,raw_band,0418,max,B2,33,-0.285058980843591,0.107843629474716,-0.14247486290383596,0.4289761535104074,0.14247486290383596,0.492362136942288,0.006993006993006993,,,,,,0.5177681128398578
Flower_rat,r0p5,0.5 m,0418_r0p5_B2_p25,raw_band,0418,p25,B2,33,-0.12165163024795392,0.5000563900529048,-0.03525895242032675,0.8455512964027053,0.03525895242032675,0.8756668220280072,0.006993006993006993,,,,,,0.899030609166637
Flower_rat,r0p5,0.5 m,0418_r0p5_B2_p75,raw_band,0418,p75,B2,33,-0.3268806676670891,0.06334559514316676,-0.1880634607569785,0.29460444001324304,0.1880634607569785,0.34800149476564335,0.006993006993006993,,,,,,0.37938708424065665
Flower_rat,r0p5,0.5 m,0418_r0p5_B2_valid_count,other,0418,unknown,0418_r0p5_B2_valid_count,33,0.3310965607982953,0.05981641182696656,0.27363910641454803,0.12333996747868639,0.27363910641454803,0.17461613373387064,0.006993006993006993,,,,,,0.19687970856734716
Flower_rat,r0p5,0.5 m,0418_r0p5_B3_mean,raw_band,0418,mean,B3,33,0.06246793330024412,0.7298298948138878,0.05389582727107089,0.7657897790331285,0.05389582727107089,0.8040792679847849,0.006993006993006993,,,,,,0.8351629033756972
Flower_rat,r0p5,0.5 m,0418_r0p5_B3_median,raw_band,0418,median,B3,33,0.043274770120473496,0.8110116853975456,0.04232489128897226,0.8150877477647213,0.04232489128897226,0.8464372765249029,0.006993006993006993,,,,,,0.880181560954265
Flower_rat,r0p5,0.5 m,0418_r0p5_B3_std,raw_band,0418,std,B3,33,0.026641938945154833,0.8829970594159454,-0.09335227402715081,0.6053508531576202,0.09335227402715081,0.6632539782422621,0.006993006993006993,,,,,,0.6951290412259195
Flower_rat,r0p5,0.5 m,0418_r0p5_B3_min,raw_band,0418,min,B3,33,0.025278076506833363,0.8889487925583678,0.009825421192082845,0.9567219479472386,0.009825421192082845,0.9695466389384885,0.006993006993006993,,,,,,0.9718253428794487
Flower_rat,r0p5,0.5 m,0418_r0p5_B3_max,raw_band,0418,max,B3,33,0.14883609698589778,0.4084355071842045,0.08950553796452003,0.6203595784286747,0.08950553796452003,0.675780751141323,0.006993006993006993,,,,,,0.7088738354855524
Flower_rat,r0p5,0.5 m,0418_r0p5_B3_p25,raw_band,0418,p25,B3,33,0.11577376654973166,0.5211402693754856,0.07135740370780413,0.6931269994540177,0.07135740370780413,0.7401186604339511,0.006993006993006993,,,,,,0.7758698146257931
Flower_rat,r0p5,0.5 m,0418_r0p5_B3_p75,raw_band,0418,p75,B3,33,-0.00249451971732699,0.9890075874431974,0.0742116998561163,0.681481303352043,0.0742116998561163,0.7297448517480801,0.006993006993006993,,,,,,0.7665124243851189
Flower_rat,r0p5,0.5 m,0418_r0p5_B3_valid_count,other,0418,unknown,0418_r0p5_B3_valid_count,33,0.3310965607982953,0.05981641182696656,0.27363910641454803,0.12333996747868639,0.27363910641454803,0.17461613373387064,0.006993006993006993,,,,,,0.19687970856734716
Flower_rat,r0p5,0.5 m,0418_r0p5_B4_mean,raw_band,0418,mean,B4,33,-0.2801711849673758,0.11428613765660381,-0.125253230978875,0.4873536250772377,0.125253230978875,0.5515558990395085,0.006993006993006993,,,,,,0.5744800154100603
Flower_rat,r0p5,0.5 m,0418_r0p5_B4_median,raw_band,0418,median,B4,33,-0.3312247659245037,0.05971157046461012,-0.18385025190598944,0.3057504223081374,0.18385025190598944,0.35781318771664383,0.006993006993006993,,,,,,0.3905066995393459
Flower_rat,r0p5,0.5 m,0418_r0p5_B4_std,raw_band,0418,std,B4,33,-0.30044158561084755,0.08934564289744885,-0.32673295909502786,0.06347214516926408,0.32673295909502786,0.11106681976717535,0.006993006993006993,,,,,,0.1185575804663131
Flower_rat,r0p5,0.5 m,0418_r0p5_B4_min,raw_band,0418,min,B4,33,-0.08504851936876574,0.6379389588926716,-0.07706599600442846,0.6699073182564773,0.07706599600442846,0.7193891088095126,0.006993006993006993,,,,,,0.7603692553933008
Flower_rat,r0p5,0.5 m,0418_r0p5_B4_max,raw_band,0418,max,B4,33,-0.2932432457136307,0.09767339150612248,-0.13415191897067177,0.4566928075817719,0.13415191897067177,0.5215404267852259,0.006993006993006993,,,,,,0.5424498911187692
Flower_rat,r0p5,0.5 m,0418_r0p5_B4_p25,raw_band,0418,p25,B4,33,-0.14649692401264053,0.41592317561394854,-0.06732780914548107,0.7096854707467235,0.06732780914548107,0.7528990967696594,0.006993006993006993,,,,,,0.7868526966211443
Flower_rat,r0p5,0.5 m,0418_r0p5_B4_p75,raw_band,0418,p75,B4,33,-0.3385734646312017,0.053940211353069895,-0.21675860749829445,0.22565008119153587,0.21675860749829445,0.285270002309032,0.006993006993006993,,,,,,0.31074763948590844
Flower_rat,r0p5,0.5 m,0418_r0p5_B4_valid_count,other,0418,unknown,0418_r0p5_B4_valid_count,33,0.3310965607982953,0.05981641182696656,0.27363910641454803,0.12333996747868639,0.27363910641454803,0.17461613373387064,0.006993006993006993,,,,,,0.19687970856734716
Flower_rat,r0p5,0.5 m,0418_r0p5_B5_mean,raw_band,0418,mean,B5,33,-0.24660337135537447,0.16651754713381195,-0.24026457577851226,0.178037488772164,0.24026457577851226,0.23864599558821983,0.006993006993006993,,,,,,0.26076762484211774
Flower_rat,r0p5,0.5 m,0418_r0p5_B5_median,raw_band,0418,median,B5,33,-0.26989588978670104,0.12876248626001302,-0.3065849862834126,0.08267793977159543,0.3065849862834126,0.13355667193873108,0.006993006993006993,,,,,,0.14568180888932677
Flower_rat,r0p5,0.5 m,0418_r0p5_B5_std,raw_band,0418,std,B5,33,-0.05523117243144408,0.7601542359741766,-0.06984630574693299,0.6993205931957823,0.06984630574693299,0.7446286879662133,0.006993006993006993,,,,,,0.7809289209475343
Flower_rat,r0p5,0.5 m,0418_r0p5_B5_min,raw_band,0418,min,B5,33,-0.09529727396744946,0.5978214830618749,-0.10812745408900203,0.5492029216371461,0.10812745408900203,0.6105844246436507,0.006993006993006993,,,,,,0.6389106307823658
Flower_rat,r0p5,0.5 m,0418_r0p5_B5_max,raw_band,0418,max,B5,33,-0.31749481591097106,0.07178942452757699,-0.2852617150577864,0.10758244189080969,0.2852617150577864,0.16137366283621452,0.006993006993006993,,,,,,0.17765383767101847
Flower_rat,r0p5,0.5 m,0418_r0p5_B5_p25,raw_band,0418,p25,B5,33,-0.09495412415938441,0.5991469231799427,-0.23254118620072642,0.1928217324656765,0.23254118620072642,0.2530785238612004,0.006993006993006993,,,,,,0.2755018015168088
Flower_rat,r0p5,0.5 m,0418_r0p5_B5_p75,raw_band,0418,p75,B5,33,-0.38676922425324595,0.026183027265312218,-0.4041347546463166,0.01967168834463346,0.4041347546463166,0.04201072426142061,0.006993006993006993,,,,,,0.045884213063857544
Flower_rat,r0p5,0.5 m,0418_r0p5_B5_valid_count,other,0418,unknown,0418_r0p5_B5_valid_count,33,0.3310965607982953,0.05981641182696656,0.27363910641454803,0.12333996747868639,0.27363910641454803,0.17461613373387064,0.006993006993006993,,,,,,0.19687970856734716
Flower_rat,r0p5,0.5 m,0418_r0p5_B6_mean,raw_band,0418,mean,B6,33,-0.19237581426552566,0.28346786260856166,-0.30104429376021835,0.08867384684337336,0.30104429376021835,0.1385070830859303,0.006993006993006993,,,,,,0.1530669733670071
Flower_rat,r0p5,0.5 m,0418_r0p5_B6_median,raw_band,0418,median,B6,33,-0.18089889964654957,0.313714347445998,-0.326900858868458,0.0633283116406719,0.326900858868458,0.11106681976717535,0.006993006993006993,,,,,,0.1184074444103144
Flower_rat,r0p5,0.5 m,0418_r0p5_B6_std,raw_band,0418,std,B6,33,0.022030962395368774,0.9031422010325179,-0.02031587258504541,0.9106511766902419,0.02031587258504541,0.9328621809997599,0.006993006993006993,,,,,,0.9424709349439775
Flower_rat,r0p5,0.5 m,0418_r0p5_B6_min,raw_band,0418,min,B6,33,-0.1184150302284324,0.5116125555985277,-0.11988043822911094,0.5063640074474887,0.11988043822911094,0.571359984522838,0.006993006993006993,,,,,,0.5950095956530314
Flower_rat,r0p5,0.5 m,0418_r0p5_B6_max,raw_band,0418,max,B6,33,-0.2925123626240803,0.09855083829086934,-0.3059133871896921,0.08338761233570376,0.3059133871896921,0.1341298615442384,0.006993006993006993,,,,,,0.14679366473436153
Flower_rat,r0p5,0.5 m,0418_r0p5_B6_p25,raw_band,0418,p25,B6,33,-0.10451959588361784,0.5626853985690383,-0.2416077739659533,0.17555056697188381,0.2416077739659533,0.23614987300844156,0.006993006993006993,,,,,,0.2579349275350671
Flower_rat,r0p5,0.5 m,0418_r0p5_B6_p75,raw_band,0418,p75,B6,33,-0.2931521149393802,0.09778247172792047,-0.38297938319412056,0.02781682810138126,0.38297938319412056,0.056228668568567466,0.006993006993006993,,,,,,0.061719620971673515
Flower_rat,r0p5,0.5 m,0418_r0p5_B6_valid_count,other,0418,unknown,0418_r0p5_B6_valid_count,33,0.3310965607982953,0.05981641182696656,0.27363910641454803,0.12333996747868639,0.27363910641454803,0.17461613373387064,0.006993006993006993,,,,,,0.19687970856734716
Flower_rat,r0p5,0.5 m,0510_r0p5_B1_mean,raw_band,0510,mean,B1,33,0.16282851347267802,0.36526681471845013,0.18922304465575354,0.2915828165317621,0.18922304465575354,0.3455119267993921,0.006993006993006993,,,,,,0.3760148829635578
Flower_rat,r0p5,0.5 m,0510_r0p5_B1_median,raw_band,0510,median,B1,33,0.18985903887614058,0.2899339938700267,0.2131665744919502,0.23362146821000718,0.2131665744919502,0.29338509961256715,0.006993006993006993,,,,,,0.3172763170886997
Flower_rat,r0p5,0.5 m,0510_r0p5_B1_std,raw_band,0510,std,B1,33,0.16185207493121334,0.36818812194330164,0.167396074109837,0.35178524192797866,0.167396074109837,0.4104161155826418,0.006993006993006993,,,,,,0.4335741489019869
Flower_rat,r0p5,0.5 m,0510_r0p5_B1_min,raw_band,0510,min,B1,33,-0.09549527826060358,0.5970572542853099,-0.14221110809531787,0.4298399608226323,0.14221110809531787,0.492362136942288,0.006993006993006993,,,,,,0.5181404178908475
Flower_rat,r0p5,0.5 m,0510_r0p5_B1_max,raw_band,0510,max,B1,33,0.16454351885900428,0.36016929110915075,0.22733629322439244,0.20325608552145666,0.22733629322439244,0.259563514618617,0.006993006993006993,,,,,,0.2838891134603579
Flower_rat,r0p5,0.5 m,0510_r0p5_B1_p25,raw_band,0510,p25,B1,33,0.1764090450870192,0.3260761342587342,0.21608700840457393,0.22712626781421874,0.21608700840457393,0.28617909744591563,0.006993006993006993,,,,,,0.3125498641160267
Flower_rat,r0p5,0.5 m,0510_r0p5_B1_p75,raw_band,0510,p75,B1,33,0.17387902509876468,0.33317266805693674,0.2625952456447192,0.13984167663402805,0.2625952456447192,0.19542240290096485,0.006993006993006993,,,,,,0.21512330469834817
Flower_rat,r0p5,0.5 m,0510_r0p5_B1_valid_count,other,0510,unknown,0510_r0p5_B1_valid_count,33,0.3310965607982953,0.05981641182696656,0.27363910641454803,0.12333996747868639,0.27363910641454803,0.17461613373387064,0.006993006993006993,,,,,,0.19687970856734716
Flower_rat,r0p5,0.5 m,0510_r0p5_B2_mean,raw_band,0510,mean,B2,33,0.18009903758762696,0.3158948339060434,0.2098747167876592,0.24109142999539468,0.2098747167876592,0.2987952804533088,0.006993006993006993,,,,,,0.32576148325228566
Flower_rat,r0p5,0.5 m,0510_r0p5_B2_median,raw_band,0510,median,B2,33,0.2607922475285962,0.14268206960848814,0.28761231188580816,0.10458877169328473,0.28761231188580816,0.15750819004008618,0.006993006993006993,,,,,,0.17425236426756188
Flower_rat,r0p5,0.5 m,0510_r0p5_B2_std,raw_band,0510,std,B2,33,0.06152644061367687,0.7337534930175797,0.09066587765226879,0.6158160824325862,0.09066587765226879,0.6727701709812647,0.006993006993006993,,,,,,0.7049771839381631
Flower_rat,r0p5,0.5 m,0510_r0p5_B2_min,raw_band,0510,min,B2,33,-0.14900013457493286,0.40791330503369816,-0.21272901293597138,0.2346052986293115,0.21272901293597138,0.29362018582341187,0.006993006993006993,,,,,,0.3176875814530445
Flower_rat,r0p5,0.5 m,0510_r0p5_B2_max,raw_band,0510,max,B2,33,0.07797170684662419,0.6662500837501312,0.2098747167876592,0.24109142999539468,0.2098747167876592,0.2987952804533088,0.006993006993006993,,,,,,0.32576148325228566
Flower_rat,r0p5,0.5 m,0510_r0p5_B2_p25,raw_band,0510,p25,B2,33,0.22559667133943292,0.20682905801283738,0.23270908597415654,0.19249149313061184,0.23270908597415654,0.2530785238612004,0.006993006993006993,,,,,,0.2752407097177944
Flower_rat,r0p5,0.5 m,0510_r0p5_B2_p75,raw_band,0510,p75,B2,33,0.18625048347290682,0.2993684924921296,0.26830383794134355,0.13112138131289677,0.26830383794134355,0.18425234994897763,0.006993006993006993,,,,,,0.20423413817184088
Flower_rat,r0p5,0.5 m,0510_r0p5_B2_valid_count,other,0510,unknown,0510_r0p5_B2_valid_count,33,0.3310965607982953,0.05981641182696656,0.27363910641454803,0.12333996747868639,0.27363910641454803,0.17461613373387064,0.006993006993006993,,,,,,0.19687970856734716
Flower_rat,r0p5,0.5 m,0510_r0p5_B3_mean,raw_band,0510,mean,B3,33,0.45136412914450774,0.008374927961735458,0.42596172519223313,0.013449700496655911,0.42596172519223313,0.030812041137793542,0.006993006993006993,,,,,,0.03437964537912319
Flower_rat,r0p5,0.5 m,0510_r0p5_B3_median,raw_band,0510,median,B3,33,0.43995723731883624,0.01040485723236268,0.44929979369902084,0.008715062285717712,0.44929979369902084,0.02241016016327412,0.006993006993006993,,,,,,0.024827948435342372
Flower_rat,r0p5,0.5 m,0510_r0p5_B3_std,raw_band,0510,std,B3,33,0.3958021476624117,0.022604731812727184,0.3996014607637031,0.021225494022771265,0.3996014607637031,0.044327274809986404,0.006993006993006993,,,,,,0.0486140696653882
Flower_rat,r0p5,0.5 m,0510_r0p5_B3_min,raw_band,0510,min,B3,33,0.19897581653767327,0.26695542060362515,0.15245299427455564,0.39700942582132237,0.15245299427455564,0.4589283270962075,0.006993006993006993,,,,,,0.4829332389716999
Flower_rat,r0p5,0.5 m,0510_r0p5_B3_max,raw_band,0510,max,B3,33,0.4941888479590573,0.003465363777993799,0.5423162681793113,0.0011130613713514765,0.5423162681793113,0.005709797345436643,0.006993006993006993,,,,,,0.009109788504997843
Flower_rat,r0p5,0.5 m,0510_r0p5_B3_p25,raw_band,0510,p25,B3,33,0.4210050274173043,0.014693556068997372,0.4585342812376778,0.007279754493455513,0.4585342812376778,0.020846569685804422,0.006993006993006993,,,,,,0.021630608096796157
Flower_rat,r0p5,0.5 m,0510_r0p5_B3_p75,raw_band,0510,p75,B3,33,0.4423665768870497,0.009944579140164635,0.4647465728545926,0.006431996852363184,0.4647465728545926,0.018847246590645607,0.006993006993006993,,,,,,0.019579292212903266
Flower_rat,r0p5,0.5 m,0510_r0p5_B3_valid_count,other,0510,unknown,0510_r0p5_B3_valid_count,33,0.3310965607982953,0.05981641182696656,0.27363910641454803,0.12333996747868639,0.27363910641454803,0.17461613373387064,0.006993006993006993,,,,,,0.19687970856734716
Flower_rat,r0p5,0.5 m,0510_r0p5_B4_mean,raw_band,0510,mean,B4,33,0.12793993038216897,0.47798676240418914,0.1264285293928859,0.48324453440283277,0.1264285293928859,0.548547849862675,0.006993006993006993,,,,,,0.5703569267524895
Flower_rat,r0p5,0.5 m,0510_r0p5_B4_median,raw_band,0510,median,B4,33,0.2506867404377381,0.15938466209013893,0.23153378756014564,0.19481148002691376,0.23153378756014564,0.254805326817209,0.006993006993006993,,,,,,0.27749482574826034
Flower_rat,r0p5,0.5 m,0510_r0p5_B4_std,raw_band,0510,std,B4,33,0.14644823911601945,0.41607982909921826,0.11148544955760457,0.5367919809531678,0.11148544955760457,0.5992351797424653,0.006993006993006993,,,,,,0.6263621522765372
Flower_rat,r0p5,0.5 m,0510_r0p5_B4_min,raw_band,0510,min,B4,33,-0.22620662815386577,0.2055713813395448,-0.2531928583326321,0.15511726073308243,0.2531928583326321,0.21399388524490934,0.006993006993006993,,,,,,0.23628474165545454
Flower_rat,r0p5,0.5 m,0510_r0p5_B4_max,raw_band,0510,max,B4,33,-0.000978904140703639,0.9956862269359912,0.006883890710635223,0.9696713106221406,0.006883890710635223,0.9722433830641092,0.006993006993006993,,,,,,0.9812400572781532
Flower_rat,r0p5,0.5 m,0510_r0p5_B4_p25,raw_band,0510,p25,B4,33,0.17287235229986575,0.3360224632497932,0.15984058430548123,0.37424950717525995,0.15984058430548123,0.43528096526845617,0.006993006993006993,,,,,,0.45944051341383885
Flower_rat,r0p5,0.5 m,0510_r0p5_B4_p75,raw_band,0510,p75,B4,33,0.17844418209425564,0.32043604730555036,0.1999686301552817,0.264527118908466,0.1999686301552817,0.32048477867756453,0.006993006993006993,,,,,,0.3490859999173957
Flower_rat,r0p5,0.5 m,0510_r0p5_B4_valid_count,other,0510,unknown,0510_r0p5_B4_valid_count,33,0.3310965607982953,0.05981641182696656,0.27363910641454803,0.12333996747868639,0.27363910641454803,0.17461613373387064,0.006993006993006993,,,,,,0.19687970856734716
Flower_rat,r0p5,0.5 m,0510_r0p5_B5_mean,raw_band,0510,mean,B5,33,-0.5072441987528109,0.002587896733787262,-0.5497038582102369,0.0009208417110721759,0.5497038582102369,0.005709797345436643,0.006993006993006993,,,,,,0.008895844320318614
Flower_rat,r0p5,0.5 m,0510_r0p5_B5_median,raw_band,0510,median,B5,33,-0.4646341019715845,0.006446559734605995,-0.5053783180246834,0.0027000620637732307,0.5053783180246834,0.008874986609619835,0.006993006993006993,,,,,,0.010905445478356816
Flower_rat,r0p5,0.5 m,0510_r0p5_B5_std,raw_band,0510,std,B5,33,0.24339983570315304,0.17227107182776585,0.24530156898141608,0.16883877489169224,0.24530156898141608,0.2287493079177766,0.006993006993006993,,,,,,0.24925091293346338
Flower_rat,r0p5,0.5 m,0510_r0p5_B5_min,raw_band,0510,min,B5,33,-0.4575390245988217,0.007424053875286873,-0.49748702867346734,0.0032223975704479242,0.49748702867346734,0.0102358511061287,0.006993006993006993,,,,,,0.012296510974347294
Flower_rat,r0p5,0.5 m,0510_r0p5_B5_max,raw_band,0510,max,B5,33,-0.503022226476625,0.002847706326243907,-0.5807653162948105,0.00039474904226540126,0.5807653162948105,0.005709797345436643,0.006993006993006993,-0.7952348073228469,-0.25799584592840447,0.092,0.174,0.2355,0.007967730094483367
Flower_rat,r0p5,0.5 m,0510_r0p5_B5_p25,raw_band,0510,p25,B5,33,-0.48113007712267886,0.004589437990789266,-0.5512149561711082,0.000885339510129474,0.5512149561711082,0.005709797345436643,0.006993006993006993,,,,,,0.008834457357762558
Flower_rat,r0p5,0.5 m,0510_r0p5_B5_p75,raw_band,0510,p75,B5,33,-0.47246362339506803,0.005497646794614114,-0.4986623270874783,0.0031394550607772155,0.4986623270874783,0.010056898415032097,0.006993006993006993,,,,,,0.012053957085206346
Flower_rat,r0p5,0.5 m,0510_r0p5_B5_valid_count,other,0510,unknown,0510_r0p5_B5_valid_count,33,0.3310965607982953,0.05981641182696656,0.27363910641454803,0.12333996747868639,0.27363910641454803,0.17461613373387064,0.006993006993006993,,,,,,0.19687970856734716
Flower_rat,r0p5,0.5 m,0510_r0p5_B6_mean,raw_band,0510,mean,B6,33,-0.5466038828381593,0.000997617055364128,-0.5965478949972425,0.00024824282281142113,0.5965478949972425,0.005709797345436643,0.006993006993006993,-0.7868617111427998,-0.31698707826031525,0.0215,0.084,0.1795,0.007093024941597355
Flower_rat,r0p5,0.5 m,0510_r0p5_B6_median,raw_band,0510,median,B6,33,-0.5284713360382833,0.0015698511824832,-0.5465137625150646,0.0009999307669964794,0.5465137625150646,0.005709797345436643,0.006993006993006993,,,,,,0.00893546976365527
Flower_rat,r0p5,0.5 m,0510_r0p5_B6_std,raw_band,0510,std,B6,33,0.28071255353434704,0.11355871672626151,0.28845181075295884,0.10353498444802926,0.28845181075295884,0.15686258746985204,0.006993006993006993,,,,,,0.17295996506716438
Flower_rat,r0p5,0.5 m,0510_r0p5_B6_min,raw_band,0510,min,B6,33,-0.47734964539236086,0.004968347962923952,-0.5078968146261352,0.0025496324328656366,0.5078968146261352,0.008454044382659743,0.006993006993006993,,,,,,0.010572475821616174
Flower_rat,r0p5,0.5 m,0510_r0p5_B6_max,raw_band,0510,max,B6,33,-0.49770860775165116,0.003206616896914108,-0.5329138808672242,0.001408081497719194,0.5329138808672242,0.005801782810179622,0.006993006993006993,,,,,,0.009163277638714667
Flower_rat,r0p5,0.5 m,0510_r0p5_B6_p25,raw_band,0510,p25,B6,33,-0.5124156761764349,0.00229790912639052,-0.532578081320364,0.0014197774854736126,0.532578081320364,0.005801782810179622,0.006993006993006993,,,,,,0.009163277638714667
Flower_rat,r0p5,0.5 m,0510_r0p5_B6_p75,raw_band,0510,p75,B6,33,-0.5048107072115611,0.002735009818170384,-0.5497038582102369,0.0009208417110721759,0.5497038582102369,0.005709797345436643,0.006993006993006993,,,,,,0.008895844320318614
Flower_rat,r0p5,0.5 m,0510_r0p5_B6_valid_count,other,0510,unknown,0510_r0p5_B6_valid_count,33,0.3310965607982953,0.05981641182696656,0.27363910641454803,0.12333996747868639,0.27363910641454803,0.17461613373387064,0.006993006993006993,,,,,,0.19687970856734716
Flower_rat,r0p5,0.5 m,diff_r0p5_B1_mean,raw_band,diff,mean,B1,33,0.1704554435484296,0.34292515661737116,0.23573128189589881,0.18661464121519067,0.23573128189589881,0.24750994519067393,0.006993006993006993,,,,,,0.26952238429376607
Flower_rat,r0p5,0.5 m,ratio_r0p5_B1_mean,raw_band,ratio,mean,B1,33,0.15572650427708865,0.38682803825533557,0.24798796535629813,0.16407381879310257,0.24798796535629813,0.223093178071197,0.006993006993006993,,,,,,0.24488070014075985
Flower_rat,r0p5,0.5 m,rel_r0p5_B1_mean,raw_band,rel,mean,B1,33,0.15572650427708865,0.38682803825533557,0.24798796535629813,0.16407381879310257,0.24798796535629813,0.223093178071197,0.006993006993006993,,,,,,0.24488070014075985
Flower_rat,r0p5,0.5 m,diff_r0p5_B1_median,raw_band,diff,median,B1,33,0.19517964564375295,0.2763744360417461,0.23791397895049046,0.18244938853920406,0.23791397895049046,0.24369564970960828,0.006993006993006993,,,,,,0.26514841044716103
Flower_rat,r0p5,0.5 m,ratio_r0p5_B1_median,raw_band,ratio,median,B1,33,0.17926638119719712,0.31817474324739997,0.22834369186497322,0.20120665868290505,0.22834369186497322,0.259563514618617,0.006993006993006993,,,,,,0.28356948878323357
Flower_rat,r0p5,0.5 m,rel_r0p5_B1_median,raw_band,rel,median,B1,33,0.17926638119719712,0.31817474324739997,0.22834369186497322,0.20120665868290505,0.22834369186497322,0.259563514618617,0.006993006993006993,,,,,,0.28356948878323357
Flower_rat,r0p5,0.5 m,diff_r0p5_B1_p25,raw_band,diff,p25,B1,33,0.17094431321619183,0.34152204218682464,0.2360670814427591,0.18596952483324405,0.2360670814427591,0.24750994519067393,0.006993006993006993,,,,,,0.269215774506465
Flower_rat,r0p5,0.5 m,ratio_r0p5_B1_p25,raw_band,ratio,p25,B1,33,0.15012376467523972,0.40434648936283907,0.20399822471760476,0.2548201761283498,0.20399822471760476,0.31273385252115654,0.006993006993006993,,,,,,0.34070490138688087
Flower_rat,r0p5,0.5 m,rel_r0p5_B1_p25,raw_band,rel,p25,B1,33,0.1501237646752396,0.40434648936283973,0.20399822471760476,0.2548201761283498,0.20399822471760476,0.31273385252115654,0.006993006993006993,,,,,,0.34070490138688087
Flower_rat,r0p5,0.5 m,diff_r0p5_B1_p75,raw_band,diff,p75,B1,33,0.19707714770281218,0.2716397996128931,0.23298040339313186,0.19195867891474686,0.23298040339313186,0.2530785238612004,0.006993006993006993,,,,,,0.2749001495432982
Flower_rat,r0p5,0.5 m,ratio_r0p5_B1_p75,raw_band,ratio,p75,B1,33,0.19548896673492364,0.2755989940921825,0.24882746422344876,0.16260471817057828,0.24882746422344876,0.22269776619013984,0.006993006993006993,,,,,,0.24434667148345124
Flower_rat,r0p5,0.5 m,rel_r0p5_B1_p75,raw_band,rel,p75,B1,33,0.19548896673492372,0.27559899409218197,0.24882746422344876,0.16260471817057828,0.24882746422344876,0.22269776619013984,0.006993006993006993,,,,,,0.24434667148345124
Flower_rat,r0p5,0.5 m,diff_r0p5_B2_mean,raw_band,diff,mean,B2,33,0.21080264599896753,0.23896976464184502,0.24446207011426546,0.1703478601598079,0.24446207011426546,0.22996961121574064,0.006993006993006993,,,,,,0.25127992652822256
Flower_rat,r0p5,0.5 m,ratio_r0p5_B2_mean,raw_band,ratio,mean,B2,33,0.20788399067655638,0.24568556235529454,0.2988615967056267,0.09112523866437815,0.2988615967056267,0.14002170819160545,0.006993006993006993,,,,,,0.15599972050250424
Flower_rat,r0p5,0.5 m,rel_r0p5_B2_mean,raw_band,rel,mean,B2,33,0.20788399067655655,0.245685562355294,0.2988615967056267,0.09112523866437815,0.2988615967056267,0.14002170819160545,0.006993006993006993,,,,,,0.15599972050250424
Flower_rat,r0p5,0.5 m,diff_r0p5_B2_median,raw_band,diff,median,B2,33,0.2824490260181834,0.11124885360668263,0.29970109557277735,0.09017634024958313,0.29970109557277735,0.13969941235386238,0.006993006993006993,,,,,,0.15522975175804624
Flower_rat,r0p5,0.5 m,ratio_r0p5_B2_median,raw_band,ratio,median,B2,33,0.2717114118429927,0.12611090211517145,0.31145407971288624,0.07767108242562815,0.31145407971288624,0.12655029809003207,0.006993006993006993,,,,,,0.13922597483786947
Flower_rat,r0p5,0.5 m,rel_r0p5_B2_median,raw_band,rel,median,B2,33,0.2717114118429927,0.12611090211517145,0.31145407971288624,0.07767108242562815,0.31145407971288624,0.12655029809003207,0.006993006993006993,,,,,,0.13922597483786947
Flower_rat,r0p5,0.5 m,diff_r0p5_B2_p25,raw_band,diff,p25,B2,33,0.23149191354545268,0.19489449555358987,0.20785991950649768,0.24574146759411544,0.20785991950649768,0.30356298938096615,0.006993006993006993,,,,,,0.33132483997877127
Flower_rat,r0p5,0.5 m,ratio_r0p5_B2_p25,raw_band,ratio,p25,B2,33,0.21208569633268903,0.2360568154361906,0.23035848914613474,0.19715089301891256,0.23035848914613474,0.2560929125812679,0.006993006993006993,,,,,,0.2789109676825556
Flower_rat,r0p5,0.5 m,rel_r0p5_B2_p25,raw_band,rel,p25,B2,33,0.21208569633268878,0.2360568154361911,0.23035848914613474,0.19715089301891256,0.23035848914613474,0.2560929125812679,0.006993006993006993,,,,,,0.2789109676825556
Flower_rat,r0p5,0.5 m,diff_r0p5_B2_p75,raw_band,diff,p75,B2,33,0.23126325411982704,0.1953482495480889,0.2901550537393383,0.10142164694541907,0.2901550537393383,0.15458621994100163,0.006993006993006993,,,,,,0.17019136079150357
Flower_rat,r0p5,0.5 m,ratio_r0p5_B2_p75,raw_band,ratio,p75,B2,33,0.23969258594243045,0.17910405490784564,0.3384859432351368,0.054006241095864015,0.3384859432351368,0.09721123397255522,0.006993006993006993,,,,,,0.10497463113008568
Flower_rat,r0p5,0.5 m,rel_r0p5_B2_p75,raw_band,rel,p75,B2,33,0.2396925859424306,0.17910405490784523,0.3384859432351368,0.054006241095864015,0.3384859432351368,0.09721123397255522,0.006993006993006993,,,,,,0.10497463113008568
Flower_rat,r0p5,0.5 m,diff_r0p5_B3_mean,raw_band,diff,mean,B3,33,0.44186685483879123,0.010038601916919536,0.45030719233960165,0.00854763914701703,0.45030719233960165,0.022273884641735374,0.006993006993006993,,,,,,0.024500606218638678
Flower_rat,r0p5,0.5 m,ratio_r0p5_B3_mean,raw_band,ratio,mean,B3,33,0.39559927920221977,0.02268041114908814,0.4523219896207631,0.008220977308357922,0.4523219896207631,0.022196638732566387,0.006993006993006993,,,,,,0.023857455143694997
Flower_rat,r0p5,0.5 m,rel_r0p5_B3_mean,raw_band,rel,mean,B3,33,0.3955992792022197,0.02268041114908814,0.4523219896207631,0.008220977308357922,0.4523219896207631,0.022196638732566387,0.006993006993006993,,,,,,0.023857455143694997
Flower_rat,r0p5,0.5 m,diff_r0p5_B3_median,raw_band,diff,median,B3,33,0.4319941916615652,0.012056319193434755,0.439057907519783,0.01058121910296909,0.439057907519783,0.02547580140714851,0.006993006993006993,,,,,,0.028351243165191203
Flower_rat,r0p5,0.5 m,ratio_r0p5_B3_median,raw_band,ratio,median,B3,33,0.38759979346442325,0.025835711843153003,0.4326777161294382,0.01190640220016707,0.4326777161294382,0.02761116583842425,0.006993006993006993,,,,,,0.031029813555184013
Flower_rat,r0p5,0.5 m,rel_r0p5_B3_median,raw_band,rel,median,B3,33,0.3875997934644234,0.025835711843153003,0.4326777161294382,0.01190640220016707,0.4326777161294382,0.02761116583842425,0.006993006993006993,,,,,,0.031029813555184013
Flower_rat,r0p5,0.5 m,diff_r0p5_B3_p25,raw_band,diff,p25,B3,33,0.40440912748940205,0.01958075986251523,0.4212605315361896,0.014627164236610927,0.4212605315361896,0.033307639044812834,0.006993006993006993,,,,,,0.03683439738936031
Flower_rat,r0p5,0.5 m,ratio_r0p5_B3_p25,raw_band,ratio,p25,B3,33,0.35125164334613257,0.04503114072562263,0.40111255872457424,0.020696653306332063,0.40111255872457424,0.04346297194329733,0.006993006993006993,,,,,,0.047620166546998306
Flower_rat,r0p5,0.5 m,rel_r0p5_B3_p25,raw_band,rel,p25,B3,33,0.3512516433461327,0.04503114072562248,0.40111255872457424,0.020696653306332063,0.40111255872457424,0.04346297194329733,0.006993006993006993,,,,,,0.047620166546998306
Flower_rat,r0p5,0.5 m,diff_r0p5_B3_p75,raw_band,diff,p75,B3,33,0.4407910356584685,0.010243572785804,0.44480366745110367,0.009496650327329983,0.44480366745110367,0.024254958268450904,0.006993006993006993,,,,,,0.026467541701503863
Flower_rat,r0p5,0.5 m,ratio_r0p5_B3_p75,raw_band,ratio,p75,B3,33,0.41303546260440327,0.01689481356231861,0.45013929256617147,0.008575351748251058,0.45013929256617147,0.022273884641735374,0.006993006993006993,,,,,,0.024504757063149276
Flower_rat,r0p5,0.5 m,rel_r0p5_B3_p75,raw_band,rel,p75,B3,33,0.4130354626044033,0.01689481356231861,0.45013929256617147,0.008575351748251058,0.45013929256617147,0.022273884641735374,0.006993006993006993,,,,,,0.024504757063149276
Flower_rat,r0p5,0.5 m,diff_r0p5_B4_mean,raw_band,diff,mean,B4,33,0.1875199933236976,0.29602743832090883,0.19862543196784066,0.2678158867311019,0.19862543196784066,0.32343260442286426,0.006993006993006993,,,,,,0.3531762859648312
Flower_rat,r0p5,0.5 m,ratio_r0p5_B4_mean,raw_band,ratio,mean,B4,33,0.19764508228640718,0.2702330234878118,0.22750419299782257,0.2029135149541275,0.22750419299782257,0.259563514618617,0.006993006993006993,,,,,,0.28362293550891526
Flower_rat,r0p5,0.5 m,rel_r0p5_B4_mean,raw_band,rel,mean,B4,33,0.1976450822864071,0.2702330234878118,0.22750419299782257,0.2029135149541275,0.22750419299782257,0.259563514618617,0.006993006993006993,,,,,,0.28362293550891526
Flower_rat,r0p5,0.5 m,diff_r0p5_B4_median,raw_band,diff,median,B4,33,0.3069897333930659,0.08225249975135934,0.3030590910413799,0.08645615582727123,0.3030590910413799,0.1361684454279522,0.006993006993006993,,,,,,0.14979311678151172
Flower_rat,r0p5,0.5 m,ratio_r0p5_B4_median,raw_band,ratio,median,B4,33,0.3114753606786415,0.07764972685309451,0.3035627903616703,0.08590844324752622,0.3035627903616703,0.13587193116135948,0.006993006993006993,,,,,,0.14957660922564894
Flower_rat,r0p5,0.5 m,rel_r0p5_B4_median,raw_band,rel,median,B4,33,0.3114753606786413,0.07764972685309474,0.3035627903616703,0.08590844324752622,0.3035627903616703,0.13587193116135948,0.006993006993006993,,,,,,0.14957660922564894
Flower_rat,r0p5,0.5 m,diff_r0p5_B4_p25,raw_band,diff,p25,B4,33,0.19681353172117205,0.2722943943967348,0.21239321338911113,0.23536221244575078,0.21239321338911113,0.29362018582341187,0.006993006993006993,,,,,,0.31848142742840535
Flower_rat,r0p5,0.5 m,ratio_r0p5_B4_p25,raw_band,ratio,p25,B4,33,0.18499033226224498,0.3027084713454131,0.18435395122627984,0.304404089247433,0.18435395122627984,0.3573439308556822,0.006993006993006993,,,,,,0.38905344557240407
Flower_rat,r0p5,0.5 m,rel_r0p5_B4_p25,raw_band,rel,p25,B4,33,0.184990332262245,0.3027084713454131,0.18435395122627984,0.304404089247433,0.18435395122627984,0.3573439308556822,0.006993006993006993,,,,,,0.38905344557240407
Flower_rat,r0p5,0.5 m,diff_r0p5_B4_p75,raw_band,diff,p75,B4,33,0.24984609347522574,0.1608348400513652,0.3134688769940478,0.07566929824713346,0.3134688769940478,0.12436084668441934,0.006993006993006993,,,,,,0.13616095518722376
Flower_rat,r0p5,0.5 m,ratio_r0p5_B4_p75,raw_band,ratio,p75,B4,33,0.2680837120170545,0.13145002496822633,0.28072842117517294,0.11353744825928534,0.28072842117517294,0.16896517890555063,0.006993006993006993,,,,,,0.18551740670037342
Flower_rat,r0p5,0.5 m,rel_r0p5_B4_p75,raw_band,rel,p75,B4,33,0.26808371201705455,0.13145002496822633,0.28072842117517294,0.11353744825928534,0.28072842117517294,0.16896517890555063,0.006993006993006993,,,,,,0.18551740670037342
Flower_rat,r0p5,0.5 m,diff_r0p5_B5_mean,raw_band,diff,mean,B5,33,-0.4785685872063608,0.004843342277020529,-0.5461779629682043,0.0010085935425888245,0.5461779629682043,0.005709797345436643,0.006993006993006993,,,,,,0.00893546976365527
Flower_rat,r0p5,0.5 m,ratio_r0p5_B5_mean,raw_band,ratio,mean,B5,33,-0.4688433061701754,0.00592036988628751,-0.5315706826797832,0.0014553774399106575,0.5315706826797832,0.005801782810179622,0.006993006993006993,,,,,,0.009163277638714667
Flower_rat,r0p5,0.5 m,rel_r0p5_B5_mean,raw_band,rel,mean,B5,33,-0.4688433061701755,0.0059203698862874835,-0.5315706826797832,0.0014553774399106575,0.5315706826797832,0.005801782810179622,0.006993006993006993,,,,,,0.009163277638714667
Flower_rat,r0p5,0.5 m,diff_r0p5_B5_median,raw_band,diff,median,B5,33,-0.3748890829250093,0.031584749304943684,-0.43956160684007345,0.01048213321812176,0.43956160684007345,0.02539901510544888,0.006993006993006993,,,,,,0.028265405469675153
Flower_rat,r0p5,0.5 m,ratio_r0p5_B5_median,raw_band,ratio,median,B5,33,-0.36550833143334704,0.03646391579812605,-0.4204210326690389,0.014846253214387184,0.4204210326690389,0.033404069732371165,0.006993006993006993,,,,,,0.03718538053429059
Flower_rat,r0p5,0.5 m,rel_r0p5_B5_median,raw_band,rel,median,B5,33,-0.3655083314333468,0.036463915798126294,-0.4204210326690389,0.014846253214387184,0.4204210326690389,0.033404069732371165,0.006993006993006993,,,,,,0.03718538053429059
Flower_rat,r0p5,0.5 m,diff_r0p5_B5_p25,raw_band,diff,p25,B5,33,-0.5502443288025319,0.0009080023945413853,-0.5953725965832317,0.00025718106897737344,0.5953725965832317,0.005709797345436643,0.006993006993006993,-0.7734973007724519,-0.3274968775404927,0.0165,0.089,0.1835,0.007093024941597355
Flower_rat,r0p5,0.5 m,ratio_r0p5_B5_p25,raw_band,ratio,p25,B5,33,-0.5311016654518246,0.0014722167046917862,-0.5952046968098015,0.0002584810804011898,0.5952046968098015,0.005709797345436643,0.006993006993006993,-0.7770912950129734,-0.32722776949756716,0.0095,0.099,0.188,0.007093024941597355
Flower_rat,r0p5,0.5 m,rel_r0p5_B5_p25,raw_band,rel,p25,B5,33,-0.5311016654518246,0.0014722167046917862,-0.5952046968098015,0.0002584810804011898,0.5952046968098015,0.005709797345436643,0.006993006993006993,-0.7770912950129734,-0.32722776949756716,0.0175,0.098,0.183,0.007093024941597355
Flower_rat,r0p5,0.5 m,diff_r0p5_B5_p75,raw_band,diff,p75,B5,33,-0.3235671758583616,0.06623247607243478,-0.37508809384290454,0.031487315824748,0.37508809384290454,0.061669457936553075,0.006993006993006993,,,,,,0.06761257920480987
Flower_rat,r0p5,0.5 m,ratio_r0p5_B5_p75,raw_band,ratio,p75,B5,33,-0.3072755026810382,0.08195313792138789,-0.3529253237501277,0.043948839386781666,0.3529253237501277,0.08064398683593917,0.006993006993006993,,,,,,0.08799198958769806
Flower_rat,r0p5,0.5 m,rel_r0p5_B5_p75,raw_band,rel,p75,B5,33,-0.3072755026810384,0.08195313792138789,-0.3529253237501277,0.043948839386781666,0.3529253237501277,0.08064398683593917,0.006993006993006993,,,,,,0.08799198958769806
Flower_rat,r0p5,0.5 m,diff_r0p5_B6_mean,raw_band,diff,mean,B6,33,-0.5555004619041443,0.000791123007927077,-0.5817727149353913,0.00038350368551668524,0.5817727149353913,0.005709797345436643,0.006993006993006993,-0.7807736116972975,-0.28904839651918357,0.001,0.014,0.1075,0.007967730094483367
Flower_rat,r0p5,0.5 m,ratio_r0p5_B6_mean,raw_band,ratio,mean,B6,33,-0.5649635228556033,0.0006137394368050373,-0.61955016395717,0.00012071887262147613,0.61955016395717,0.005070192650101998,0.006993006993006993,-0.7996729794638554,-0.34256454137308795,0.005,0.084,0.276,0.004416890515915185
Flower_rat,r0p5,0.5 m,rel_r0p5_B6_mean,raw_band,rel,mean,B6,33,-0.5649635228556037,0.0006137394368050298,-0.61955016395717,0.00012071887262147613,0.61955016395717,0.005070192650101998,0.006993006993006993,-0.7996729794638554,-0.34256454137308795,0.0085,0.0845,0.2805,0.004416890515915185
Flower_rat,r0p5,0.5 m,diff_r0p5_B6_median,raw_band,diff,median,B6,33,-0.5131920112451397,0.0022569145972953985,-0.5461779629682043,0.0010085935425888245,0.5461779629682043,0.005709797345436643,0.006993006993006993,,,,,,0.00893546976365527
Flower_rat,r0p5,0.5 m,ratio_r0p5_B6_median,raw_band,ratio,median,B6,33,-0.523602984612702,0.0017655768570863045,-0.5656543366860991,0.0006022894286871151,0.5656543366860991,0.005709797345436643,0.006993006993006993,-0.7587625193640417,-0.2728735863144345,0.002,0.0185,0.0555,0.007967730094483367
Flower_rat,r0p5,0.5 m,rel_r0p5_B6_median,raw_band,rel,median,B6,33,-0.5236029846127023,0.0017655768570862859,-0.5656543366860991,0.0006022894286871151,0.5656543366860991,0.005709797345436643,0.006993006993006993,-0.7587625193640417,-0.2728735863144345,0.001,0.0185,0.052,0.007967730094483367
Flower_rat,r0p5,0.5 m,diff_r0p5_B6_p25,raw_band,diff,p25,B6,33,-0.5750333409098788,0.00046448075020892593,-0.622236560332052,0.00011055949680196748,0.622236560332052,0.005070192650101998,0.006993006993006993,-0.805106266318444,-0.3446520138927597,0.0505,0.18,0.306,0.004298000438176485
Flower_rat,r0p5,0.5 m,ratio_r0p5_B6_p25,raw_band,ratio,p25,B6,33,-0.5664860990998212,0.000588754072525811,-0.651115321362034,4.0719566642264016e-05,0.651115321362034,0.0038479990476939494,0.006993006993006993,-0.8187618934209179,-0.38511191544880136,0.04,0.301,0.444,0.003039308454178586
Flower_rat,r0p5,0.5 m,rel_r0p5_B6_p25,raw_band,rel,p25,B6,33,-0.5664860990998212,0.000588754072525811,-0.651115321362034,4.0719566642264016e-05,0.651115321362034,0.0038479990476939494,0.006993006993006993,-0.8187618934209179,-0.38511191544880136,0.0545,0.295,0.4455,0.003039308454178586
Flower_rat,r0p5,0.5 m,diff_r0p5_B6_p75,raw_band,diff,p75,B6,33,-0.42940447140203675,0.012638824961111768,-0.4263331489839004,0.013360168515161532,0.4263331489839004,0.03079355913860402,0.006993006993006993,,,,,,0.03421955782787962
Flower_rat,r0p5,0.5 m,ratio_r0p5_B6_p75,raw_band,ratio,p75,B6,33,-0.4394807198782628,0.010497991938439354,-0.43956160684007345,0.01048213321812176,0.43956160684007345,0.02539901510544888,0.006993006993006993,,,,,,0.028265405469675153
Flower_rat,r0p5,0.5 m,rel_r0p5_B6_p75,raw_band,rel,p75,B6,33,-0.4394807198782626,0.010497991938439397,-0.43956160684007345,0.01048213321812176,0.43956160684007345,0.02539901510544888,0.006993006993006993,,,,,,0.028265405469675153
Flower_rat,r0p5,0.5 m,0418_r0p5_ND_B1_B2_mean,pairwise_nd,0418,mean,ND_B1_B2,33,0.29826284924741636,0.09180666034596043,0.2013118283427227,0.2612649273468165,0.2013118283427227,0.318574653345473,0.006993006993006993,,,,,,0.3465426189086451
Flower_rat,r0p5,0.5 m,0510_r0p5_ND_B1_B2_mean,pairwise_nd,0510,mean,ND_B1_B2,33,-0.1783293322199765,0.3207527131912333,-0.19090204239005482,0.2872429368888419,0.19090204239005482,0.34143971743390644,0.006993006993006993,,,,,,0.3714451283676916
Flower_rat,r0p5,0.5 m,diff_r0p5_ND_B1_B2_mean,pairwise_nd,diff,mean,ND_B1_B2,33,-0.3533991512789179,0.0436462555471951,-0.27686672638628,0.11880202133577872,0.27686672638628,0.17461613373387064,0.006993006993006993,,,,,,0.19276919288048966
Flower_rat,r0p5,0.5 m,0418_r0p5_ND_B1_B3_mean,pairwise_nd,0418,mean,ND_B1_B3,33,-0.19998780570984265,0.26448036078194403,-0.2731729313708172,0.12400588336028344,0.2731729313708172,0.17490382056039977,0.006993006993006993,,,,,,0.1976219302700143
Flower_rat,r0p5,0.5 m,0510_r0p5_ND_B1_B3_mean,pairwise_nd,0510,mean,ND_B1_B3,33,-0.5846221529392137,0.000353219845967488,-0.5631358400846472,0.0006449656381445185,0.5631358400846472,0.005709797345436643,0.006993006993006993,,,,,,0.00802337253851781
Flower_rat,r0p5,0.5 m,diff_r0p5_ND_B1_B3_mean,pairwise_nd,diff,mean,ND_B1_B3,33,-0.5395619564636273,0.0011932657596288227,-0.5394619720309992,0.001196270259444633,0.5394619720309992,0.005709797345436643,0.006993006993006993,,,,,,0.009109788504997843
Flower_rat,r0p5,0.5 m,0418_r0p5_ND_B1_B4_mean,pairwise_nd,0418,mean,ND_B1_B4,33,0.29131307080233065,0.10000356793439691,0.2170944070451547,0.2249144350797425,0.2170944070451547,0.285270002309032,0.006993006993006993,,,,,,0.30996332042747377
Flower_rat,r0p5,0.5 m,0510_r0p5_ND_B1_B4_mean,pairwise_nd,0510,mean,ND_B1_B4,33,0.15006524156572218,0.40453182414753647,0.1564825888368787,0.3844981618973359,0.1564825888368787,0.4458291570466042,0.006993006993006993,,,,,,0.47016616651404247
Flower_rat,r0p5,0.5 m,diff_r0p5_ND_B1_B4_mean,pairwise_nd,diff,mean,ND_B1_B4,33,-0.05178545764205116,0.7747201210272184,0.0016789977343012736,0.9926011651600193,0.0016789977343012736,0.9926011651600194,0.006993006993006993,,,,,,0.9963387704080667
Flower_rat,r0p5,0.5 m,0418_r0p5_ND_B1_B5_mean,pairwise_nd,0418,mean,ND_B1_B5,33,0.14300065816651486,0.4272570196268441,0.2998689953462075,0.08998747085671098,0.2998689953462075,0.13969941235386238,0.006993006993006993,,,,,,0.15504766446779564
Flower_rat,r0p5,0.5 m,0510_r0p5_ND_B1_B5_mean,pairwise_nd,0510,mean,ND_B1_B5,33,0.48579761634869656,0.004156135107267143,0.46726506945604446,0.0061131844140199405,0.46726506945604446,0.018052997722652637,0.006993006993006993,,,,,,0.01907558882368095
Flower_rat,r0p5,0.5 m,diff_r0p5_ND_B1_B5_mean,pairwise_nd,diff,mean,ND_B1_B5,33,0.4844391332821426,0.0042784488810874936,0.489092040001961,0.0038719603338622883,0.489092040001961,0.012095876084297066,0.006993006993006993,,,,,,0.014111480435521543
Flower_rat,r0p5,0.5 m,0418_r0p5_ND_B1_B6_mean,pairwise_nd,0418,mean,ND_B1_B6,33,0.09562826609576851,0.5965442040836497,0.2001365299287118,0.26411789203193303,0.2001365299287118,0.32048477867756453,0.006993006993006993,,,,,,0.34879263024174595
Flower_rat,r0p5,0.5 m,0510_r0p5_ND_B1_B6_mean,pairwise_nd,0510,mean,ND_B1_B6,33,0.4861949208295504,0.004120937652060328,0.4499713927927414,0.008603140628818425,0.4499713927927414,0.022273884641735374,0.006993006993006993,,,,,,0.02454657555561954
Flower_rat,r0p5,0.5 m,diff_r0p5_ND_B1_B6_mean,pairwise_nd,diff,mean,ND_B1_B6,33,0.49391491170380336,0.0034862378990831947,0.4822081492913258,0.004486050440105779,0.4822081492913258,0.013565816530879876,0.006993006993006993,,,,,,0.015416151236164612
Flower_rat,r0p5,0.5 m,0418_r0p5_ND_B2_B3_mean,pairwise_nd,0418,mean,ND_B2_B3,33,-0.35629474054329235,0.04183329205555731,-0.3263971595481676,0.06376058171819325,0.3263971595481676,0.11106681976717535,0.006993006993006993,,,,,,0.1189772454861486
Flower_rat,r0p5,0.5 m,0510_r0p5_ND_B2_B3_mean,pairwise_nd,0510,mean,ND_B2_B3,33,-0.6228422655445562,0.00010837749519882493,-0.6430561322373878,5.43679137145416e-05,0.6430561322373878,0.004110214276819344,0.006993006993006993,-0.8220396256937962,-0.37121093579458075,0.0885,0.2385,0.3625,0.0032809883324260688
Flower_rat,r0p5,0.5 m,diff_r0p5_ND_B2_B3_mean,pairwise_nd,diff,mean,ND_B2_B3,33,-0.5047137506614693,0.0027410185130861057,-0.5735456260373151,0.0004842752827295528,0.5735456260373151,0.005709797345436643,0.006993006993006993,-0.8039604799611983,-0.25305373048976476,0.0375,0.113,0.1735,0.007967730094483367
Flower_rat,r0p5,0.5 m,0418_r0p5_ND_B2_B4_mean,pairwise_nd,0418,mean,ND_B2_B4,33,0.0442485346852323,0.8068381770957006,0.017797375983593502,0.9216911980154395,0.017797375983593502,0.9390815979779951,0.006993006993006993,,,,,,0.9456934987579655
Flower_rat,r0p5,0.5 m,0510_r0p5_ND_B2_B4_mean,pairwise_nd,0510,mean,ND_B2_B4,33,0.2777880733902182,0.11752975416569682,0.29365670372929276,0.09717965785826577,0.29365670372929276,0.1487202861150788,0.006993006993006993,,,,,,0.16470230841373654
Flower_rat,r0p5,0.5 m,diff_r0p5_ND_B2_B4_mean,pairwise_nd,diff,mean,ND_B2_B4,33,0.26747690230056237,0.13235912209464332,0.354604321484429,0.042884170712607105,0.354604321484429,0.08004960155165328,0.006993006993006993,,,,,,0.0863234763211703
Flower_rat,r0p5,0.5 m,0418_r0p5_ND_B2_B5_mean,pairwise_nd,0418,mean,ND_B2_B5,33,0.02594061205071573,0.8860568028102646,0.133144520330091,0.46011120594057975,0.133144520330091,0.5238615537516239,0.006993006993006993,,,,,,0.5461625383493142
Flower_rat,r0p5,0.5 m,0510_r0p5_ND_B2_B5_mean,pairwise_nd,0510,mean,ND_B2_B5,33,0.45965502253008167,0.007120130399129946,0.43553201227775035,0.011297229344802606,0.43553201227775035,0.027022617796616695,0.006993006993006993,,,,,,0.02981701549844648
Flower_rat,r0p5,0.5 m,diff_r0p5_ND_B2_B5_mean,pairwise_nd,diff,mean,ND_B2_B5,33,0.4666999744848994,0.0061835166836316235,0.46961566628406626,0.005827923533112758,0.46961566628406626,0.017346103114304116,0.006993006993006993,,,,,,0.018432042903031198
Flower_rat,r0p5,0.5 m,0418_r0p5_ND_B2_B6_mean,pairwise_nd,0418,mean,ND_B2_B6,33,-0.00193288163717285,0.9914824133929845,0.11131754978417444,0.5374093278642744,0.11131754978417444,0.5992351797424653,0.006993006993006993,,,,,,0.6263621522765372
Flower_rat,r0p5,0.5 m,0510_r0p5_ND_B2_B6_mean,pairwise_nd,0510,mean,ND_B2_B6,33,0.45980130860826085,0.007099517228559004,0.4409048050275145,0.010221730815127509,0.4409048050275145,0.02539901510544888,0.006993006993006993,,,,,,0.028008443026472735
Flower_rat,r0p5,0.5 m,diff_r0p5_ND_B2_B6_mean,pairwise_nd,diff,mean,ND_B2_B6,33,0.47190613762389305,0.005561003845032895,0.45937378010482843,0.007159903707272067,0.45937378010482843,0.020659874819456803,0.006993006993006993,,,,,,0.02141086589386166
Flower_rat,r0p5,0.5 m,0418_r0p5_ND_B3_B4_mean,pairwise_nd,0418,mean,ND_B3_B4,33,0.3349412815796007,0.05673480586164241,0.3541006221641386,0.04320137226597161,0.3541006221641386,0.08004960155165328,0.006993006993006993,,,,,,0.08677476926620346
Flower_rat,r0p5,0.5 m,0510_r0p5_ND_B3_B4_mean,pairwise_nd,0510,mean,ND_B3_B4,33,0.5922642496005159,0.0002822169223455121,0.5847949108571336,0.0003514540428291527,0.5847949108571336,0.005709797345436643,0.006993006993006993,0.2685287978619683,0.7899238666884745,0.0175,0.0765,0.1315,0.007943943980533105
Flower_rat,r0p5,0.5 m,diff_r0p5_ND_B3_B4_mean,pairwise_nd,diff,mean,ND_B3_B4,33,0.5292892842852338,0.0015389006330647475,0.537782974296698,0.001247724779224049,0.537782974296698,0.005709797345436643,0.006993006993006993,,,,,,0.009109788504997843
Flower_rat,r0p5,0.5 m,0418_r0p5_ND_B3_B5_mean,pairwise_nd,0418,mean,ND_B3_B5,33,0.22499249494511972,0.20808003990257493,0.41739883674729666,0.015657857641478597,0.41739883674729666,0.03441087318883087,0.006993006993006993,,,,,,0.03819289197254779
Flower_rat,r0p5,0.5 m,0510_r0p5_ND_B3_B5_mean,pairwise_nd,0510,mean,ND_B3_B5,33,0.5540446103839358,0.0008220873317217285,0.5675012341938305,0.0005725995553508327,0.5675012341938305,0.005709797345436643,0.006993006993006993,0.23532362835507412,0.7850617109660327,0.0015,0.0105,0.0355,0.007967730094483367
Flower_rat,r0p5,0.5 m,diff_r0p5_ND_B3_B5_mean,pairwise_nd,diff,mean,ND_B3_B5,33,0.5468158428980008,0.0009921938277484687,0.5513828559445383,0.0008814702102382157,0.5513828559445383,0.005709797345436643,0.006993006993006993,,,,,,0.008834457357762558
Flower_rat,r0p5,0.5 m,0418_r0p5_ND_B3_B6_mean,pairwise_nd,0418,mean,ND_B3_B6,33,0.17804637254071365,0.32153372319843593,0.3735769958820334,0.03223330021757305,0.3735769958820334,0.06184866742255134,0.006993006993006993,,,,,,0.0687398150925615
Flower_rat,r0p5,0.5 m,0510_r0p5_ND_B3_B6_mean,pairwise_nd,0510,mean,ND_B3_B6,33,0.5514990399169398,0.0008788014401560288,0.5636395394049376,0.000636222821049315,0.5636395394049376,0.005709797345436643,0.006993006993006993,,,,,,0.007967730094483367
Flower_rat,r0p5,0.5 m,diff_r0p5_ND_B3_B6_mean,pairwise_nd,diff,mean,ND_B3_B6,33,0.5503666050539077,0.0009051195765095597,0.5401335711247197,0.0011762157300464434,0.5401335711247197,0.005709797345436643,0.006993006993006993,,,,,,0.009109788504997843
Flower_rat,r0p5,0.5 m,0418_r0p5_ND_B4_B5_mean,pairwise_nd,0418,mean,ND_B4_B5,33,0.022188403086489325,0.9024532997124788,0.08277458830105279,0.6469837256424116,0.08277458830105279,0.702758184749516,0.006993006993006993,,,,,,0.7379410953843154
Flower_rat,r0p5,0.5 m,0510_r0p5_ND_B4_B5_mean,pairwise_nd,0510,mean,ND_B4_B5,33,0.521732204029726,0.001846271083601134,0.4902673384159719,0.003774720807669499,0.4902673384159719,0.011890370544158922,0.006993006993006993,,,,,,0.013947780251705514
Flower_rat,r0p5,0.5 m,diff_r0p5_ND_B4_B5_mean,pairwise_nd,diff,mean,ND_B4_B5,33,0.5318604112699998,0.0014450596886080127,0.5176350014850827,0.002034325537181181,0.5176350014850827,0.0069906823004953315,0.006993006993006993,,,,,,0.009843414493659176
Flower_rat,r0p5,0.5 m,0418_r0p5_ND_B4_B6_mean,pairwise_nd,0418,mean,ND_B4_B6,33,-0.010496483930597215,0.9537691628900742,0.048355134747876685,0.7892962121648177,0.048355134747876685,0.8219117581220416,0.006993006993006993,,,,,,0.858290636305099
Flower_rat,r0p5,0.5 m,0510_r0p5_ND_B4_B6_mean,pairwise_nd,0510,mean,ND_B4_B6,33,0.5172837266487347,0.0020511990659684387,0.48355134747876677,0.004360047232317558,0.48355134747876677,0.013291111724322879,0.006993006993006993,,,,,,0.0150107899179051
Flower_rat,r0p5,0.5 m,diff_r0p5_ND_B4_B6_mean,pairwise_nd,diff,mean,ND_B4_B6,33,0.5303915796783484,0.00149803567276588,0.5191460994459538,0.0019631116797617534,0.5191460994459538,0.0069166693288015765,0.006993006993006993,,,,,,0.009820821432802766
Flower_rat,r0p5,0.5 m,0418_r0p5_ND_B5_B6_mean,pairwise_nd,0418,mean,ND_B5_B6,33,-0.09949300079393804,0.5817187503219877,-0.09788556790976426,0.5878651050300228,0.09788556790976426,0.6459680514574088,0.006993006993006993,,,,,,0.6800720929857548
Flower_rat,r0p5,0.5 m,0510_r0p5_ND_B5_B6_mean,pairwise_nd,0510,mean,ND_B5_B6,33,0.42151889441322143,0.014560285266269008,0.36837210290569944,0.034913707774420065,0.36837210290569944,0.06598690769365392,0.006993006993006993,,,,,,0.0732834406153744
Flower_rat,r0p5,0.5 m,diff_r0p5_ND_B5_B6_mean,pairwise_nd,diff,mean,ND_B5_B6,33,0.3597530793720223,0.039747893966441565,0.304570189002251,0.08482101641072774,0.304570189002251,0.13528415275635058,0.006993006993006993,,,,,,0.14819851743672094
Flower_rat,r0p5,0.5 m,0418_r0p5_ND_B1_B2_median,pairwise_nd,0418,median,ND_B1_B2,33,0.28932653086287985,0.10244553906189251,0.2018155276630131,0.260048452477754,0.2018155276630131,0.31811752439026214,0.006993006993006993,,,,,,0.34611299024499925
Flower_rat,r0p5,0.5 m,0510_r0p5_ND_B1_B2_median,pairwise_nd,0510,median,ND_B1_B2,33,-0.338599250036937,0.05392077000009363,-0.344026635758331,0.04995078678602215,0.344026635758331,0.09077594906305947,0.006993006993006993,,,,,,0.09811386120286035
Flower_rat,r0p5,0.5 m,diff_r0p5_ND_B1_B2_median,pairwise_nd,diff,median,ND_B1_B2,33,-0.4691765997448453,0.00588032401008215,-0.41672723765357617,0.015843162437849882,0.41672723765357617,0.03461685203183385,0.006993006993006993,,,,,,0.03859444009011473
Flower_rat,r0p5,0.5 m,0418_r0p5_ND_B1_B3_median,pairwise_nd,0418,median,ND_B1_B3,33,-0.1726879480818513,0.3365461053051431,-0.2624273458712891,0.1401044211274113,0.2624273458712891,0.19542240290096485,0.006993006993006993,,,,,,0.21534995866865694
Flower_rat,r0p5,0.5 m,0510_r0p5_ND_B1_B3_median,pairwise_nd,0510,median,ND_B1_B3,33,-0.5433116907427922,0.0010852624105482296,-0.5530618536788395,0.000843588524930799,0.5530618536788395,0.005709797345436643,0.006993006993006993,,,,,,0.008834457357762558
Flower_rat,r0p5,0.5 m,diff_r0p5_ND_B1_B3_median,pairwise_nd,diff,median,ND_B1_B3,33,-0.5141535892549832,0.0022070218288664594,-0.5293879856251915,0.00153520218688933,0.5293879856251915,0.005861681077213805,0.006993006993006993,,,,,,0.009163277638714667
Flower_rat,r0p5,0.5 m,0418_r0p5_ND_B1_B4_median,pairwise_nd,0418,median,ND_B1_B4,33,0.3780271371997474,0.03007669977773272,0.33160205252450153,0.05940387984756035,0.33160205252450153,0.10590685976062647,0.006993006993006993,,,,,,0.11310983652606899
Flower_rat,r0p5,0.5 m,0510_r0p5_ND_B1_B4_median,pairwise_nd,0510,median,ND_B1_B4,33,-0.0473966156698902,0.7933819350948426,-0.06699200959862082,0.711071369171345,0.06699200959862082,0.7528990967696594,0.006993006993006993,,,,,,0.7874535162455369
Flower_rat,r0p5,0.5 m,diff_r0p5_ND_B1_B4_median,pairwise_nd,diff,median,ND_B1_B4,33,-0.32495028524584313,0.06501516720755213,-0.354604321484429,0.042884170712607105,0.354604321484429,0.08004960155165328,0.006993006993006993,,,,,,0.0863234763211703
Flower_rat,r0p5,0.5 m,0418_r0p5_ND_B1_B5_median,pairwise_nd,0418,median,ND_B1_B5,33,0.148459362946782,0.4096362451671466,0.32488606158729644,0.06507130089346003,0.32488606158729644,0.11283005384278849,0.006993006993006993,,,,,,0.1211806860950064
Flower_rat,r0p5,0.5 m,0510_r0p5_ND_B1_B5_median,pairwise_nd,0510,median,ND_B1_B5,33,0.4574013248694459,0.007444209212779611,0.40749275011491914,0.018582606724262707,0.40749275011491914,0.03991037126006422,0.006993006993006993,,,,,,0.04456959401988973
Flower_rat,r0p5,0.5 m,diff_r0p5_ND_B1_B5_median,pairwise_nd,diff,median,ND_B1_B5,33,0.43684067966413653,0.01102684789118481,0.4343567138637395,0.011544802188652396,0.4343567138637395,0.027105187747270842,0.006993006993006993,,,,,,0.030341691385951223
Flower_rat,r0p5,0.5 m,0418_r0p5_ND_B1_B6_median,pairwise_nd,0418,median,ND_B1_B6,33,0.07523210034744539,0.6773352883362096,0.2184376052325957,0.22198814555802987,0.2184376052325957,0.2825303670738562,0.006993006993006993,,,,,,0.3068369478602102
Flower_rat,r0p5,0.5 m,0510_r0p5_ND_B1_B6_median,pairwise_nd,0510,median,ND_B1_B6,33,0.46883635977295923,0.005921206987341518,0.4017841578182948,0.020465142140095004,0.4017841578182948,0.04345968387053883,0.006993006993006993,,,,,,0.047320886286762426
Flower_rat,r0p5,0.5 m,diff_r0p5_ND_B1_B6_median,pairwise_nd,diff,median,ND_B1_B6,33,0.4632458712234614,0.006628643407801269,0.4523219896207631,0.008220977308357922,0.4523219896207631,0.022196638732566387,0.006993006993006993,,,,,,0.023857455143694997
Flower_rat,r0p5,0.5 m,0418_r0p5_ND_B2_B3_median,pairwise_nd,0418,median,ND_B2_B3,33,-0.33855158359330056,0.05395671330135781,-0.3154836742752093,0.0737077629014901,0.3154836742752093,0.12166608898149894,0.006993006993006993,,,,,,0.1332739201300199
Flower_rat,r0p5,0.5 m,0510_r0p5_ND_B2_B3_median,pairwise_nd,0510,median,ND_B2_B3,33,-0.543732056956797,0.001073707320850878,-0.5643111384986581,0.0006247286647839623,0.5643111384986581,0.005709797345436643,0.006993006993006993,,,,,,0.007967730094483367
Flower_rat,r0p5,0.5 m,diff_r0p5_ND_B2_B3_median,pairwise_nd,diff,median,ND_B2_B3,33,-0.43049892753354674,0.012389824420453839,-0.47079096469807713,0.005689621143486483,0.47079096469807713,0.01706886343045945,0.006993006993006993,,,,,,0.01827337874999273
Flower_rat,r0p5,0.5 m,0418_r0p5_ND_B2_B4_median,pairwise_nd,0418,median,ND_B2_B4,33,0.30375425206312695,0.08570095202387461,0.31581947382206954,0.07338471811942521,0.31581947382206954,0.12166608898149894,0.006993006993006993,,,,,,0.13294746020470627
Flower_rat,r0p5,0.5 m,0510_r0p5_ND_B2_B4_median,pairwise_nd,0510,median,ND_B2_B4,33,0.26246930712466704,0.1400387226178435,0.2882839109795287,0.10374509753297093,0.2882839109795287,0.15686258746985204,0.006993006993006993,,,,,,0.1731559499074452
Flower_rat,r0p5,0.5 m,diff_r0p5_ND_B2_B4_median,pairwise_nd,diff,median,ND_B2_B4,33,0.19115026363643942,0.28660486898616827,0.31749847155637084,0.07178597332317245,0.31749847155637084,0.12006680493875746,0.006993006993006993,,,,,,0.13094098359827938
Flower_rat,r0p5,0.5 m,0418_r0p5_ND_B2_B5_median,pairwise_nd,0418,median,ND_B2_B5,33,0.04835561923380262,0.7892941484080054,0.14741600107165181,0.4129720766939088,0.14741600107165181,0.47592513716554125,0.006993006993006993,,,,,,0.5000687184366215
Flower_rat,r0p5,0.5 m,0510_r0p5_ND_B2_B5_median,pairwise_nd,0510,median,ND_B2_B5,33,0.4721827908765006,0.005529485001377172,0.44023320593379395,0.010351239657949053,0.44023320593379395,0.02539901510544888,0.006993006993006993,,,,,,0.028265405469675153
Flower_rat,r0p5,0.5 m,diff_r0p5_ND_B2_B5_median,pairwise_nd,diff,median,ND_B2_B5,33,0.4660608258987134,0.006263898875530052,0.45416888712849457,0.007930922232811468,0.45416888712849457,0.021954145935797906,0.006993006993006993,,,,,,0.02323249746691711
Flower_rat,r0p5,0.5 m,0418_r0p5_ND_B2_B6_median,pairwise_nd,0418,median,ND_B2_B6,33,-0.010023642399040886,0.9558496819415354,0.0815992898870419,0.6516781923107021,0.0815992898870419,0.7038124476955583,0.006993006993006993,,,,,,0.7419350255349422
Flower_rat,r0p5,0.5 m,0510_r0p5_ND_B2_B6_median,pairwise_nd,0510,median,ND_B2_B6,33,0.47817336431768015,0.0048835738509624554,0.4397295066135035,0.010449279375873496,0.4397295066135035,0.02539901510544888,0.006993006993006993,,,,,,0.028265405469675153
Flower_rat,r0p5,0.5 m,diff_r0p5_ND_B2_B6_median,pairwise_nd,diff,median,ND_B2_B6,33,0.48042848936746746,0.004657816163939602,0.4555120853159355,0.007725483857325112,0.4555120853159355,0.021792782821409645,0.006993006993006993,,,,,,0.022809735566089652
Flower_rat,r0p5,0.5 m,0418_r0p5_ND_B3_B4_median,pairwise_nd,0418,median,ND_B3_B4,33,0.37551007397143393,0.031281529594007554,0.3312662529776413,0.059677674944479994,0.3312662529776413,0.10590685976062647,0.006993006993006993,,,,,,0.11316924943739803
Flower_rat,r0p5,0.5 m,0510_r0p5_ND_B3_B4_median,pairwise_nd,0510,median,ND_B3_B4,33,0.5290971532843711,0.0015461223489663723,0.5310669833594929,0.0014734686502043484,0.5310669833594929,0.005801782810179622,0.006993006993006993,,,,,,0.009163277638714667
Flower_rat,r0p5,0.5 m,diff_r0p5_ND_B3_B4_median,pairwise_nd,diff,median,ND_B3_B4,33,0.45347524977028897,0.008038819862094952,0.5026919216498014,0.002868954390514725,0.5026919216498014,0.009268929569355265,0.006993006993006993,,,,,,0.011313097451988918
Flower_rat,r0p5,0.5 m,0418_r0p5_ND_B3_B5_median,pairwise_nd,0418,median,ND_B3_B5,33,0.21898829112999607,0.22079594887046086,0.4153840394661351,0.016219272951760996,0.4153840394661351,0.03503362957580375,0.006993006993006993,,,,,,0.03930540691946236
Flower_rat,r0p5,0.5 m,0510_r0p5_ND_B3_B5_median,pairwise_nd,0510,median,ND_B3_B5,33,0.5255949170615153,0.001683058849259804,0.5587704459754639,0.0007252941267271763,0.5587704459754639,0.005709797345436643,0.006993006993006993,,,,,,0.008439277584219215
Flower_rat,r0p5,0.5 m,diff_r0p5_ND_B3_B5_median,pairwise_nd,diff,median,ND_B3_B5,33,0.5133265098610179,0.0022498774423162786,0.532578081320364,0.0014197774854736126,0.532578081320364,0.005801782810179622,0.006993006993006993,,,,,,0.009163277638714667
Flower_rat,r0p5,0.5 m,0418_r0p5_ND_B3_B6_median,pairwise_nd,0418,median,ND_B3_B6,33,0.14871062737606044,0.4088351861913864,0.3215280661186939,0.06805961367952496,0.3215280661186939,0.11588528815702898,0.006993006993006993,,,,,,0.12552585215540563
Flower_rat,r0p5,0.5 m,0510_r0p5_ND_B3_B6_median,pairwise_nd,0510,median,ND_B3_B6,33,0.5301033280320512,0.0015086291426615376,0.5371113752029774,0.0012688438545414762,0.5371113752029774,0.005709797345436643,0.006993006993006993,,,,,,0.009109788504997843
Flower_rat,r0p5,0.5 m,diff_r0p5_ND_B3_B6_median,pairwise_nd,diff,median,ND_B3_B6,33,0.5252761861473518,0.0016960317006244267,0.5379508740701281,0.0012424934302213738,0.5379508740701281,0.005709797345436643,0.006993006993006993,,,,,,0.009109788504997843
Flower_rat,r0p5,0.5 m,0418_r0p5_ND_B4_B5_median,pairwise_nd,0418,median,ND_B4_B5,33,-0.02307691661931184,0.8985668213393941,0.06480931254402916,0.7201016744729449,0.06480931254402916,0.758212905155357,0.006993006993006993,,,,,,0.7955652602525253
Flower_rat,r0p5,0.5 m,0510_r0p5_ND_B4_B5_median,pairwise_nd,0510,median,ND_B4_B5,33,0.5297804765442642,0.001520571954483527,0.5277089878908904,0.0015991866248723414,0.5277089878908904,0.00604492544201745,0.006993006993006993,,,,,,0.009163277638714667
Flower_rat,r0p5,0.5 m,diff_r0p5_ND_B4_B5_median,pairwise_nd,diff,median,ND_B4_B5,33,0.5317985825679293,0.001447256127851216,0.5248546917425781,0.0017133212958288786,0.5248546917425781,0.0064122321764684765,0.006993006993006993,,,,,,0.009413457076381488
Flower_rat,r0p5,0.5 m,0418_r0p5_ND_B4_B6_median,pairwise_nd,0418,median,ND_B4_B6,33,-0.07354240012903064,0.6842057361289652,0.007723389577785859,0.9659747063586556,0.007723389577785859,0.9711128696903506,0.006993006993006993,,,,,,0.9790922336041561
Flower_rat,r0p5,0.5 m,0510_r0p5_ND_B4_B6_median,pairwise_nd,0510,median,ND_B4_B6,33,0.5343868414156188,0.0013577688857596215,0.5099116119072968,0.002434584452248062,0.5099116119072968,0.008144008167697057,0.006993006993006993,,,,,,0.010357734211500673
Flower_rat,r0p5,0.5 m,diff_r0p5_ND_B4_B6_median,pairwise_nd,diff,median,ND_B4_B6,33,0.5426355722905603,0.0011040768800902817,0.5513828559445383,0.0008814702102382157,0.5513828559445383,0.005709797345436643,0.006993006993006993,,,,,,0.008834457357762558
Flower_rat,r0p5,0.5 m,0418_r0p5_ND_B5_B6_median,pairwise_nd,0418,median,ND_B5_B6,33,-0.1975462019733708,0.2704776083170833,-0.1940921380852272,0.2791119414995304,0.1940921380852272,0.333327006263431,0.006993006993006993,,,,,,0.3640944480602043
Flower_rat,r0p5,0.5 m,0510_r0p5_ND_B5_B6_median,pairwise_nd,0510,median,ND_B5_B6,33,0.47658834616833123,0.005047819213229488,0.3762633922569154,0.030916887116810645,0.3762633922569154,0.06086762151122096,0.006993006993006993,,,,,,0.06692681132246946
Flower_rat,r0p5,0.5 m,diff_r0p5_ND_B5_B6_median,pairwise_nd,diff,median,ND_B5_B6,33,0.45158079477675384,0.008339891981199561,0.3181700706500914,0.07115412207132192,0.3181700706500914,0.11953892507982082,0.006993006993006993,,,,,,0.1301701880245948
Flower_rat,r0p5,0.5 m,0418_r0p5_NDVI_mean,predefined_index,0418,mean,NDVI,33,-0.17804637254071365,0.32153372319843593,-0.3735769958820334,0.03223330021757305,0.3735769958820334,0.06184866742255134,0.006993006993006993,,,,,,0.0687398150925615
Flower_rat,r0p5,0.5 m,0418_r0p5_GNDVI_mean,predefined_index,0418,mean,GNDVI,33,0.00193288163717285,0.9914824133929845,-0.11131754978417444,0.5374093278642744,0.11131754978417444,0.5992351797424653,0.006993006993006993,,,,,,0.6263621522765372
Flower_rat,r0p5,0.5 m,0418_r0p5_NDRE1_mean,predefined_index,0418,mean,NDRE1,33,0.010496483930597215,0.9537691628900742,-0.048355134747876685,0.7892962121648177,0.048355134747876685,0.8219117581220416,0.006993006993006993,,,,,,0.858290636305099
Flower_rat,r0p5,0.5 m,0418_r0p5_NDRE2_mean,predefined_index,0418,mean,NDRE2,33,0.09949300079393804,0.5817187503219877,0.09788556790976426,0.5878651050300228,0.09788556790976426,0.6459680514574088,0.006993006993006993,,,,,,0.6800720929857548
Flower_rat,r0p5,0.5 m,0418_r0p5_RENDVI1_mean,predefined_index,0418,mean,RENDVI1,33,-0.3349412815796007,0.05673480586164241,-0.3541006221641386,0.04320137226597161,0.3541006221641386,0.08004960155165328,0.006993006993006993,,,,,,0.08677476926620346
Flower_rat,r0p5,0.5 m,0418_r0p5_RENDVI2_mean,predefined_index,0418,mean,RENDVI2,33,-0.22499249494511972,0.20808003990257493,-0.41739883674729666,0.015657857641478597,0.41739883674729666,0.03441087318883087,0.006993006993006993,,,,,,0.03819289197254779
Flower_rat,r0p5,0.5 m,0418_r0p5_RVI_mean,predefined_index,0418,mean,RVI,33,-0.2203614306550987,0.21784222820594557,-0.3735769958820334,0.03223330021757305,0.3735769958820334,0.06184866742255134,0.006993006993006993,,,,,,0.0687398150925615
Flower_rat,r0p5,0.5 m,0418_r0p5_DVI_mean,predefined_index,0418,mean,DVI,33,-0.19617085811097446,0.2738945388358292,-0.30843188379114395,0.08075032233945469,0.30843188379114395,0.1310026688597162,0.006993006993006993,,,,,,0.14336831730297095
Flower_rat,r0p5,0.5 m,0418_r0p5_SAVI_mean,predefined_index,0418,mean,SAVI,33,-0.17805212315141467,0.32151783893285635,-0.3735769958820334,0.03223330021757305,0.3735769958820334,0.06184866742255134,0.006993006993006993,,,,,,0.0687398150925615
Flower_rat,r0p5,0.5 m,0418_r0p5_EVI_mean,predefined_index,0418,mean,EVI,33,-0.2072316629004069,0.24720359134419176,-0.26091624791041795,0.14248538550736817,0.26091624791041795,0.19728745685635593,0.006993006993006993,,,,,,0.21829041819109113
Flower_rat,r0p5,0.5 m,0418_r0p5_CI_RE1_mean,predefined_index,0418,mean,CI_RE1,33,0.007279618017442469,0.967928704426886,-0.048355134747876685,0.7892962121648177,0.048355134747876685,0.8219117581220416,0.006993006993006993,,,,,,0.858290636305099
Flower_rat,r0p5,0.5 m,0418_r0p5_CI_RE2_mean,predefined_index,0418,mean,CI_RE2,33,0.0993792531277602,0.5821527478283329,0.09788556790976426,0.5878651050300228,0.09788556790976426,0.6459680514574088,0.006993006993006993,,,,,,0.6800720929857548
Flower_rat,r0p5,0.5 m,0510_r0p5_NDVI_mean,predefined_index,0510,mean,NDVI,33,-0.5514990399169398,0.0008788014401560288,-0.5636395394049376,0.000636222821049315,0.5636395394049376,0.005709797345436643,0.006993006993006993,,,,,,0.007967730094483367
Flower_rat,r0p5,0.5 m,0510_r0p5_GNDVI_mean,predefined_index,0510,mean,GNDVI,33,-0.45980130860826085,0.007099517228559004,-0.4409048050275145,0.010221730815127509,0.4409048050275145,0.02539901510544888,0.006993006993006993,,,,,,0.028008443026472735
Flower_rat,r0p5,0.5 m,0510_r0p5_NDRE1_mean,predefined_index,0510,mean,NDRE1,33,-0.5172837266487347,0.0020511990659684387,-0.48355134747876677,0.004360047232317558,0.48355134747876677,0.013291111724322879,0.006993006993006993,,,,,,0.0150107899179051
Flower_rat,r0p5,0.5 m,0510_r0p5_NDRE2_mean,predefined_index,0510,mean,NDRE2,33,-0.42151889441322143,0.014560285266269008,-0.36837210290569944,0.034913707774420065,0.36837210290569944,0.06598690769365392,0.006993006993006993,,,,,,0.0732834406153744
Flower_rat,r0p5,0.5 m,0510_r0p5_RENDVI1_mean,predefined_index,0510,mean,RENDVI1,33,-0.5922642496005159,0.0002822169223455121,-0.5847949108571336,0.0003514540428291527,0.5847949108571336,0.005709797345436643,0.006993006993006993,-0.7899238666884748,-0.2685287978619683,0.01,0.074,0.1315,0.007943943980533105
Flower_rat,r0p5,0.5 m,0510_r0p5_RENDVI2_mean,predefined_index,0510,mean,RENDVI2,33,-0.5540446103839358,0.0008220873317217285,-0.5675012341938305,0.0005725995553508327,0.5675012341938305,0.005709797345436643,0.006993006993006993,-0.7850617109660327,-0.2353236283550744,0.0015,0.009,0.0345,0.007967730094483367
Flower_rat,r0p5,0.5 m,0510_r0p5_RVI_mean,predefined_index,0510,mean,RVI,33,-0.5839905545238795,0.00035974282953426287,-0.5636395394049376,0.000636222821049315,0.5636395394049376,0.005709797345436643,0.006993006993006993,,,,,,0.007967730094483367
Flower_rat,r0p5,0.5 m,0510_r0p5_DVI_mean,predefined_index,0510,mean,DVI,33,-0.5815580981357901,0.0003858752779432694,-0.5864739085914349,0.00033469664656119824,0.5864739085914349,0.005709797345436643,0.006993006993006993,-0.7849076920497126,-0.30215599695204093,0.0035,0.0385,0.103,0.007943943980533105
Flower_rat,r0p5,0.5 m,0510_r0p5_SAVI_mean,predefined_index,0510,mean,SAVI,33,-0.5515031579622576,0.0008787069784927715,-0.5636395394049376,0.000636222821049315,0.5636395394049376,0.005709797345436643,0.006993006993006993,,,,,,0.007967730094483367
Flower_rat,r0p5,0.5 m,0510_r0p5_EVI_mean,predefined_index,0510,mean,EVI,33,-0.5738077014640561,0.00048073499995150183,-0.5643111384986581,0.0006247286647839623,0.5643111384986581,0.005709797345436643,0.006993006993006993,-0.7817131602383833,-0.2346756989385022,0.0025,0.0135,0.041,0.007967730094483367
Flower_rat,r0p5,0.5 m,0510_r0p5_CI_RE1_mean,predefined_index,0510,mean,CI_RE1,33,-0.5237018437510738,0.0017613997156609089,-0.48355134747876677,0.004360047232317558,0.48355134747876677,0.013291111724322879,0.006993006993006993,,,,,,0.0150107899179051
Flower_rat,r0p5,0.5 m,0510_r0p5_CI_RE2_mean,predefined_index,0510,mean,CI_RE2,33,-0.4211560337221797,0.014654287186583369,-0.36837210290569944,0.034913707774420065,0.36837210290569944,0.06598690769365392,0.006993006993006993,,,,,,0.0732834406153744
Flower_rat,r0p5,0.5 m,diff_r0p5_NDVI_mean,predefined_index,diff,mean,NDVI,33,-0.5503666050539077,0.0009051195765095597,-0.5401335711247197,0.0011762157300464434,0.5401335711247197,0.005709797345436643,0.006993006993006993,,,,,,0.009109788504997843
Flower_rat,r0p5,0.5 m,ratio_r0p5_NDVI_mean,predefined_index,ratio,mean,NDVI,33,-0.5512429786886696,0.0008846926851708978,-0.5448347647807633,0.0010439080431280006,0.5448347647807633,0.005709797345436643,0.006993006993006993,,,,,,0.00893546976365527
Flower_rat,r0p5,0.5 m,rel_r0p5_NDVI_mean,predefined_index,rel,mean,NDVI,33,-0.5512429786886692,0.0008846926851709029,-0.5448347647807633,0.0010439080431280006,0.5448347647807633,0.005709797345436643,0.006993006993006993,,,,,,0.00893546976365527
Flower_rat,r0p5,0.5 m,diff_r0p5_GNDVI_mean,predefined_index,diff,mean,GNDVI,33,-0.47190613762389305,0.005561003845032895,-0.45937378010482843,0.007159903707272067,0.45937378010482843,0.020659874819456803,0.006993006993006993,,,,,,0.02141086589386166
Flower_rat,r0p5,0.5 m,ratio_r0p5_GNDVI_mean,predefined_index,ratio,mean,GNDVI,33,-0.4727941658878438,0.005460374438753069,-0.45097879143332203,0.008437548206324683,0.45097879143332203,0.022273884641735374,0.006993006993006993,,,,,,0.024259576198770196
Flower_rat,r0p5,0.5 m,rel_r0p5_GNDVI_mean,predefined_index,rel,mean,GNDVI,33,-0.4727941658878437,0.005460374438753094,-0.45097879143332203,0.008437548206324683,0.45097879143332203,0.022273884641735374,0.006993006993006993,,,,,,0.024259576198770196
Flower_rat,r0p5,0.5 m,diff_r0p5_NDRE1_mean,predefined_index,diff,mean,NDRE1,33,-0.5303915796783484,0.00149803567276588,-0.5191460994459538,0.0019631116797617534,0.5191460994459538,0.0069166693288015765,0.006993006993006993,,,,,,0.009820821432802766
Flower_rat,r0p5,0.5 m,ratio_r0p5_NDRE1_mean,predefined_index,ratio,mean,NDRE1,33,-0.534866844208915,0.001341717064956067,-0.5317385824532134,0.0014493904010834825,0.5317385824532134,0.005801782810179622,0.006993006993006993,,,,,,0.009163277638714667
Flower_rat,r0p5,0.5 m,rel_r0p5_NDRE1_mean,predefined_index,rel,mean,NDRE1,33,-0.5348668442089148,0.001341717064956067,-0.5317385824532134,0.0014493904010834825,0.5317385824532134,0.005801782810179622,0.006993006993006993,,,,,,0.009163277638714667
Flower_rat,r0p5,0.5 m,diff_r0p5_NDRE2_mean,predefined_index,diff,mean,NDRE2,33,-0.3597530793720223,0.039747893966441565,-0.304570189002251,0.08482101641072774,0.304570189002251,0.13528415275635058,0.006993006993006993,,,,,,0.14819851743672094
Flower_rat,r0p5,0.5 m,ratio_r0p5_NDRE2_mean,predefined_index,ratio,mean,NDRE2,33,-0.4314936434576793,0.012167109754624763,-0.4194136340284581,0.015112780304133405,0.4194136340284581,0.033603711499778983,0.006993006993006993,,,,,,0.037585080847659776
Flower_rat,r0p5,0.5 m,rel_r0p5_NDRE2_mean,predefined_index,rel,mean,NDRE2,33,-0.4314936434576793,0.012167109754624763,-0.4194136340284581,0.015112780304133405,0.4194136340284581,0.033603711499778983,0.006993006993006993,,,,,,0.037585080847659776
Flower_rat,r0p5,0.5 m,diff_r0p5_RENDVI1_mean,predefined_index,diff,mean,RENDVI1,33,-0.5292892842852338,0.0015389006330647475,-0.537782974296698,0.001247724779224049,0.537782974296698,0.005709797345436643,0.006993006993006993,,,,,,0.009109788504997843
Flower_rat,r0p5,0.5 m,ratio_r0p5_RENDVI1_mean,predefined_index,ratio,mean,RENDVI1,33,-0.5451157517943062,0.001036431930382697,-0.529891684945482,0.0015164488657102842,0.529891684945482,0.00584915991059681,0.006993006993006993,,,,,,0.009163277638714667
Flower_rat,r0p5,0.5 m,rel_r0p5_RENDVI1_mean,predefined_index,rel,mean,RENDVI1,33,-0.545115751794306,0.001036431930382703,-0.529891684945482,0.0015164488657102842,0.529891684945482,0.00584915991059681,0.006993006993006993,,,,,,0.009163277638714667
Flower_rat,r0p5,0.5 m,diff_r0p5_RENDVI2_mean,predefined_index,diff,mean,RENDVI2,33,-0.5468158428980008,0.0009921938277484687,-0.5513828559445383,0.0008814702102382157,0.5513828559445383,0.005709797345436643,0.006993006993006993,,,,,,0.008834457357762558
Flower_rat,r0p5,0.5 m,ratio_r0p5_RENDVI2_mean,predefined_index,ratio,mean,RENDVI2,33,-0.5489021927486983,0.0009401801821275268,-0.5649827375923786,0.0006134183765000073,0.5649827375923786,0.005709797345436643,0.006993006993006993,-0.7799414384039287,-0.22367135726075654,0.001,0.0145,0.043,0.007967730094483367
Flower_rat,r0p5,0.5 m,rel_r0p5_RENDVI2_mean,predefined_index,rel,mean,RENDVI2,33,-0.5489021927486984,0.0009401801821275268,-0.5649827375923786,0.0006134183765000073,0.5649827375923786,0.005709797345436643,0.006993006993006993,-0.7799414384039287,-0.22367135726075654,0.0015,0.015,0.043,0.007967730094483367
Flower_rat,r0p5,0.5 m,diff_r0p5_RVI_mean,predefined_index,diff,mean,RVI,33,-0.3916935716416076,0.024178698891006288,-0.3201848679312529,0.06928454235200207,0.3201848679312529,0.11744195968186899,0.006993006993006993,,,,,,0.1273743409151092
Flower_rat,r0p5,0.5 m,ratio_r0p5_RVI_mean,predefined_index,ratio,mean,RVI,33,-0.572379104757677,0.0005003151130585065,-0.5361039765623967,0.0013011101800727127,0.5361039765623967,0.005718833117063784,0.006993006993006993,,,,,,0.009109788504997843
Flower_rat,r0p5,0.5 m,rel_r0p5_RVI_mean,predefined_index,rel,mean,RVI,33,-0.5723791047576766,0.0005003151130585127,-0.5361039765623967,0.0013011101800727127,0.5361039765623967,0.005718833117063784,0.006993006993006993,,,,,,0.009109788504997843
Flower_rat,r0p5,0.5 m,diff_r0p5_DVI_mean,predefined_index,diff,mean,DVI,33,-0.6166780680200005,0.0001324975877366252,-0.6277772528552462,9.198777564749416e-05,0.6277772528552462,0.005070192650101998,0.006993006993006993,-0.8059094350263911,-0.36270400085779975,0.0125,0.1285,0.288,0.003946817331208623
Flower_rat,r0p5,0.5 m,ratio_r0p5_DVI_mean,predefined_index,ratio,mean,DVI,33,-0.6297637988891184,8.60440478127617e-05,-0.6630362052755729,2.61374235072207e-05,0.6630362052755729,0.0038479990476939494,0.006993006993006993,-0.8351850498206036,-0.4020394132281382,0.0735,0.352,0.519,0.0028414925332767038
Flower_rat,r0p5,0.5 m,rel_r0p5_DVI_mean,predefined_index,rel,mean,DVI,33,-0.6297637988891185,8.60440478127617e-05,-0.6630362052755729,2.61374235072207e-05,0.6630362052755729,0.0038479990476939494,0.006993006993006993,-0.8351850498206036,-0.4020394132281382,0.0785,0.348,0.51,0.0028414925332767038
Flower_rat,r0p5,0.5 m,diff_r0p5_SAVI_mean,predefined_index,diff,mean,SAVI,33,-0.5503729569650162,0.0009049700425071181,-0.5401335711247197,0.0011762157300464434,0.5401335711247197,0.005709797345436643,0.006993006993006993,,,,,,0.009109788504997843
Flower_rat,r0p5,0.5 m,ratio_r0p5_SAVI_mean,predefined_index,ratio,mean,SAVI,33,-0.5512489462070198,0.0008845549947000727,-0.5448347647807633,0.0010439080431280006,0.5448347647807633,0.005709797345436643,0.006993006993006993,,,,,,0.00893546976365527
Flower_rat,r0p5,0.5 m,rel_r0p5_SAVI_mean,predefined_index,rel,mean,SAVI,33,-0.5512489462070195,0.0008845549947000779,-0.5448347647807633,0.0010439080431280006,0.5448347647807633,0.005709797345436643,0.006993006993006993,,,,,,0.00893546976365527
Flower_rat,r0p5,0.5 m,diff_r0p5_EVI_mean,predefined_index,diff,mean,EVI,33,-0.5629212712523272,0.0006487220719892233,-0.568004933514121,0.0005647303377142709,0.568004933514121,0.005709797345436643,0.006993006993006993,-0.7864217192044792,-0.23615695903034525,0.003,0.023,0.059,0.007967730094483367
Flower_rat,r0p5,0.5 m,ratio_r0p5_EVI_mean,predefined_index,ratio,mean,EVI,33,-0.5675066834765513,0.0005725139058507026,-0.564143238725228,0.0006275848668712642,0.564143238725228,0.005709797345436643,0.006993006993006993,,,,,,0.007967730094483367
Flower_rat,r0p5,0.5 m,rel_r0p5_EVI_mean,predefined_index,rel,mean,EVI,33,-0.5675066834765515,0.0005725139058506955,-0.564143238725228,0.0006275848668712642,0.564143238725228,0.005709797345436643,0.006993006993006993,,,,,,0.007967730094483367
Flower_rat,r0p5,0.5 m,diff_r0p5_CI_RE1_mean,predefined_index,diff,mean,CI_RE1,33,-0.44208877248782397,0.009996755641444479,-0.3797892874989481,0.029255988503039638,0.3797892874989481,0.05866677771347746,0.006993006993006993,,,,,,0.06399961846034229
Flower_rat,r0p5,0.5 m,ratio_r0p5_CI_RE1_mean,predefined_index,ratio,mean,CI_RE1,33,-0.5406718825733661,0.0011603549368063109,-0.5193139992193839,0.0019553348630858493,0.5193139992193839,0.0069166693288015765,0.006993006993006993,,,,,,0.009820821432802766
Flower_rat,r0p5,0.5 m,rel_r0p5_CI_RE1_mean,predefined_index,rel,mean,CI_RE1,33,-0.5406718825733661,0.0011603549368063109,-0.5193139992193839,0.0019553348630858493,0.5193139992193839,0.0069166693288015765,0.006993006993006993,,,,,,0.009820821432802766
Flower_rat,r0p5,0.5 m,diff_r0p5_CI_RE2_mean,predefined_index,diff,mean,CI_RE2,33,-0.340069075990589,0.05282172664352547,-0.3012121935336485,0.08848739169129387,0.3012121935336485,0.1385070830859303,0.006993006993006993,,,,,,0.15288654897773551
Flower_rat,r0p5,0.5 m,ratio_r0p5_CI_RE2_mean,predefined_index,ratio,mean,CI_RE2,33,-0.42939639950731723,0.012640676923429047,-0.43486041318402985,0.011438145099097014,0.43486041318402985,0.027022617796616695,0.006993006993006993,,,,,,0.03010377821567705
Flower_rat,r0p5,0.5 m,rel_r0p5_CI_RE2_mean,predefined_index,rel,mean,CI_RE2,33,-0.42939639950731745,0.012640676923428946,-0.43486041318402985,0.011438145099097014,0.43486041318402985,0.027022617796616695,0.006993006993006993,,,,,,0.03010377821567705
Flower_rat,r0p5,0.5 m,0418_r0p5_NDVI_median,predefined_index,0418,median,NDVI,33,-0.14871062737606044,0.4088351861913864,-0.3215280661186939,0.06805961367952496,0.3215280661186939,0.11588528815702898,0.006993006993006993,,,,,,0.12552585215540563
Flower_rat,r0p5,0.5 m,0418_r0p5_GNDVI_median,predefined_index,0418,median,GNDVI,33,0.010023642399040886,0.9558496819415354,-0.0815992898870419,0.6516781923107021,0.0815992898870419,0.7038124476955583,0.006993006993006993,,,,,,0.7419350255349422
Flower_rat,r0p5,0.5 m,0418_r0p5_NDRE1_median,predefined_index,0418,median,NDRE1,33,0.07354240012903064,0.6842057361289652,-0.007723389577785859,0.9659747063586556,0.007723389577785859,0.9711128696903506,0.006993006993006993,,,,,,0.9790922336041561
Flower_rat,r0p5,0.5 m,0418_r0p5_NDRE2_median,predefined_index,0418,median,NDRE2,33,0.1975462019733708,0.2704776083170833,0.1940921380852272,0.2791119414995304,0.1940921380852272,0.333327006263431,0.006993006993006993,,,,,,0.3640944480602043
Flower_rat,r0p5,0.5 m,0418_r0p5_RENDVI1_median,predefined_index,0418,median,RENDVI1,33,-0.37551007397143393,0.031281529594007554,-0.3312662529776413,0.059677674944479994,0.3312662529776413,0.10590685976062647,0.006993006993006993,,,,,,0.11316924943739803
Flower_rat,r0p5,0.5 m,0418_r0p5_RENDVI2_median,predefined_index,0418,median,RENDVI2,33,-0.21898829112999607,0.22079594887046086,-0.4153840394661351,0.016219272951760996,0.4153840394661351,0.03503362957580375,0.006993006993006993,,,,,,0.03930540691946236
Flower_rat,r0p5,0.5 m,0418_r0p5_RVI_median,predefined_index,0418,median,RVI,33,-0.1883250071871957,0.29392117098782883,-0.3215280661186939,0.06805961367952496,0.3215280661186939,0.11588528815702898,0.006993006993006993,,,,,,0.12552585215540563
Flower_rat,r0p5,0.5 m,0418_r0p5_DVI_median,predefined_index,0418,median,DVI,33,-0.1834564459289972,0.306805632714132,-0.3502389273752457,0.0456963262796159,0.3502389273752457,0.08344546538016817,0.006993006993006993,,,,,,0.09119716025429227
Flower_rat,r0p5,0.5 m,0418_r0p5_SAVI_median,predefined_index,0418,median,SAVI,33,-0.14871746463586918,0.40881340064226135,-0.3215280661186939,0.06805961367952496,0.3215280661186939,0.11588528815702898,0.006993006993006993,,,,,,0.12552585215540563
Flower_rat,r0p5,0.5 m,0418_r0p5_EVI_median,predefined_index,0418,median,EVI,33,-0.17844154583624974,0.32044331385858704,-0.2619236465509987,0.14089482038236556,0.2619236465509987,0.19580236067843448,0.006993006993006993,,,,,,0.21638661303168244
Flower_rat,r0p5,0.5 m,0418_r0p5_CI_RE1_median,predefined_index,0418,median,CI_RE1,33,0.07303225919986425,0.6862849309774476,-0.007723389577785859,0.9659747063586556,0.007723389577785859,0.9711128696903506,0.006993006993006993,,,,,,0.9790922336041561
Flower_rat,r0p5,0.5 m,0418_r0p5_CI_RE2_median,predefined_index,0418,median,CI_RE2,33,0.19776415772180259,0.26993867652900766,0.1940921380852272,0.2791119414995304,0.1940921380852272,0.333327006263431,0.006993006993006993,,,,,,0.3640944480602043
Flower_rat,r0p5,0.5 m,0510_r0p5_NDVI_median,predefined_index,0510,median,NDVI,33,-0.5301033280320512,0.0015086291426615376,-0.5371113752029774,0.0012688438545414762,0.5371113752029774,0.005709797345436643,0.006993006993006993,,,,,,0.009109788504997843
Flower_rat,r0p5,0.5 m,0510_r0p5_GNDVI_median,predefined_index,0510,median,GNDVI,33,-0.47817336431768015,0.0048835738509624554,-0.4397295066135035,0.010449279375873496,0.4397295066135035,0.02539901510544888,0.006993006993006993,,,,,,0.028265405469675153
Flower_rat,r0p5,0.5 m,0510_r0p5_NDRE1_median,predefined_index,0510,median,NDRE1,33,-0.5343868414156188,0.0013577688857596215,-0.5099116119072968,0.002434584452248062,0.5099116119072968,0.008144008167697057,0.006993006993006993,,,,,,0.010357734211500673
Flower_rat,r0p5,0.5 m,0510_r0p5_NDRE2_median,predefined_index,0510,median,NDRE2,33,-0.47658834616833123,0.005047819213229488,-0.3762633922569154,0.030916887116810645,0.3762633922569154,0.06086762151122096,0.006993006993006993,,,,,,0.06692681132246946
Flower_rat,r0p5,0.5 m,0510_r0p5_RENDVI1_median,predefined_index,0510,median,RENDVI1,33,-0.5290971532843711,0.0015461223489663723,-0.5310669833594929,0.0014734686502043484,0.5310669833594929,0.005801782810179622,0.006993006993006993,,,,,,0.009163277638714667
Flower_rat,r0p5,0.5 m,0510_r0p5_RENDVI2_median,predefined_index,0510,median,RENDVI2,33,-0.5255949170615153,0.001683058849259804,-0.5587704459754639,0.0007252941267271763,0.5587704459754639,0.005709797345436643,0.006993006993006993,,,,,,0.008439277584219215
Flower_rat,r0p5,0.5 m,0510_r0p5_RVI_median,predefined_index,0510,median,RVI,33,-0.5686113093713421,0.0005553840135592329,-0.5371113752029774,0.0012688438545414762,0.5371113752029774,0.005709797345436643,0.006993006993006993,,,,,,0.009109788504997843
Flower_rat,r0p5,0.5 m,0510_r0p5_DVI_median,predefined_index,0510,median,DVI,33,-0.5638660013930297,0.0006323263079825079,-0.5636395394049376,0.000636222821049315,0.5636395394049376,0.005709797345436643,0.006993006993006993,,,,,,0.007967730094483367
Flower_rat,r0p5,0.5 m,0510_r0p5_SAVI_median,predefined_index,0510,median,SAVI,33,-0.5301076442865007,0.001508470034847677,-0.5371113752029774,0.0012688438545414762,0.5371113752029774,0.005709797345436643,0.006993006993006993,,,,,,0.009109788504997843
Flower_rat,r0p5,0.5 m,0510_r0p5_EVI_median,predefined_index,0510,median,EVI,33,-0.5413280870106386,0.001141274693827641,-0.5626321407643567,0.000653814407084162,0.5626321407643567,0.005709797345436643,0.006993006993006993,,,,,,0.008079587308735406
Flower_rat,r0p5,0.5 m,0510_r0p5_CI_RE1_median,predefined_index,0510,median,CI_RE1,33,-0.5408495623756591,0.0011551611551825923,-0.5099116119072968,0.002434584452248062,0.5099116119072968,0.008144008167697057,0.006993006993006993,,,,,,0.010357734211500673
Flower_rat,r0p5,0.5 m,0510_r0p5_CI_RE2_median,predefined_index,0510,median,CI_RE2,33,-0.47785931254792124,0.0049157471020824985,-0.3762633922569154,0.030916887116810645,0.3762633922569154,0.06086762151122096,0.006993006993006993,,,,,,0.06692681132246946
Flower_rat,r0p5,0.5 m,diff_r0p5_NDVI_median,predefined_index,diff,median,NDVI,33,-0.5252761861473518,0.0016960317006244267,-0.5379508740701281,0.0012424934302213738,0.5379508740701281,0.005709797345436643,0.006993006993006993,,,,,,0.009109788504997843
Flower_rat,r0p5,0.5 m,ratio_r0p5_NDVI_median,predefined_index,ratio,median,NDVI,33,-0.5271712422782115,0.001620166511482179,-0.5473532613822153,0.00097855942317831,0.5473532613822153,0.005709797345436643,0.006993006993006993,,,,,,0.00893546976365527
Flower_rat,r0p5,0.5 m,rel_r0p5_NDVI_median,predefined_index,rel,median,NDVI,33,-0.5271712422782117,0.0016201665114821703,-0.5473532613822153,0.00097855942317831,0.5473532613822153,0.005709797345436643,0.006993006993006993,,,,,,0.00893546976365527
Flower_rat,r0p5,0.5 m,diff_r0p5_GNDVI_median,predefined_index,diff,median,GNDVI,33,-0.48042848936746746,0.004657816163939602,-0.4555120853159355,0.007725483857325112,0.4555120853159355,0.021792782821409645,0.006993006993006993,,,,,,0.022809735566089652
Flower_rat,r0p5,0.5 m,ratio_r0p5_GNDVI_median,predefined_index,ratio,median,GNDVI,33,-0.48377672455925935,0.004339206434185728,-0.4540009873550644,0.007956925907947918,0.4540009873550644,0.021954145935797906,0.006993006993006993,,,,,,0.023235717909594392
Flower_rat,r0p5,0.5 m,rel_r0p5_GNDVI_median,predefined_index,rel,median,GNDVI,33,-0.48377672455925935,0.004339206434185728,-0.4540009873550644,0.007956925907947918,0.4540009873550644,0.021954145935797906,0.006993006993006993,,,,,,0.023235717909594392
Flower_rat,r0p5,0.5 m,diff_r0p5_NDRE1_median,predefined_index,diff,median,NDRE1,33,-0.5426355722905603,0.0011040768800902817,-0.5513828559445383,0.0008814702102382157,0.5513828559445383,0.005709797345436643,0.006993006993006993,,,,,,0.008834457357762558
Flower_rat,r0p5,0.5 m,ratio_r0p5_NDRE1_median,predefined_index,ratio,median,NDRE1,33,-0.5504123377588345,0.0009040434417718194,-0.5497038582102369,0.0009208417110721759,0.5497038582102369,0.005709797345436643,0.006993006993006993,,,,,,0.008895844320318614
Flower_rat,r0p5,0.5 m,rel_r0p5_NDRE1_median,predefined_index,rel,median,NDRE1,33,-0.5504123377588344,0.0009040434417718194,-0.5497038582102369,0.0009208417110721759,0.5497038582102369,0.005709797345436643,0.006993006993006993,,,,,,0.008895844320318614
Flower_rat,r0p5,0.5 m,diff_r0p5_NDRE2_median,predefined_index,diff,median,NDRE2,33,-0.45158079477675384,0.008339891981199561,-0.3181700706500914,0.07115412207132192,0.3181700706500914,0.11953892507982082,0.006993006993006993,,,,,,0.1301701880245948
Flower_rat,r0p5,0.5 m,ratio_r0p5_NDRE2_median,predefined_index,ratio,median,NDRE2,33,-0.5103206489211746,0.002411787157834149,-0.38784847662359423,0.025732460728283876,0.38784847662359423,0.05286342475701796,0.006993006993006993,,,,,,0.05743632980738961
Flower_rat,r0p5,0.5 m,rel_r0p5_NDRE2_median,predefined_index,rel,median,NDRE2,33,-0.5103206489211746,0.002411787157834149,-0.38784847662359423,0.025732460728283876,0.38784847662359423,0.05286342475701796,0.006993006993006993,,,,,,0.05743632980738961
Flower_rat,r0p5,0.5 m,diff_r0p5_RENDVI1_median,predefined_index,diff,median,RENDVI1,33,-0.45347524977028897,0.008038819862094952,-0.5026919216498014,0.002868954390514725,0.5026919216498014,0.009268929569355265,0.006993006993006993,,,,,,0.011313097451988918
Flower_rat,r0p5,0.5 m,ratio_r0p5_RENDVI1_median,predefined_index,ratio,median,RENDVI1,33,-0.47208211953494583,0.005540936619105439,-0.5184745003522333,0.001994489303807862,0.5184745003522333,0.0069166693288015765,0.006993006993006993,,,,,,0.009843414493659176
Flower_rat,r0p5,0.5 m,rel_r0p5_RENDVI1_median,predefined_index,rel,median,RENDVI1,33,-0.4720821195349461,0.005540936619105413,-0.5184745003522333,0.001994489303807862,0.5184745003522333,0.0069166693288015765,0.006993006993006993,,,,,,0.009843414493659176
Flower_rat,r0p5,0.5 m,diff_r0p5_RENDVI2_median,predefined_index,diff,median,RENDVI2,33,-0.5133265098610179,0.0022498774423162786,-0.532578081320364,0.0014197774854736126,0.532578081320364,0.005801782810179622,0.006993006993006993,,,,,,0.009163277638714667
Flower_rat,r0p5,0.5 m,ratio_r0p5_RENDVI2_median,predefined_index,ratio,median,RENDVI2,33,-0.5164710960218872,0.0020907020596952473,-0.5527260541319793,0.0008510480148297471,0.5527260541319793,0.005709797345436643,0.006993006993006993,,,,,,0.008834457357762558
Flower_rat,r0p5,0.5 m,rel_r0p5_RENDVI2_median,predefined_index,rel,median,RENDVI2,33,-0.5164710960218871,0.002090702059695258,-0.5527260541319793,0.0008510480148297471,0.5527260541319793,0.005709797345436643,0.006993006993006993,,,,,,0.008834457357762558
Flower_rat,r0p5,0.5 m,diff_r0p5_RVI_median,predefined_index,diff,median,RVI,33,-0.3698340528742407,0.034143200158181376,-0.3270687586418881,0.06318473421812286,0.3270687586418881,0.11106681976717535,0.006993006993006993,,,,,,0.1182574865105489
Flower_rat,r0p5,0.5 m,ratio_r0p5_RVI_median,predefined_index,ratio,median,RVI,33,-0.5486873272478067,0.0009454236942350641,-0.5193139992193839,0.0019553348630858493,0.5193139992193839,0.0069166693288015765,0.006993006993006993,,,,,,0.009820821432802766
Flower_rat,r0p5,0.5 m,rel_r0p5_RVI_median,predefined_index,rel,median,RVI,33,-0.5486873272478067,0.0009454236942350641,-0.5193139992193839,0.0019553348630858493,0.5193139992193839,0.0069166693288015765,0.006993006993006993,,,,,,0.009820821432802766
Flower_rat,r0p5,0.5 m,diff_r0p5_DVI_median,predefined_index,diff,median,DVI,33,-0.568380855178507,0.0005589198557551267,-0.593911125622708,0.00026869471960493146,0.593911125622708,0.005709797345436643,0.006993006993006993,-0.785828374534316,-0.3173939739507557,0.0085,0.042,0.1205,0.007115263207513085
Flower_rat,r0p5,0.5 m,ratio_r0p5_DVI_median,predefined_index,ratio,median,DVI,33,-0.5859196240924751,0.0003401484945039206,-0.5955404963566617,0.0002558868824985432,0.5955404963566617,0.005709797345436643,0.006993006993006993,-0.7840545763977168,-0.33174856506915495,0.0005,0.0195,0.0765,0.007093024941597355
Flower_rat,r0p5,0.5 m,rel_r0p5_DVI_median,predefined_index,rel,median,DVI,33,-0.585919624092475,0.0003401484945039206,-0.5955404963566617,0.0002558868824985432,0.5955404963566617,0.005709797345436643,0.006993006993006993,-0.7840545763977168,-0.33174856506915495,0.001,0.018,0.0725,0.007093024941597355
Flower_rat,r0p5,0.5 m,diff_r0p5_SAVI_median,predefined_index,diff,median,SAVI,33,-0.5252814001220624,0.0016958187827583742,-0.5379508740701281,0.0012424934302213738,0.5379508740701281,0.005709797345436643,0.006993006993006993,,,,,,0.009109788504997843
Flower_rat,r0p5,0.5 m,ratio_r0p5_SAVI_median,predefined_index,ratio,median,SAVI,33,-0.5271763387439862,0.0016199665513968468,-0.5473532613822153,0.00097855942317831,0.5473532613822153,0.005709797345436643,0.006993006993006993,,,,,,0.00893546976365527
Flower_rat,r0p5,0.5 m,rel_r0p5_SAVI_median,predefined_index,rel,median,SAVI,33,-0.5271763387439863,0.0016199665513968382,-0.5473532613822153,0.00097855942317831,0.5473532613822153,0.005709797345436643,0.006993006993006993,,,,,,0.00893546976365527
Flower_rat,r0p5,0.5 m,diff_r0p5_EVI_median,predefined_index,diff,median,EVI,33,-0.5356946274278237,0.0013144254882474786,-0.5433236668198922,0.0010849317046638647,0.5433236668198922,0.005709797345436643,0.006993006993006993,,,,,,0.009109788504997843
Flower_rat,r0p5,0.5 m,ratio_r0p5_EVI_median,predefined_index,ratio,median,EVI,33,-0.5394617302381906,0.0011962775332785907,-0.5518865552648287,0.0008699514976303985,0.5518865552648287,0.005709797345436643,0.006993006993006993,,,,,,0.008834457357762558
Flower_rat,r0p5,0.5 m,rel_r0p5_EVI_median,predefined_index,rel,median,EVI,33,-0.5394617302381906,0.0011962775332785907,-0.5518865552648287,0.0008699514976303985,0.5518865552648287,0.005709797345436643,0.006993006993006993,,,,,,0.008834457357762558
Flower_rat,r0p5,0.5 m,diff_r0p5_CI_RE1_median,predefined_index,diff,median,CI_RE1,33,-0.4623500550281604,0.006748458195690531,-0.3881842761704544,0.02559357801964116,0.3881842761704544,0.05286342475701796,0.006993006993006993,,,,,,0.05733207273067275
Flower_rat,r0p5,0.5 m,ratio_r0p5_CI_RE1_median,predefined_index,ratio,median,CI_RE1,33,-0.5545092377886267,0.0008120912046321082,-0.5418125688590211,0.001127364879540859,0.5418125688590211,0.005709797345436643,0.006993006993006993,,,,,,0.009109788504997843
Flower_rat,r0p5,0.5 m,rel_r0p5_CI_RE1_median,predefined_index,rel,median,CI_RE1,33,-0.5545092377886268,0.0008120912046321034,-0.5418125688590211,0.001127364879540859,0.5418125688590211,0.005709797345436643,0.006993006993006993,,,,,,0.009109788504997843
Flower_rat,r0p5,0.5 m,diff_r0p5_CI_RE2_median,predefined_index,diff,median,CI_RE2,33,-0.4358179095929307,0.011237688022963956,-0.3156515740486394,0.07354610264974899,0.3156515740486394,0.12166608898149894,0.006993006993006993,,,,,,0.13311059897617034
Flower_rat,r0p5,0.5 m,ratio_r0p5_CI_RE2_median,predefined_index,ratio,median,CI_RE2,33,-0.511165552621236,0.002365284202052028,-0.3861694788892929,0.02643619691746782,0.3861694788892929,0.053725174380660407,0.006993006993006993,,,,,,0.05872612315237494
Flower_rat,r0p5,0.5 m,rel_r0p5_CI_RE2_median,predefined_index,rel,median,CI_RE2,33,-0.511165552621236,0.002365284202052028,-0.3861694788892929,0.02643619691746782,0.3861694788892929,0.053725174380660407,0.006993006993006993,,,,,,0.05872612315237494
Flower_rat,r1,1.0 m,0418_r1_B1_mean,raw_band,0418,mean,B1,33,-0.03274565640503932,0.8564424711184379,-0.016286278022722357,0.9283222346517483,0.016286278022722357,0.9407662324352839,0.000999000999000999,,,,,,0.9486578805367811
Flower_rat,r1,1.0 m,0418_r1_B1_median,raw_band,0418,median,B1,33,-0.027977928886184004,0.8771730381903063,-0.019314930548538927,0.9150370334024778,0.019314930548538927,0.9373550098269284,0.000999000999000999,,,,,,0.9454369348444206
Flower_rat,r1,1.0 m,0418_r1_B1_std,raw_band,0418,std,B1,33,-0.19840553015475054,0.2683568407534649,-0.2085315186002182,0.24418486124128724,0.2085315186002182,0.3026291067187101,0.000999000999000999,,,,,,0.329702569519712
Flower_rat,r1,1.0 m,0418_r1_B1_min,raw_band,0418,min,B1,33,0.0433211854321235,0.8108126346814576,-0.008732247606294636,0.9615332812768894,0.008732247606294636,0.9666478200070856,0.000999000999000999,,,,,,0.9761812311548834
Flower_rat,r1,1.0 m,0418_r1_B1_max,raw_band,0418,max,B1,33,0.027080710167887483,0.8810836325684995,0.03484793936077266,0.8473305267804361,0.03484793936077266,0.8727273545585963,0.000999000999000999,,,,,,0.9004093183213518
Flower_rat,r1,1.0 m,0418_r1_B1_p25,raw_band,0418,p25,B1,33,0.016723703897774982,0.9264022055690757,-0.017464495212589273,0.9231515245657385,0.017464495212589273,0.9384089128670435,0.000999000999000999,,,,,,0.9456934987579655
Flower_rat,r1,1.0 m,0418_r1_B1_p75,raw_band,0418,p75,B1,33,-0.06831880015642966,0.7056008275490968,-0.017381984211276968,0.9235135332977253,0.017381984211276968,0.9384089128670435,0.000999000999000999,,,,,,0.9456934987579655
Flower_rat,r1,1.0 m,0418_r1_B1_valid_count,other,0418,unknown,0418_r1_B1_valid_count,33,-0.2186228989508432,0.22158650931871593,-0.1933566608068642,0.280973207506267,0.1933566608068642,0.3257910197465304,0.000999000999000999,,,,,,0.3640944480602043
Flower_rat,r1,1.0 m,0418_r1_B2_mean,raw_band,0418,mean,B2,33,-0.19915311186948678,0.2665207124140541,-0.0656488114111798,0.7166240078619608,0.0656488114111798,0.7652086863610768,0.000999000999000999,,,,,,0.7926617656611847
Flower_rat,r1,1.0 m,0418_r1_B2_median,raw_band,0418,median,B2,33,-0.1057528726116013,0.5580596303558755,0.005876983148655578,0.9741058839877839,0.005876983148655578,0.9766897192238257,0.000999000999000999,,,,,,0.9841286495091345
Flower_rat,r1,1.0 m,0418_r1_B2_std,raw_band,0418,std,B2,33,-0.35098282145729154,0.04520695063901301,-0.27653092683941977,0.11926826178008468,0.27653092683941977,0.1663594204903026,0.000999000999000999,,,,,,0.19318973652919966
Flower_rat,r1,1.0 m,0418_r1_B2_min,raw_band,0418,min,B2,33,-0.02937159810719336,0.8711043078351175,-0.017461576436733246,0.9231643301439205,0.017461576436733246,0.9384089128670435,0.000999000999000999,,,,,,0.9456934987579655
Flower_rat,r1,1.0 m,0418_r1_B2_max,raw_band,0418,max,B2,33,-0.4090147818225111,0.01810575055342633,-0.3614882121950642,0.038733645113907915,0.3614882121950642,0.07039095121662112,0.000999000999000999,,,,,,0.08004095435498579
Flower_rat,r1,1.0 m,0418_r1_B2_p25,raw_band,0418,p25,B2,33,-0.09194159079186404,0.6108369339183154,-0.04122628437202565,0.8198079572119352,0.04122628437202565,0.84668690662872,0.000999000999000999,,,,,,0.88374445300836
Flower_rat,r1,1.0 m,0418_r1_B2_p75,raw_band,0418,p75,B2,33,-0.21031368979635273,0.240086173322358,-0.061456452354512615,0.7340454292327785,0.061456452354512615,0.7750535537709226,0.000999000999000999,,,,,,0.8066718321250675
Flower_rat,r1,1.0 m,0418_r1_B2_valid_count,other,0418,unknown,0418_r1_B2_valid_count,33,-0.2186228989508432,0.22158650931871593,-0.1933566608068642,0.280973207506267,0.1933566608068642,0.3257910197465304,0.000999000999000999,,,,,,0.3640944480602043
Flower_rat,r1,1.0 m,0418_r1_B3_mean,raw_band,0418,mean,B3,33,0.09271296556748435,0.6078344945503734,0.14002841104072622,0.4370251314914049,0.14002841104072622,0.4901943611387271,0.000999000999000999,,,,,,0.5237565159685045
Flower_rat,r1,1.0 m,0418_r1_B3_median,raw_band,0418,median,B3,33,0.14423714808692836,0.42322928235147245,0.1376053625806642,0.44507791674616637,0.1376053625806642,0.4977498595563636,0.000999000999000999,,,,,,0.5313598161537725
Flower_rat,r1,1.0 m,0418_r1_B3_std,raw_band,0418,std,B3,33,-0.015192919116673836,0.9331231164851402,-0.17646266187506385,0.32592676117683683,0.17646266187506385,0.3744690447563657,0.000999000999000999,,,,,,0.41204562083738316
Flower_rat,r1,1.0 m,0418_r1_B3_min,raw_band,0418,min,B3,33,-0.046181195303306694,0.7985704588869998,-0.08119310995468187,0.6533036555235008,0.08119310995468187,0.713724802855154,0.000999000999000999,,,,,,0.7428704472399053
Flower_rat,r1,1.0 m,0418_r1_B3_max,raw_band,0418,max,B3,33,0.044794341276321314,0.8045011529807311,-0.011839902288840834,0.9478597548773828,0.011839902288840834,0.955442632916402,0.000999000999000999,,,,,,0.9633476593688433
Flower_rat,r1,1.0 m,0418_r1_B3_p25,raw_band,0418,p25,B3,33,0.1306824174224304,0.4685228175879697,0.1327802555237027,0.4613506046855279,0.1327802555237027,0.5144263379679338,0.000999000999000999,,,,,,0.5472855869950382
Flower_rat,r1,1.0 m,0418_r1_B3_p75,raw_band,0418,p75,B3,33,0.08398602145944756,0.6421588656212919,0.11051499392120534,0.5403649032385673,0.11051499392120534,0.5955041790792375,0.000999000999000999,,,,,,0.629021153738719
Flower_rat,r1,1.0 m,0418_r1_B3_valid_count,other,0418,unknown,0418_r1_B3_valid_count,33,-0.2186228989508432,0.22158650931871593,-0.1933566608068642,0.280973207506267,0.1933566608068642,0.3257910197465304,0.000999000999000999,,,,,,0.3640944480602043
Flower_rat,r1,1.0 m,0418_r1_B4_mean,raw_band,0418,mean,B4,33,-0.22588172550049748,0.2062406425374451,-0.10325836065952833,0.5674341481722234,0.10325836065952833,0.6235177558404082,0.000999000999000999,,,,,,0.6588874427438512
Flower_rat,r1,1.0 m,0418_r1_B4_median,raw_band,0418,median,B4,33,-0.20712077695539255,0.24746225300936897,-0.06363933180972754,0.7249575633822036,0.06363933180972754,0.771926644953445,0.000999000999000999,,,,,,0.8004561025273326
Flower_rat,r1,1.0 m,0418_r1_B4_std,raw_band,0418,std,B4,33,-0.3102638388115923,0.07887275110057579,-0.2634347445118698,0.13853335823244417,0.2634347445118698,0.18702003361379962,0.000999000999000999,,,,,,0.21381575389722154
Flower_rat,r1,1.0 m,0418_r1_B4_min,raw_band,0418,min,B4,33,-0.03927351146544647,0.8282133647002785,-0.014439380514990953,0.9364332219489949,0.014439380514990953,0.9464485505259895,0.000999000999000999,,,,,,0.9548548591020899
Flower_rat,r1,1.0 m,0418_r1_B4_max,raw_band,0418,max,B4,33,-0.389124063533715,0.025208165211246993,-0.31632317314235997,0.07290221594100463,0.31632317314235997,0.11827054774978434,0.000999000999000999,,,,,,0.1323302869123683
Flower_rat,r1,1.0 m,0418_r1_B4_p25,raw_band,0418,p25,B4,33,-0.13979199570621498,0.43780730679699664,-0.05658222364595292,0.7544647011356104,0.05658222364595292,0.7921879361923909,0.000999000999000999,,,,,,0.8266771182143564
Flower_rat,r1,1.0 m,0418_r1_B4_p75,raw_band,0418,p75,B4,33,-0.24093010360350944,0.17680217171913304,-0.07471539917640667,0.6794335577720363,0.07471539917640667,0.7340193883369966,0.000999000999000999,,,,,,0.7665124243851189
Flower_rat,r1,1.0 m,0418_r1_B4_valid_count,other,0418,unknown,0418_r1_B4_valid_count,33,-0.2186228989508432,0.22158650931871593,-0.1933566608068642,0.280973207506267,0.1933566608068642,0.3257910197465304,0.000999000999000999,,,,,,0.3640944480602043
Flower_rat,r1,1.0 m,0418_r1_B5_mean,raw_band,0418,mean,B5,33,-0.2806982125962727,0.11357794141666734,-0.2951678016901639,0.09539129074937762,0.2951678016901639,0.13975933295839046,0.000999000999000999,,,,,,0.16211306788555432
Flower_rat,r1,1.0 m,0418_r1_B5_median,raw_band,0418,median,B5,33,-0.2980286104858087,0.09207429891057027,-0.29046660803412033,0.10103863748053087,0.29046660803412033,0.14466895821076012,0.000999000999000999,,,,,,0.1697012579105946
Flower_rat,r1,1.0 m,0418_r1_B5_std,raw_band,0418,std,B5,33,-0.054042513364869496,0.7651701390525816,-0.05490322591165165,0.7615371566954706,0.05490322591165165,0.7973990172600772,0.000999000999000999,,,,,,0.8324711976530451
Flower_rat,r1,1.0 m,0418_r1_B5_min,raw_band,0418,min,B5,33,-0.04613680487280177,0.7987601193834308,-0.07219690257495477,0.6896944896039131,0.07219690257495477,0.7385397084143885,0.000999000999000999,,,,,,0.7729549054660072
Flower_rat,r1,1.0 m,0418_r1_B5_max,raw_band,0418,max,B5,33,-0.2841010605093059,0.10908420027111887,-0.29046660803412033,0.10103863748053087,0.29046660803412033,0.14466895821076012,0.000999000999000999,,,,,,0.1697012579105946
Flower_rat,r1,1.0 m,0418_r1_B5_p25,raw_band,0418,p25,B5,33,-0.2292958642972738,0.1992827959229593,-0.304570189002251,0.08482101641072774,0.304570189002251,0.1272315246160916,0.000999000999000999,,,,,,0.14819851743672094
Flower_rat,r1,1.0 m,0418_r1_B5_p75,raw_band,0418,p75,B5,33,-0.3819887518280532,0.028257386804823183,-0.3191774692906721,0.07021447962428815,0.3191774692906721,0.11539597086078661,0.000999000999000999,,,,,,0.12870355498911756
Flower_rat,r1,1.0 m,0418_r1_B5_valid_count,other,0418,unknown,0418_r1_B5_valid_count,33,-0.2186228989508432,0.22158650931871593,-0.1933566608068642,0.280973207506267,0.1933566608068642,0.3257910197465304,0.000999000999000999,,,,,,0.3640944480602043
Flower_rat,r1,1.0 m,0418_r1_B6_mean,raw_band,0418,mean,B6,33,-0.19908023366912428,0.2666993454773129,-0.27485192910511846,0.12161992706604155,0.27485192910511846,0.16901592805501361,0.000999000999000999,,,,,,0.19631728711525392
Flower_rat,r1,1.0 m,0418_r1_B6_median,raw_band,0418,median,B6,33,-0.21005823666429793,0.2406708237730837,-0.2990294964790568,0.09093485118029292,0.2990294964790568,0.13427099119590125,0.000999000999000999,,,,,,0.15599972050250424
Flower_rat,r1,1.0 m,0418_r1_B6_std,raw_band,0418,std,B6,33,0.0021413439191899503,0.9905638260175809,-0.0006715990937205095,0.9970404321913133,0.0006715990937205095,0.9970404321913132,0.000999000999000999,,,,,,0.9996300223148135
Flower_rat,r1,1.0 m,0418_r1_B6_min,raw_band,0418,min,B6,33,-0.043617268245398855,0.8095431663154833,-0.024681266694228723,0.8915550918698565,0.024681266694228723,0.9157821324097983,0.000999000999000999,,,,,,0.9418241789069869
Flower_rat,r1,1.0 m,0418_r1_B6_max,raw_band,0418,max,B6,33,-0.26065316718509685,0.14290290850243584,-0.2392571771379315,0.1799189658612932,0.2392571771379315,0.23532653666286793,0.000999000999000999,,,,,,0.26311033722348987
Flower_rat,r1,1.0 m,0418_r1_B6_p25,raw_band,0418,p25,B6,33,-0.1622211439111239,0.36708232069818825,-0.2686396374882038,0.13062120636333863,0.2686396374882038,0.17889426088892027,0.000999000999000999,,,,,,0.2037952935401253
Flower_rat,r1,1.0 m,0418_r1_B6_p75,raw_band,0418,p75,B6,33,-0.3209455080568058,0.0685887817208358,-0.2919777059949915,0.09919648865978996,0.2919777059949915,0.14366388012797168,0.000999000999000999,,,,,,0.16736044108423875
Flower_rat,r1,1.0 m,0418_r1_B6_valid_count,other,0418,unknown,0418_r1_B6_valid_count,33,-0.2186228989508432,0.22158650931871593,-0.1933566608068642,0.280973207506267,0.1933566608068642,0.3257910197465304,0.000999000999000999,,,,,,0.3640944480602043
Flower_rat,r1,1.0 m,0510_r1_B1_mean,raw_band,0510,mean,B1,33,0.20040753848109066,0.2634582311751267,0.2814000202688935,0.11263999038512812,0.2814000202688935,0.15887282225962102,0.000999000999000999,,,,,,0.18486035361358757
Flower_rat,r1,1.0 m,0510_r1_B1_median,raw_band,0510,median,B1,33,0.21492307200835553,0.22970009265849575,0.3030590910413799,0.08645615582727123,0.3030590910413799,0.12866309804215956,0.000999000999000999,,,,,,0.14979311678151172
Flower_rat,r1,1.0 m,0510_r1_B1_std,raw_band,0510,std,B1,33,0.3250274311973113,0.06494778919145369,0.32354286339985544,0.06625403255748787,0.32354286339985544,0.11032609826753487,0.000999000999000999,,,,,,0.12289266873983336
Flower_rat,r1,1.0 m,0510_r1_B1_min,raw_band,0510,min,B1,33,-0.16013923464390406,0.3733458712337601,-0.2241649286701485,0.20980201256950765,0.2241649286701485,0.2661247005076305,0.000999000999000999,,,,,,0.2919392658126035
Flower_rat,r1,1.0 m,0510_r1_B1_max,raw_band,0510,max,B1,33,0.1579380278462115,0.38003626359963333,0.14943079835281334,0.40654411840177906,0.14943079835281334,0.4587273933011119,0.000999000999000999,,,,,,0.4935662491462067
Flower_rat,r1,1.0 m,0510_r1_B1_p25,raw_band,0510,p25,B1,33,0.17531318823251224,0.32913838801023654,0.22112400160747775,0.2162135990853929,0.22112400160747775,0.2733402690778545,0.000999000999000999,,,,,,0.30041293811864717
Flower_rat,r1,1.0 m,0510_r1_B1_p75,raw_band,0510,p75,B1,33,0.244364951682974,0.17052305845304438,0.33613534640711495,0.05580374006031119,0.33613534640711495,0.09720651494376788,0.000999000999000999,,,,,,0.10813061158103912
Flower_rat,r1,1.0 m,0510_r1_B1_valid_count,other,0510,unknown,0510_r1_B1_valid_count,33,-0.2186228989508432,0.22158650931871593,-0.1933566608068642,0.280973207506267,0.1933566608068642,0.3257910197465304,0.000999000999000999,,,,,,0.3640944480602043
Flower_rat,r1,1.0 m,0510_r1_B2_mean,raw_band,0510,mean,B2,33,0.22196476844356314,0.21442764651011761,0.2694791363553544,0.1293769259602823,0.2694791363553544,0.17783446550176985,0.000999000999000999,,,,,,0.20236156231507693
Flower_rat,r1,1.0 m,0510_r1_B2_median,raw_band,0510,median,B2,33,0.27644094248045786,0.11939343166380845,0.33227365161822203,0.058859262020584814,0.33227365161822203,0.10067330789041204,0.000999000999000999,,,,,,0.11264757223631924
Flower_rat,r1,1.0 m,0510_r1_B2_std,raw_band,0510,std,B2,33,0.20593553024583797,0.2502383094909241,0.21743020659201492,0.22418041931559893,0.21743020659201492,0.2805966837791271,0.000999000999000999,,,,,,0.3094087739962334
Flower_rat,r1,1.0 m,0510_r1_B2_min,raw_band,0510,min,B2,33,-0.14057257697807876,0.43522767961917075,-0.1976180333272599,0.2702999159557615,0.1976180333272599,0.3257910197465304,0.000999000999000999,,,,,,0.35544724677480694
Flower_rat,r1,1.0 m,0510_r1_B2_max,raw_band,0510,max,B2,33,0.08011818789596271,0.6576128484806777,0.14674440197793132,0.4151273772850054,0.14674440197793132,0.46701829944563106,0.000999000999000999,,,,,,0.5023525849635668
Flower_rat,r1,1.0 m,0510_r1_B2_p25,raw_band,0510,p25,B2,33,0.24737158752264166,0.16515849836614105,0.2630989449650096,0.13905560570430398,0.2630989449650096,0.18705700696166158,0.000999000999000999,,,,,,0.21444442995391008
Flower_rat,r1,1.0 m,0510_r1_B2_p75,raw_band,0510,p75,B2,33,0.25979119196332967,0.14427716085741443,0.3252218611341567,0.06477822010906294,0.3252218611341567,0.10834587257179552,0.000999000999000999,,,,,,0.12075540332019125
Flower_rat,r1,1.0 m,0510_r1_B2_valid_count,other,0510,unknown,0510_r1_B2_valid_count,33,-0.2186228989508432,0.22158650931871593,-0.1933566608068642,0.280973207506267,0.1933566608068642,0.3257910197465304,0.000999000999000999,,,,,,0.3640944480602043
Flower_rat,r1,1.0 m,0510_r1_B3_mean,raw_band,0510,mean,B3,33,0.4834562967975205,0.004368862454284456,0.46558607172174316,0.006324182997715867,0.46558607172174316,0.016486490849217914,0.000999000999000999,,,,,,0.019345779465143948
Flower_rat,r1,1.0 m,0510_r1_B3_median,raw_band,0510,median,B3,33,0.4366130892850445,0.01107347357617868,0.44694919687099904,0.009116575674015812,0.44694919687099904,0.023127957079046826,0.000999000999000999,,,,,,0.02573605175145765
Flower_rat,r1,1.0 m,0510_r1_B3_std,raw_band,0510,std,B3,33,0.5334567212581172,0.0013893526372874931,0.6072934804967707,0.00017848959937528827,0.6072934804967707,0.0016867267140964742,0.000999000999000999,,,,,,0.006055665316987053
Flower_rat,r1,1.0 m,0510_r1_B3_min,raw_band,0510,min,B3,33,0.07197126513048792,0.6906164741506341,0.05835492390744974,0.747018737232146,0.05835492390744974,0.786554547837747,0.000999000999000999,,,,,,0.8194808722370279
Flower_rat,r1,1.0 m,0510_r1_B3_max,raw_band,0510,max,B3,33,0.5109454728172644,0.002377321506399969,0.6141773712074059,0.00014357942364640907,0.6141773712074059,0.0014436511795695183,0.000999000999000999,,,,,,0.005109634513373036
Flower_rat,r1,1.0 m,0510_r1_B3_p25,raw_band,0510,p25,B3,33,0.39584206114324594,0.022589866814813685,0.40295945623230567,0.020065162808124096,0.40295945623230567,0.04237224324844083,0.000999000999000999,,,,,,0.046627140473175045
Flower_rat,r1,1.0 m,0510_r1_B3_p75,raw_band,0510,p75,B3,33,0.49480074201042984,0.0034191269594946814,0.5461779629682043,0.0010085935425888245,0.5461779629682043,0.0044331204546346,0.000999000999000999,,,,,,0.00893546976365527
Flower_rat,r1,1.0 m,0510_r1_B3_valid_count,other,0510,unknown,0510_r1_B3_valid_count,33,-0.2186228989508432,0.22158650931871593,-0.1933566608068642,0.280973207506267,0.1933566608068642,0.3257910197465304,0.000999000999000999,,,,,,0.3640944480602043
Flower_rat,r1,1.0 m,0510_r1_B4_mean,raw_band,0510,mean,B4,33,0.20824484312771235,0.24484849947308812,0.1974501335538298,0.27071537592858186,0.1974501335538298,0.3257910197465304,0.000999000999000999,,,,,,0.35574288132586884
Flower_rat,r1,1.0 m,0510_r1_B4_median,raw_band,0510,median,B4,33,0.2995125791159461,0.09038876238974479,0.29651099987760493,0.09382276027893954,0.29651099987760493,0.1379961221223313,0.000999000999000999,,,,,,0.16003041195658244
Flower_rat,r1,1.0 m,0510_r1_B4_std,raw_band,0510,std,B4,33,0.26915889671118615,0.12985053924065385,0.24143987419252316,0.17586007775668575,0.24143987419252316,0.23162059021612266,0.000999000999000999,,,,,,0.25798341595438334
Flower_rat,r1,1.0 m,0510_r1_B4_min,raw_band,0510,min,B4,33,-0.20411639316991909,0.2545391216101818,-0.29063450780755046,0.1008326844658976,0.29063450780755046,0.14466895821076012,0.000999000999000999,,,,,,0.1697012579105946
Flower_rat,r1,1.0 m,0510_r1_B4_max,raw_band,0510,max,B4,33,-0.05412979897581317,0.7648014898368444,-0.0767301964575682,0.6712651654710817,0.0767301964575682,0.7312340995621581,0.000999000999000999,,,,,,0.7614472940845218
Flower_rat,r1,1.0 m,0510_r1_B4_p25,raw_band,0510,p25,B4,33,0.23514370059468062,0.18774724224050518,0.19812173264755029,0.2690560307119765,0.19812173264755029,0.3257910197465304,0.000999000999000999,,,,,,0.35406103900461783
Flower_rat,r1,1.0 m,0510_r1_B4_p75,raw_band,0510,p75,B4,33,0.2940662531156214,0.09669246374717545,0.31514787472834904,0.07403191173522472,0.31514787472834904,0.11911550495195408,0.000999000999000999,,,,,,0.13373044268918619
Flower_rat,r1,1.0 m,0510_r1_B4_valid_count,other,0510,unknown,0510_r1_B4_valid_count,33,-0.2186228989508432,0.22158650931871593,-0.1933566608068642,0.280973207506267,0.1933566608068642,0.3257910197465304,0.000999000999000999,,,,,,0.3640944480602043
Flower_rat,r1,1.0 m,0510_r1_B5_mean,raw_band,0510,mean,B5,33,-0.5294174462706378,0.0015340997725098032,-0.6138415716605456,0.00014512895455989866,0.6138415716605456,0.0014436511795695183,0.000999000999000999,,,,,,0.005109634513373036
Flower_rat,r1,1.0 m,0510_r1_B5_median,raw_band,0510,median,B5,33,-0.48953067912937764,0.0038354191889278374,-0.5095758123604366,0.0024534397221239535,0.5095758123604366,0.008667291728624807,0.000999000999000999,,,,,,0.010357734211500673
Flower_rat,r1,1.0 m,0510_r1_B5_std,raw_band,0510,std,B5,33,0.2103007017023822,0.2401158759318221,0.20064022924900218,0.2628927025061242,0.20064022924900218,0.32055948886230623,0.000999000999000999,,,,,,0.34742052611645025
Flower_rat,r1,1.0 m,0510_r1_B5_min,raw_band,0510,min,B5,33,-0.3501783055096269,0.045736392961851786,-0.40128045849800437,0.020638573094108992,0.40128045849800437,0.04310155043963093,0.000999000999000999,,,,,,0.04760392755699305
Flower_rat,r1,1.0 m,0510_r1_B5_max,raw_band,0510,max,B5,33,-0.37685573264881544,0.030632607397109136,-0.44891755565516256,0.008779312342254972,0.44891755565516256,0.022422838279543104,0.000999000999000999,,,,,,0.0249172237163563
Flower_rat,r1,1.0 m,0510_r1_B5_p25,raw_band,0510,p25,B5,33,-0.5358686402226746,0.0013087506763078587,-0.5476890609290755,0.0009701240218743066,0.5476890609290755,0.004314198591393975,0.000999000999000999,,,,,,0.00893546976365527
Flower_rat,r1,1.0 m,0510_r1_B5_p75,raw_band,0510,p75,B5,33,-0.4380986285314153,0.010772115040441226,-0.4872451424942296,0.0040291325990748205,0.4872451424942296,0.011806295522870405,0.000999000999000999,,,,,,0.014348017995942014
Flower_rat,r1,1.0 m,0510_r1_B5_valid_count,other,0510,unknown,0510_r1_B5_valid_count,33,-0.2186228989508432,0.22158650931871593,-0.1933566608068642,0.280973207506267,0.1933566608068642,0.3257910197465304,0.000999000999000999,,,,,,0.3640944480602043
Flower_rat,r1,1.0 m,0510_r1_B6_mean,raw_band,0510,mean,B6,33,-0.5871366822043311,0.0003282797415266844,-0.6413771345030865,5.7682642869039795e-05,0.6413771345030865,0.00081156692934414,0.000999000999000999,-0.803835326453149,-0.38656209400617114,0.033,0.153,0.262,0.0032809883324260688
Flower_rat,r1,1.0 m,0510_r1_B6_median,raw_band,0510,median,B6,33,-0.5737606381069961,0.0004813690680702618,-0.6284174123955286,9.003342135770521e-05,0.6284174123955286,0.001021603842965576,0.000999000999000999,,,,,,0.003946817331208623
Flower_rat,r1,1.0 m,0510_r1_B6_std,raw_band,0510,std,B6,33,0.19903928116023037,0.26679975925821825,0.1944279376320875,0.2782647932682904,0.1944279376320875,0.3257910197465304,0.000999000999000999,,,,,,0.3640944480602043
Flower_rat,r1,1.0 m,0510_r1_B6_min,raw_band,0510,min,B6,33,-0.3460004132403652,0.04856617271218808,-0.4196165968140083,0.015058762830983398,0.4196165968140083,0.03341016209444538,0.000999000999000999,,,,,,0.037585080847659776
Flower_rat,r1,1.0 m,0510_r1_B6_max,raw_band,0510,max,B6,33,-0.3525565323055031,0.04418551061536238,-0.4017841578182948,0.020465142140095004,0.4017841578182948,0.04297679849419951,0.000999000999000999,,,,,,0.047320886286762426
Flower_rat,r1,1.0 m,0510_r1_B6_p25,raw_band,0510,p25,B6,33,-0.6063262708312859,0.00018395817314182522,-0.6271056537615257,9.40789214444762e-05,0.6271056537615257,0.001021603842965576,0.000999000999000999,,,,,,0.003946817331208623
Flower_rat,r1,1.0 m,0510_r1_B6_p75,raw_band,0510,p75,B6,33,-0.5034889226418915,0.002817917109442308,-0.5515507557179684,0.000877615807437613,0.5515507557179684,0.004095540434708861,0.000999000999000999,,,,,,0.008834457357762558
Flower_rat,r1,1.0 m,0510_r1_B6_valid_count,other,0510,unknown,0510_r1_B6_valid_count,33,-0.2186228989508432,0.22158650931871593,-0.1933566608068642,0.280973207506267,0.1933566608068642,0.3257910197465304,0.000999000999000999,,,,,,0.3640944480602043
Flower_rat,r1,1.0 m,diff_r1_B1_mean,raw_band,diff,mean,B1,33,0.19406310517065667,0.27918526336493615,0.3148120751814888,0.0743571669520745,0.3148120751814888,0.11911550495195408,0.000999000999000999,,,,,,0.13418807885161607
Flower_rat,r1,1.0 m,ratio_r1_B1_mean,raw_band,ratio,mean,B1,33,0.17145405651675577,0.34006274367281564,0.28072842117517294,0.11353744825928534,0.28072842117517294,0.15895242756299946,0.000999000999000999,,,,,,0.18551740670037342
Flower_rat,r1,1.0 m,rel_r1_B1_mean,raw_band,rel,mean,B1,33,0.17145405651675566,0.34006274367281564,0.28072842117517294,0.11353744825928534,0.28072842117517294,0.15895242756299946,0.000999000999000999,,,,,,0.18551740670037342
Flower_rat,r1,1.0 m,diff_r1_B1_median,raw_band,diff,median,B1,33,0.206594883750416,0.24869144708267807,0.2821791480375914,0.1116055138952149,0.2821791480375914,0.15800331180670876,0.000999000999000999,,,,,,0.18397163332903801
Flower_rat,r1,1.0 m,ratio_r1_B1_median,raw_band,ratio,median,B1,33,0.1826399310551052,0.3090007963759741,0.26377054405873007,0.13801254844932934,0.26377054405873007,0.18698474306038168,0.000999000999000999,,,,,,0.21318825778679518
Flower_rat,r1,1.0 m,rel_r1_B1_median,raw_band,rel,median,B1,33,0.1826399310551054,0.3090007963759735,0.26377054405873007,0.13801254844932934,0.26377054405873007,0.18698474306038168,0.000999000999000999,,,,,,0.21318825778679518
Flower_rat,r1,1.0 m,diff_r1_B1_p25,raw_band,diff,p25,B1,33,0.15813202123085088,0.3794438377462843,0.2191092043263162,0.2205347656210897,0.2191092043263162,0.277862202319482,0.000999000999000999,,,,,,0.30528032095619684
Flower_rat,r1,1.0 m,ratio_r1_B1_p25,raw_band,ratio,p25,B1,33,0.13296186944429136,0.4607324479152957,0.20147972811615283,0.26085902089998253,0.20147972811615283,0.319109093528134,0.000999000999000999,,,,,,0.3465426189086451
Flower_rat,r1,1.0 m,rel_r1_B1_p25,raw_band,rel,p25,B1,33,0.1329618694442914,0.4607324479152957,0.20147972811615283,0.26085902089998253,0.20147972811615283,0.319109093528134,0.000999000999000999,,,,,,0.3465426189086451
Flower_rat,r1,1.0 m,diff_r1_B1_p75,raw_band,diff,p75,B1,33,0.24503091415538575,0.16932425943613424,0.3352399101797389,0.056500807808760566,0.3352399101797389,0.09796929060418115,0.000999000999000999,,,,,,0.1090847584504612
Flower_rat,r1,1.0 m,ratio_r1_B1_p75,raw_band,ratio,p75,B1,33,0.22528967259869057,0.20746406641598578,0.3312662529776413,0.059677674944479994,0.3312662529776413,0.1011576732242755,0.000999000999000999,,,,,,0.11316924943739803
Flower_rat,r1,1.0 m,rel_r1_B1_p75,raw_band,rel,p75,B1,33,0.22528967259869048,0.20746406641598578,0.3312662529776413,0.059677674944479994,0.3312662529776413,0.1011576732242755,0.000999000999000999,,,,,,0.11316924943739803
Flower_rat,r1,1.0 m,diff_r1_B2_mean,raw_band,diff,mean,B2,33,0.23769436149107132,0.1828654949549736,0.30507388832254145,0.08428128672013252,0.30507388832254145,0.12692560310840673,0.000999000999000999,,,,,,0.14767031081668291
Flower_rat,r1,1.0 m,ratio_r1_B2_mean,raw_band,ratio,mean,B2,33,0.22808806341414806,0.2017253408050836,0.3173305717829407,0.07194461668416854,0.3173305717829407,0.11722010821817117,0.000999000999000999,,,,,,0.13097429730015464
Flower_rat,r1,1.0 m,rel_r1_B2_mean,raw_band,rel,mean,B2,33,0.22808806341414822,0.20172534080508317,0.3173305717829407,0.07194461668416854,0.3173305717829407,0.11722010821817117,0.000999000999000999,,,,,,0.13097429730015464
Flower_rat,r1,1.0 m,diff_r1_B2_median,raw_band,diff,median,B2,33,0.2744103445178898,0.12224411152697937,0.32136016634526376,0.06821179747351623,0.32136016634526376,0.1125941460479875,0.000999000999000999,,,,,,0.12552585215540563
Flower_rat,r1,1.0 m,ratio_r1_B2_median,raw_band,ratio,median,B2,33,0.2505023875303414,0.15970187663575683,0.29399250327615306,0.09678005814183924,0.29399250327615306,0.14070331529852012,0.000999000999000999,,,,,,0.16417417135697454
Flower_rat,r1,1.0 m,rel_r1_B2_median,raw_band,rel,median,B2,33,0.2505023875303415,0.15970187663575647,0.29399250327615306,0.09678005814183924,0.29399250327615306,0.14070331529852012,0.000999000999000999,,,,,,0.16417417135697454
Flower_rat,r1,1.0 m,diff_r1_B2_p25,raw_band,diff,p25,B2,33,0.24298571619013148,0.1730250160713889,0.2664569404336121,0.13389760267455414,0.2664569404336121,0.18271947224181034,0.000999000999000999,,,,,,0.20803740765255457
Flower_rat,r1,1.0 m,ratio_r1_B2_p25,raw_band,ratio,p25,B2,33,0.22032839658911124,0.2179129682449036,0.28845181075295884,0.10353498444802926,0.28845181075295884,0.14712866211035738,0.000999000999000999,,,,,,0.17295996506716438
Flower_rat,r1,1.0 m,rel_r1_B2_p25,raw_band,rel,p25,B2,33,0.2203283965891113,0.2179129682449036,0.28845181075295884,0.10353498444802926,0.28845181075295884,0.14712866211035738,0.000999000999000999,,,,,,0.17295996506716438
Flower_rat,r1,1.0 m,diff_r1_B2_p75,raw_band,diff,p75,B2,33,0.2789513478427902,0.11593796669842948,0.3492315287346649,0.04636580213722128,0.3492315287346649,0.08267110003712096,0.000999000999000999,,,,,,0.09223729934760651
Flower_rat,r1,1.0 m,ratio_r1_B2_p75,raw_band,ratio,p75,B2,33,0.2692624620652573,0.12969723317651977,0.3366390457274054,0.05541462926190069,0.3366390457274054,0.0969756012083262,0.000999000999000999,,,,,,0.10748825176996536
Flower_rat,r1,1.0 m,rel_r1_B2_p75,raw_band,rel,p75,B2,33,0.2692624620652573,0.12969723317651977,0.3366390457274054,0.05541462926190069,0.3366390457274054,0.0969756012083262,0.000999000999000999,,,,,,0.10748825176996536
Flower_rat,r1,1.0 m,diff_r1_B3_mean,raw_band,diff,mean,B3,33,0.4693555976468326,0.005858912963624469,0.4585342812376778,0.007279754493455513,0.4585342812376778,0.018719368697457033,0.000999000999000999,,,,,,0.021630608096796157
Flower_rat,r1,1.0 m,ratio_r1_B3_mean,raw_band,ratio,mean,B3,33,0.4181023990166729,0.01546568040428789,0.4669292699091842,0.006154895344582734,0.4669292699091842,0.01637750124060555,0.000999000999000999,,,,,,0.019141724521652304
Flower_rat,r1,1.0 m,rel_r1_B3_mean,raw_band,rel,mean,B3,33,0.41810239901667295,0.01546568040428783,0.4669292699091842,0.006154895344582734,0.4669292699091842,0.01637750124060555,0.000999000999000999,,,,,,0.019141724521652304
Flower_rat,r1,1.0 m,diff_r1_B3_median,raw_band,diff,median,B3,33,0.42134168171532405,0.0146061303048244,0.43313365805591614,0.011807276470310255,0.43313365805591614,0.027894690661107974,0.000999000999000999,,,,,,0.030944350974155807
Flower_rat,r1,1.0 m,ratio_r1_B3_median,raw_band,ratio,median,B3,33,0.37177042696726414,0.03314397225259899,0.40665325124776847,0.018850061345861337,0.40665325124776847,0.0400299055546943,0.000999000999000999,,,,,,0.044808256675946796
Flower_rat,r1,1.0 m,rel_r1_B3_median,raw_band,rel,median,B3,33,0.371770426967264,0.03314397225259911,0.40665325124776847,0.018850061345861337,0.40665325124776847,0.0400299055546943,0.000999000999000999,,,,,,0.044808256675946796
Flower_rat,r1,1.0 m,diff_r1_B3_p25,raw_band,diff,p25,B3,33,0.3770376044204808,0.030545751668230002,0.39036697322504615,0.024705784279597524,0.39036697322504615,0.05103161998736538,0.000999000999000999,,,,,,0.05561036606239925
Flower_rat,r1,1.0 m,ratio_r1_B3_p25,raw_band,ratio,p25,B3,33,0.32136811563087075,0.06820458627598007,0.3682042031322693,0.03500309384316865,0.3682042031322693,0.06582671379461567,0.000999000999000999,,,,,,0.07330614266145084
Flower_rat,r1,1.0 m,rel_r1_B3_p25,raw_band,rel,p25,B3,33,0.32136811563087075,0.06820458627598007,0.3682042031322693,0.03500309384316865,0.3682042031322693,0.06582671379461567,0.000999000999000999,,,,,,0.07330614266145084
Flower_rat,r1,1.0 m,diff_r1_B3_p75,raw_band,diff,p75,B3,33,0.48448710439633524,0.004274077469883296,0.5147807053367706,0.0021750028517940135,0.5147807053367706,0.007982049300758612,0.000999000999000999,,,,,,0.009952441573002678
Flower_rat,r1,1.0 m,ratio_r1_B3_p75,raw_band,ratio,p75,B3,33,0.44269498929716244,0.009883195051805887,0.49110683728312254,0.003706561527627465,0.49110683728312254,0.011390896401977088,0.000999000999000999,,,,,,0.0138328876211057
Flower_rat,r1,1.0 m,rel_r1_B3_p75,raw_band,rel,p75,B3,33,0.4426949892971624,0.009883195051805887,0.49110683728312254,0.003706561527627465,0.49110683728312254,0.011390896401977088,0.000999000999000999,,,,,,0.0138328876211057
Flower_rat,r1,1.0 m,diff_r1_B4_mean,raw_band,diff,mean,B4,33,0.23935362989916653,0.17973821948880617,0.23724237985677,0.18372396187042334,0.23724237985677,0.23824819895235652,0.000999000999000999,,,,,,0.26658546877932343
Flower_rat,r1,1.0 m,ratio_r1_B4_mean,raw_band,ratio,mean,B4,33,0.2354365688915688,0.18718211832526926,0.24546946875484624,0.16853810566009408,0.24546946875484624,0.2235347506649669,0.000999000999000999,,,,,,0.24920135115826905
Flower_rat,r1,1.0 m,rel_r1_B4_mean,raw_band,rel,mean,B4,33,0.23543656889156878,0.18718211832526926,0.24546946875484624,0.16853810566009408,0.24546946875484624,0.2235347506649669,0.000999000999000999,,,,,,0.24920135115826905
Flower_rat,r1,1.0 m,diff_r1_B4_median,raw_band,diff,median,B4,33,0.31392018557949397,0.07522643992176561,0.3102787812988754,0.0788575765751065,0.3102787812988754,0.12499022887777163,0.000999000999000999,,,,,,0.14067709167222633
Flower_rat,r1,1.0 m,ratio_r1_B4_median,raw_band,ratio,median,B4,33,0.300837713544114,0.08890366993536385,0.3065849862834126,0.08267793977159543,0.3065849862834126,0.1266212342466598,0.000999000999000999,,,,,,0.14568180888932677
Flower_rat,r1,1.0 m,rel_r1_B4_median,raw_band,rel,median,B4,33,0.30083771354411376,0.0889036699353641,0.3065849862834126,0.08267793977159543,0.3065849862834126,0.1266212342466598,0.000999000999000999,,,,,,0.14568180888932677
Flower_rat,r1,1.0 m,diff_r1_B4_p25,raw_band,diff,p25,B4,33,0.2404365610045623,0.17771767551145984,0.23306436029525554,0.1917940130870725,0.23306436029525554,0.24539561954917416,0.000999000999000999,,,,,,0.2748752906455279
Flower_rat,r1,1.0 m,ratio_r1_B4_p25,raw_band,ratio,p25,B4,33,0.2236554940701058,0.21086689040562687,0.23589918166932894,0.18629188686043346,0.23589918166932894,0.2395181402491287,0.000999000999000999,,,,,,0.2692646482428883
Flower_rat,r1,1.0 m,rel_r1_B4_p25,raw_band,rel,p25,B4,33,0.2236554940701059,0.21086689040562687,0.23589918166932894,0.18629188686043346,0.23589918166932894,0.2395181402491287,0.000999000999000999,,,,,,0.2692646482428883
Flower_rat,r1,1.0 m,diff_r1_B4_p75,raw_band,diff,p75,B4,33,0.32805008990364076,0.06235066839495381,0.3582981164998918,0.04061478707910235,0.3582981164998918,0.07345640916698894,0.000999000999000999,,,,,,0.08346607124405835
Flower_rat,r1,1.0 m,ratio_r1_B4_p75,raw_band,ratio,p75,B4,33,0.3223926847196998,0.06728012363134661,0.3294193554699099,0.06120137713048998,0.3294193554699099,0.10281831357922318,0.000999000999000999,,,,,,0.11570594703697498
Flower_rat,r1,1.0 m,rel_r1_B4_p75,raw_band,rel,p75,B4,33,0.3223926847197006,0.06728012363134582,0.3294193554699099,0.06120137713048998,0.3294193554699099,0.10281831357922318,0.000999000999000999,,,,,,0.11570594703697498
Flower_rat,r1,1.0 m,diff_r1_B5_mean,raw_band,diff,mean,B5,33,-0.41025077386466235,0.01772604374621563,-0.4414085043478048,0.010125500942955907,0.4414085043478048,0.024693157138305374,0.000999000999000999,,,,,,0.027867529143887494
Flower_rat,r1,1.0 m,ratio_r1_B5_mean,raw_band,ratio,mean,B5,33,-0.39877818775123386,0.021518290985291413,-0.4368752104651914,0.011019788181771045,0.4368752104651914,0.026197986998172672,0.000999000999000999,,,,,,0.029167269144942935
Flower_rat,r1,1.0 m,rel_r1_B5_mean,raw_band,rel,mean,B5,33,-0.3987781877512335,0.021518290985291493,-0.4368752104651914,0.011019788181771045,0.4368752104651914,0.026197986998172672,0.000999000999000999,,,,,,0.029167269144942935
Flower_rat,r1,1.0 m,diff_r1_B5_median,raw_band,diff,median,B5,33,-0.3666581120046513,0.035834955821144474,-0.3823077841004,0.028114885753811956,0.3823077841004,0.05622977150762391,0.000999000999000999,,,,,,0.06208565303741196
Flower_rat,r1,1.0 m,ratio_r1_B5_median,raw_band,ratio,median,B5,33,-0.35843624233064586,0.04053184050398013,-0.3767670915772058,0.030675012333197242,0.3767670915772058,0.05976883846365236,0.000999000999000999,,,,,,0.06663512574359261
Flower_rat,r1,1.0 m,rel_r1_B5_median,raw_band,rel,median,B5,33,-0.3584362423306459,0.04053184050398013,-0.3767670915772058,0.030675012333197242,0.3767670915772058,0.05976883846365236,0.000999000999000999,,,,,,0.06663512574359261
Flower_rat,r1,1.0 m,diff_r1_B5_p25,raw_band,diff,p25,B5,33,-0.3833613257590972,0.027648479029007043,-0.39238177050620765,0.023908934089794213,0.39238177050620765,0.04965701695572644,0.000999000999000999,,,,,,0.05388172827482609
Flower_rat,r1,1.0 m,ratio_r1_B5_p25,raw_band,ratio,p25,B5,33,-0.3706089333343162,0.03374044148438173,-0.3804608865926686,0.02894805522141377,0.3804608865926686,0.05699148371715836,0.000999000999000999,,,,,,0.06340031812577242
Flower_rat,r1,1.0 m,rel_r1_B5_p25,raw_band,rel,p25,B5,33,-0.37060893333431627,0.03374044148438173,-0.3804608865926686,0.02894805522141377,0.3804608865926686,0.05699148371715836,0.000999000999000999,,,,,,0.06340031812577242
Flower_rat,r1,1.0 m,diff_r1_B5_p75,raw_band,diff,p75,B5,33,-0.3008429519071254,0.08889783655945875,-0.35191792510954695,0.04459775266852438,0.35191792510954695,0.08027595480334389,0.000999000999000999,,,,,,0.08919550533704876
Flower_rat,r1,1.0 m,ratio_r1_B5_p75,raw_band,ratio,p75,B5,33,-0.2862912385474774,0.10626342358317521,-0.3631672099293655,0.037772205626970506,0.3631672099293655,0.06897533201446787,0.000999000999000999,,,,,,0.07814072694005207
Flower_rat,r1,1.0 m,rel_r1_B5_p75,raw_band,rel,p75,B5,33,-0.2862912385474784,0.1062634235831738,-0.3631672099293655,0.037772205626970506,0.3631672099293655,0.06897533201446787,0.000999000999000999,,,,,,0.07814072694005207
Flower_rat,r1,1.0 m,diff_r1_B6_mean,raw_band,diff,mean,B6,33,-0.5091064816840214,0.002480005445218945,-0.524686791969148,0.001720251266369822,0.524686791969148,0.006703659574100956,0.000999000999000999,,,,,,0.009413457076381488
Flower_rat,r1,1.0 m,ratio_r1_B6_mean,raw_band,ratio,mean,B6,33,-0.5273556601376708,0.0016129445882639344,-0.5369434754295473,0.0012741723456578223,0.5369434754295473,0.00545716569912957,0.000999000999000999,,,,,,0.009109788504997843
Flower_rat,r1,1.0 m,rel_r1_B6_mean,raw_band,rel,mean,B6,33,-0.5273556601376709,0.0016129445882639344,-0.5369434754295473,0.0012741723456578223,0.5369434754295473,0.00545716569912957,0.000999000999000999,,,,,,0.009109788504997843
Flower_rat,r1,1.0 m,diff_r1_B6_median,raw_band,diff,median,B6,33,-0.496378158671313,0.0033023844339427053,-0.48036125178359435,0.004664415052287549,0.48036125178359435,0.013148758441173579,0.000999000999000999,,,,,,0.01588284395541709
Flower_rat,r1,1.0 m,ratio_r1_B6_median,raw_band,ratio,median,B6,33,-0.5116743483006919,0.0023376582733609344,-0.5025240218763712,0.0028798077651097194,0.5025240218763712,0.009384201165616154,0.000999000999000999,,,,,,0.011313097451988918
Flower_rat,r1,1.0 m,rel_r1_B6_median,raw_band,rel,median,B6,33,-0.5116743483006918,0.002337658273360946,-0.5025240218763712,0.0028798077651097194,0.5025240218763712,0.009384201165616154,0.000999000999000999,,,,,,0.011313097451988918
Flower_rat,r1,1.0 m,diff_r1_B6_p25,raw_band,diff,p25,B6,33,-0.4680579075573299,0.006015661584036329,-0.5020203225560808,0.002912581795687052,0.5020203225560808,0.00940987964760432,0.000999000999000999,,,,,,0.011393873439731736
Flower_rat,r1,1.0 m,ratio_r1_B6_p25,raw_band,ratio,p25,B6,33,-0.49484149241777936,0.0034160667575555675,-0.5087363134932859,0.002501134237167482,0.5087363134932859,0.008673658180268882,0.000999000999000999,,,,,,0.010440976479987745
Flower_rat,r1,1.0 m,rel_r1_B6_p25,raw_band,rel,p25,B6,33,-0.49484149241777936,0.0034160667575555675,-0.5087363134932859,0.002501134237167482,0.5087363134932859,0.008673658180268882,0.000999000999000999,,,,,,0.010440976479987745
Flower_rat,r1,1.0 m,diff_r1_B6_p75,raw_band,diff,p75,B6,33,-0.43367131857031715,0.011691278842224716,-0.49782282822032764,0.003198508376265914,0.49782282822032764,0.010075301385237628,0.000999000999000999,,,,,,0.012230361946951221
Flower_rat,r1,1.0 m,ratio_r1_B6_p75,raw_band,ratio,p75,B6,33,-0.43999294404562406,0.0103979066229775,-0.5097437121338667,0.0024439962803159865,0.5097437121338667,0.008667291728624807,0.000999000999000999,,,,,,0.010357734211500673
Flower_rat,r1,1.0 m,rel_r1_B6_p75,raw_band,rel,p75,B6,33,-0.4399929440456241,0.0103979066229775,-0.5097437121338667,0.0024439962803159865,0.5097437121338667,0.008667291728624807,0.000999000999000999,,,,,,0.010357734211500673
Flower_rat,r1,1.0 m,0418_r1_ND_B1_B2_mean,pairwise_nd,0418,mean,ND_B1_B2,33,0.3126826607429984,0.07644562024226377,0.23707448008333987,0.18404358225949233,0.23707448008333987,0.23824819895235652,0.000999000999000999,,,,,,0.26684174397530125
Flower_rat,r1,1.0 m,0510_r1_ND_B1_B2_mean,pairwise_nd,0510,mean,ND_B1_B2,33,-0.2091787984203461,0.242690862752599,-0.18183545462482792,0.31117322167940215,0.18183545462482792,0.3586081640085793,0.000999000999000999,,,,,,0.3966183276323528
Flower_rat,r1,1.0 m,diff_r1_ND_B1_B2_mean,pairwise_nd,diff,mean,ND_B1_B2,33,-0.38039576343046155,0.02897779811207518,-0.31011088152544525,0.07902821349679211,0.31011088152544525,0.12499022887777163,0.000999000999000999,,,,,,0.1408468446848272
Flower_rat,r1,1.0 m,0418_r1_ND_B1_B3_mean,pairwise_nd,0418,mean,ND_B1_B3,33,-0.17983939755612266,0.31660466148628685,-0.2993652960259171,0.09055498847824744,0.2993652960259171,0.1342344535089315,0.000999000999000999,,,,,,0.1557378880188108
Flower_rat,r1,1.0 m,0510_r1_ND_B1_B3_mean,pairwise_nd,0510,mean,ND_B1_B3,33,-0.6032546278545564,0.00020233062729619412,-0.6398660365422154,6.082007152836878e-05,0.6398660365422154,0.00081156692934414,0.000999000999000999,-0.8169614600520548,-0.3422971476866468,0.0065,0.0645,0.1505,0.003319511172677913
Flower_rat,r1,1.0 m,diff_r1_ND_B1_B3_mean,pairwise_nd,diff,mean,ND_B1_B3,33,-0.5771960823473691,0.0004369832150797462,-0.5690123321547016,0.0005492783015570127,0.5690123321547016,0.0029162956157262453,0.000999000999000999,,,,,,0.007967730094483367
Flower_rat,r1,1.0 m,0418_r1_ND_B1_B4_mean,pairwise_nd,0418,mean,ND_B1_B4,33,0.28091470364079657,0.11328798429365071,0.25184966014519106,0.15739407381813084,0.25184966014519106,0.21022954029418184,0.000999000999000999,,,,,,0.23916721640442357
Flower_rat,r1,1.0 m,0510_r1_ND_B1_B4_mean,pairwise_nd,0510,mean,ND_B1_B4,33,0.11149251041793304,0.5367660264650309,0.06296241503629776,0.7277718630934067,0.06296241503629776,0.7727465287901902,0.000999000999000999,,,,,,0.8021395726711735
Flower_rat,r1,1.0 m,diff_r1_ND_B1_B4_mean,pairwise_nd,diff,mean,ND_B1_B4,33,-0.04651669081951934,0.7971374024190786,-0.06212291616914713,0.7312669526957526,0.06212291616914713,0.7742826557955027,0.000999000999000999,,,,,,0.8050407868615188
Flower_rat,r1,1.0 m,0418_r1_ND_B1_B5_mean,pairwise_nd,0418,mean,ND_B1_B5,33,0.19253697098386768,0.28305700564110886,0.2718297331833762,0.12593950690693237,0.2718297331833762,0.1737413635431403,0.000999000999000999,,,,,,0.19848236477055387
Flower_rat,r1,1.0 m,0510_r1_ND_B1_B5_mean,pairwise_nd,0510,mean,ND_B1_B5,33,0.4925674492376913,0.0035905053996494072,0.5105832110010173,0.002397251516334259,0.5105832110010173,0.008667291728624807,0.000999000999000999,,,,,,0.010357734211500673
Flower_rat,r1,1.0 m,diff_r1_ND_B1_B5_mean,pairwise_nd,diff,mean,ND_B1_B5,33,0.4627913681691004,0.006689203773532861,0.49328953433771416,0.0035342998222349527,0.49328953433771416,0.011041035808304234,0.000999000999000999,,,,,,0.01332323932987964
Flower_rat,r1,1.0 m,0418_r1_ND_B1_B6_mean,pairwise_nd,0418,mean,ND_B1_B6,33,0.11560389497055057,0.5217559970767173,0.21877340477945595,0.2212606425877357,0.21877340477945595,0.277862202319482,0.000999000999000999,,,,,,0.3060580867818494
Flower_rat,r1,1.0 m,0510_r1_ND_B1_B6_mean,pairwise_nd,0510,mean,ND_B1_B6,33,0.49204526340741916,0.003631630931885159,0.5031956209700917,0.0028366068229398185,0.5031956209700917,0.009384201165616154,0.000999000999000999,,,,,,0.011285945269948191
Flower_rat,r1,1.0 m,diff_r1_ND_B1_B6_mean,pairwise_nd,diff,mean,ND_B1_B6,33,0.47603474526338385,0.0051062924446241414,0.48539824498649825,0.0041917765075417225,0.48539824498649825,0.012188396306544393,0.000999000999000999,,,,,,0.014702734892994087
Flower_rat,r1,1.0 m,0418_r1_ND_B2_B3_mean,pairwise_nd,0418,mean,ND_B2_B3,33,-0.372949635704748,0.032547207539769654,-0.4210926317627594,0.014670764018069559,0.4210926317627594,0.03300921904065651,0.000999000999000999,,,,,,0.036844745165165275
Flower_rat,r1,1.0 m,0510_r1_ND_B2_B3_mean,pairwise_nd,0510,mean,ND_B2_B3,33,-0.6419658447604747,5.6500263703015625e-05,-0.7416132992408726,7.894312716313138e-07,0.7416132992408726,0.00029840502067663663,0.000999000999000999,-0.8508366571680225,-0.531089201653564,0.381,0.607,0.7135,0.0014730787528640316
Flower_rat,r1,1.0 m,diff_r1_ND_B2_B3_mean,pairwise_nd,diff,mean,ND_B2_B3,33,-0.555512799820577,0.0007908650495177219,-0.5747209244513259,0.0004685770389937353,0.5747209244513259,0.0029162956157262453,0.000999000999000999,,,,,,0.007967730094483367
Flower_rat,r1,1.0 m,0418_r1_ND_B2_B4_mean,pairwise_nd,0418,mean,ND_B2_B4,33,0.022351929243301878,0.9017378446092458,0.0441576404121235,0.8072275263104678,0.0441576404121235,0.8359780957407036,0.000999000999000999,,,,,,0.8727036871931245
Flower_rat,r1,1.0 m,0510_r1_ND_B2_B4_mean,pairwise_nd,0510,mean,ND_B2_B4,33,0.2482561427630211,0.16360348605640332,0.38197198455353976,0.02826489251365545,0.38197198455353976,0.056232259842956635,0.000999000999000999,,,,,,0.062343131714516636
Flower_rat,r1,1.0 m,diff_r1_ND_B2_B4_mean,pairwise_nd,diff,mean,ND_B2_B4,33,0.2429169812261549,0.17315038118296705,0.4278086226999645,0.013009431995008931,0.4278086226999645,0.030543883814368795,0.000999000999000999,,,,,,0.03352983439597606
Flower_rat,r1,1.0 m,0418_r1_ND_B2_B5_mean,pairwise_nd,0418,mean,ND_B2_B5,33,0.05872042042386745,0.7454862859910341,0.2397608764582219,0.17897647949261383,0.2397608764582219,0.23490662933405565,0.000999000999000999,,,,,,0.2619373417515431
Flower_rat,r1,1.0 m,0510_r1_ND_B2_B5_mean,pairwise_nd,0510,mean,ND_B2_B5,33,0.4684362988873333,0.005969589092507774,0.4892599397753912,0.00385793798895923,0.4892599397753912,0.011482681573437709,0.000999000999000999,,,,,,0.014087890973381454
Flower_rat,r1,1.0 m,diff_r1_ND_B2_B5_mean,pairwise_nd,diff,mean,ND_B2_B5,33,0.4563755674043527,0.007595823644867305,0.48993153886911167,0.003802285971636702,0.48993153886911167,0.011482681573437709,0.000999000999000999,,,,,,0.014021868820304517
Flower_rat,r1,1.0 m,0418_r1_ND_B2_B6_mean,pairwise_nd,0418,mean,ND_B2_B6,33,-0.003392908750255344,0.9850491062178732,0.17461576436733245,0.3310964569856303,0.17461576436733245,0.37811015329476816,0.000999000999000999,,,,,,0.4133334641456917
Flower_rat,r1,1.0 m,0510_r1_ND_B2_B6_mean,pairwise_nd,0510,mean,ND_B2_B6,33,0.46845621191611525,0.005967172895092246,0.48942783954882124,0.0038439594928859015,0.48942783954882124,0.011482681573437709,0.000999000999000999,,,,,,0.014064369438676652
Flower_rat,r1,1.0 m,diff_r1_ND_B2_B6_mean,pairwise_nd,diff,mean,ND_B2_B6,33,0.46471457684400297,0.006436136874336473,0.47968965268987385,0.004730770232803192,0.47968965268987385,0.013148758441173579,0.000999000999000999,,,,,,0.015932065556218043
Flower_rat,r1,1.0 m,0418_r1_ND_B3_B4_mean,pairwise_nd,0418,mean,ND_B3_B4,33,0.3535866613779606,0.04352697533562208,0.3896953741313256,0.024976209335242684,0.3896953741313256,0.05103247096606343,0.000999000999000999,,,,,,0.056083762478414984
Flower_rat,r1,1.0 m,0510_r1_ND_B3_B4_mean,pairwise_nd,0510,mean,ND_B3_B4,33,0.6294992437749225,8.681517517629669e-05,0.6668979000644659,2.2545441898918057e-05,0.6668979000644659,0.0006433263783491988,0.000999000999000999,0.35564182196362576,0.8489610431723059,0.026,0.0995,0.2385,0.0028414925332767038
Flower_rat,r1,1.0 m,diff_r1_ND_B3_B4_mean,pairwise_nd,diff,mean,ND_B3_B4,33,0.5839050051067242,0.00036063453713810166,0.651115321362034,4.0719566642264016e-05,0.651115321362034,0.0007695998095387899,0.000999000999000999,0.3306039725894021,0.8442870554140178,0.022,0.125,0.2335,0.003039308454178586
Flower_rat,r1,1.0 m,0418_r1_ND_B3_B5_mean,pairwise_nd,0418,mean,ND_B3_B5,33,0.2739872801981241,0.12284434648144296,0.3754238933897648,0.03132346775488572,0.3754238933897648,0.060409544955851026,0.000999000999000999,,,,,,0.06749375384597778
Flower_rat,r1,1.0 m,0510_r1_ND_B3_B5_mean,pairwise_nd,0510,mean,ND_B3_B5,33,0.5931243545921667,0.0002750810679012931,0.6726064923610902,1.8048353614398025e-05,0.6726064923610902,0.0006433263783491988,0.000999000999000999,0.37402272159525024,0.8469998851392739,0.0135,0.0985,0.26,0.0028414925332767038
Flower_rat,r1,1.0 m,diff_r1_ND_B3_B5_mean,pairwise_nd,diff,mean,ND_B3_B5,33,0.5789189187540591,0.0004161216967259275,0.6260982551209449,9.729560409195962e-05,0.6260982551209449,0.001021603842965576,0.000999000999000999,,,,,,0.003946817331208623
Flower_rat,r1,1.0 m,0418_r1_ND_B3_B6_mean,pairwise_nd,0418,mean,ND_B3_B6,33,0.20857444853069348,0.2440855842352295,0.3055775876428318,0.08374420254408717,0.3055775876428318,0.1266212342466598,0.000999000999000999,,,,,,0.14686718228126563
Flower_rat,r1,1.0 m,0510_r1_ND_B3_B6_mean,pairwise_nd,0510,mean,ND_B3_B6,33,0.5890449703032619,0.0003104101147703528,0.6702558955330684,1.979126012911922e-05,0.6702558955330684,0.0006433263783491988,0.000999000999000999,0.37313868399605843,0.8428591440989109,0.0035,0.0595,0.2155,0.0028414925332767038
Flower_rat,r1,1.0 m,diff_r1_ND_B3_B6_mean,pairwise_nd,diff,mean,ND_B3_B6,33,0.5803092517620311,0.0003999354914098441,0.6329821458315802,7.714300168943149e-05,0.6329821458315802,0.0009112517074564095,0.000999000999000999,0.31283693939162655,0.8252202255486704,0.001,0.0075,0.019,0.0035922346576779973
Flower_rat,r1,1.0 m,0418_r1_ND_B4_B5_mean,pairwise_nd,0418,mean,ND_B4_B5,33,0.07177802410183799,0.6914064297316618,0.23287698574758667,0.19216164917078188,0.23287698574758667,0.24539561954917416,0.000999000999000999,,,,,,0.2749797832459195
Flower_rat,r1,1.0 m,0510_r1_ND_B4_B5_mean,pairwise_nd,0510,mean,ND_B4_B5,33,0.5499626871728454,0.0009146732198034384,0.6027601866141573,0.00020543623618585503,0.6027601866141573,0.001894021884835444,0.000999000999000999,,,,,,0.006845428870050098
Flower_rat,r1,1.0 m,diff_r1_ND_B4_B5_mean,pairwise_nd,diff,mean,ND_B4_B5,33,0.529525318554566,0.0015300691106759732,0.5340891792812352,0.001367807336650048,0.5340891792812352,0.0057447908139302015,0.000999000999000999,,,,,,0.009163277638714667
Flower_rat,r1,1.0 m,0418_r1_ND_B4_B6_mean,pairwise_nd,0418,mean,ND_B4_B6,33,-0.007083156591848938,0.9687938150358872,0.16655657524268636,0.35424034835182716,0.16655657524268636,0.4009067415478763,0.000999000999000999,,,,,,0.4354495981716136
Flower_rat,r1,1.0 m,0510_r1_ND_B4_B6_mean,pairwise_nd,0510,mean,ND_B4_B6,33,0.5427778047357704,0.0011000953313052668,0.5678370337406907,0.0005673427159357567,0.5678370337406907,0.0029162956157262453,0.000999000999000999,,,,,,0.007967730094483367
Flower_rat,r1,1.0 m,diff_r1_ND_B4_B6_mean,pairwise_nd,diff,mean,ND_B4_B6,33,0.5317372937934296,0.0014494362704062015,0.5275410881174601,0.0016057114998230025,0.5275410881174601,0.006322489030553072,0.000999000999000999,,,,,,0.009163277638714667
Flower_rat,r1,1.0 m,0418_r1_ND_B5_B6_mean,pairwise_nd,0418,mean,ND_B5_B6,33,-0.18201077983248382,0.3106989556245548,-0.07370800053582591,0.683531282260907,0.07370800053582591,0.7340193883369966,0.000999000999000999,,,,,,0.7669689553210176
Flower_rat,r1,1.0 m,0510_r1_ND_B5_B6_mean,pairwise_nd,0510,mean,ND_B5_B6,33,0.42888466975240197,0.012758551664663092,0.38247568387383013,0.02804012724637786,0.38247568387383013,0.05622977150762391,0.000999000999000999,,,,,,0.06199393061817664
Flower_rat,r1,1.0 m,diff_r1_ND_B5_B6_mean,pairwise_nd,diff,mean,ND_B5_B6,33,0.42398533057582816,0.013934628644789998,0.4182383356144473,0.015428777791927986,0.4182383356144473,0.03351768968591252,0.000999000999000999,,,,,,0.0378319308275133
Flower_rat,r1,1.0 m,0418_r1_ND_B1_B2_median,pairwise_nd,0418,median,ND_B1_B2,33,0.14778843338808684,0.41177958606690795,0.07404380008268617,0.6821643821441619,0.07404380008268617,0.7340193883369966,0.000999000999000999,,,,,,0.766818516313859
Flower_rat,r1,1.0 m,0510_r1_ND_B1_B2_median,pairwise_nd,0510,median,ND_B1_B2,33,-0.3234884954773786,0.06630225740408092,-0.23724237985677,0.18372396187042334,0.23724237985677,0.23824819895235652,0.000999000999000999,,,,,,0.26658546877932343
Flower_rat,r1,1.0 m,diff_r1_ND_B1_B2_median,pairwise_nd,diff,median,ND_B1_B2,33,-0.37744452170333775,0.03035214975898997,-0.36602150607767764,0.036182100261690164,0.36602150607767764,0.06770709850949942,0.000999000999000999,,,,,,0.07560559808321819
Flower_rat,r1,1.0 m,0418_r1_ND_B1_B3_median,pairwise_nd,0418,median,ND_B1_B3,33,-0.23526332679857345,0.18751626494013846,-0.33244155139165216,0.05872372509699489,0.33244155139165216,0.10067330789041204,0.000999000999000999,,,,,,0.11250356368685058
Flower_rat,r1,1.0 m,0510_r1_ND_B1_B3_median,pairwise_nd,0510,median,ND_B1_B3,33,-0.5181129326706264,0.0020115623934030594,-0.5050425184778231,0.002720690079483044,0.5050425184778231,0.00926505270310442,0.000999000999000999,,,,,,0.01094139587999
Flower_rat,r1,1.0 m,diff_r1_ND_B1_B3_median,pairwise_nd,diff,median,ND_B1_B3,33,-0.498334404693573,0.0031624089293499605,-0.48758094204108987,0.0040001533379356215,0.48758094204108987,0.011806295522870405,0.000999000999000999,,,,,,0.014299398713769866
Flower_rat,r1,1.0 m,0418_r1_ND_B1_B4_median,pairwise_nd,0418,median,ND_B1_B4,33,0.24889025817775648,0.1624952108532809,0.20383032494417463,0.2552198654629109,0.20383032494417463,0.31424465519537564,0.000999000999000999,,,,,,0.34070490138688087
Flower_rat,r1,1.0 m,0510_r1_ND_B1_B4_median,pairwise_nd,0510,median,ND_B1_B4,33,-0.04178394770354299,0.8174111474150474,-0.08965847901168801,0.6197599197305362,0.08965847901168801,0.6790413033569354,0.000999000999000999,,,,,,0.7086225552801352
Flower_rat,r1,1.0 m,diff_r1_ND_B1_B4_median,pairwise_nd,diff,median,ND_B1_B4,33,-0.1793671371435384,0.3178983182367883,-0.25302495855920193,0.15540055492377616,0.25302495855920193,0.20830287149357232,0.000999000999000999,,,,,,0.2365231937094342
Flower_rat,r1,1.0 m,0418_r1_ND_B1_B5_median,pairwise_nd,0418,median,ND_B1_B5,33,0.17310734105792494,0.3353559019581596,0.2318695871070059,0.1941466466600492,0.2318695871070059,0.24709573211278987,0.000999000999000999,,,,,,0.27675908530760257
Flower_rat,r1,1.0 m,0510_r1_ND_B1_B5_median,pairwise_nd,0510,median,ND_B1_B5,33,0.46434590064825615,0.006484005127855501,0.5078968146261352,0.0025496324328656366,0.5078968146261352,0.008761464178392825,0.000999000999000999,,,,,,0.010572475821616174
Flower_rat,r1,1.0 m,diff_r1_ND_B1_B5_median,pairwise_nd,diff,median,ND_B1_B5,33,0.42829112197915226,0.012896429290522569,0.4464454975507087,0.009204625358161515,0.4464454975507087,0.023195655902567017,0.000999000999000999,,,,,,0.025867215238447875
Flower_rat,r1,1.0 m,0418_r1_ND_B1_B6_median,pairwise_nd,0418,median,ND_B1_B6,33,0.10060228137105953,0.5774939151120951,0.20785991950649768,0.24574146759411544,0.20785991950649768,0.30356298938096615,0.000999000999000999,,,,,,0.33132483997877127
Flower_rat,r1,1.0 m,0510_r1_ND_B1_B6_median,pairwise_nd,0510,median,ND_B1_B6,33,0.4741383167630969,0.0053110302130726355,0.5161239035242114,0.0021077805753984278,0.5161239035242114,0.007811186838241232,0.000999000999000999,,,,,,0.00985743998419415
Flower_rat,r1,1.0 m,diff_r1_ND_B1_B6_median,pairwise_nd,diff,median,ND_B1_B6,33,0.4501439656743787,0.008574579399831646,0.46390707398744185,0.006541377902831962,0.46390707398744185,0.01693589621418138,0.000999000999000999,,,,,,0.019879822747043065
Flower_rat,r1,1.0 m,0418_r1_ND_B2_B3_median,pairwise_nd,0418,median,ND_B2_B3,33,-0.3480554479666812,0.047157281097392215,-0.3687079024525597,0.0347354912802604,0.3687079024525597,0.06582671379461567,0.000999000999000999,,,,,,0.07315623784307665
Flower_rat,r1,1.0 m,0510_r1_ND_B2_B3_median,pairwise_nd,0510,median,ND_B2_B3,33,-0.5282948227813801,0.00157660127728362,-0.5476890609290755,0.0009701240218743066,0.5476890609290755,0.004314198591393975,0.000999000999000999,,,,,,0.00893546976365527
Flower_rat,r1,1.0 m,diff_r1_ND_B2_B3_median,pairwise_nd,diff,median,ND_B2_B3,33,-0.4584035216209369,0.0072985754282163815,-0.47129466401836745,0.00563121530724249,0.47129466401836745,0.015424633232881603,0.000999000999000999,,,,,,0.018179667410578696
Flower_rat,r1,1.0 m,0418_r1_ND_B2_B4_median,pairwise_nd,0418,median,ND_B2_B4,33,0.33747439261565854,0.05477405870236129,0.3492315287346649,0.04636580213722128,0.3492315287346649,0.08267110003712096,0.000999000999000999,,,,,,0.09223729934760651
Flower_rat,r1,1.0 m,0510_r1_ND_B2_B4_median,pairwise_nd,0510,median,ND_B2_B4,33,0.2256506658533614,0.20671751244549333,0.3433550366646104,0.05042902401915407,0.3433550366646104,0.08907556579084223,0.000999000999000999,,,,,,0.09874140484757764
Flower_rat,r1,1.0 m,diff_r1_ND_B2_B4_median,pairwise_nd,diff,median,ND_B2_B4,33,0.1609269707383633,0.3709685610256014,0.3465451323597829,0.048189493238253465,0.3465451323597829,0.08551938236647798,0.000999000999000999,,,,,,0.09576314630732798
Flower_rat,r1,1.0 m,0418_r1_ND_B2_B5_median,pairwise_nd,0418,median,ND_B2_B5,33,0.139613955794226,0.43839685320189425,0.24412627056740518,0.17095417605590005,0.24412627056740518,0.2259464284934623,0.000999000999000999,,,,,,0.25157767548920307
Flower_rat,r1,1.0 m,0510_r1_ND_B2_B5_median,pairwise_nd,0510,median,ND_B2_B5,33,0.47720866450616034,0.004982983178070476,0.4721341628855182,0.005535014021263968,0.4721341628855182,0.015271790511224669,0.000999000999000999,,,,,,0.0179000626753528
Flower_rat,r1,1.0 m,diff_r1_ND_B2_B5_median,pairwise_nd,diff,median,ND_B2_B5,33,0.45015842991482047,0.00857218919553047,0.4808649511038848,0.004615175496869994,0.4808649511038848,0.01311681457005156,0.000999000999000999,,,,,,0.015743907636488863
Flower_rat,r1,1.0 m,0418_r1_ND_B2_B6_median,pairwise_nd,0418,median,ND_B2_B6,33,0.05894287018596982,0.7445540682134366,0.21507960976399315,0.2293527960892456,0.21507960976399315,0.28518209513728565,0.000999000999000999,,,,,,0.3130741166807113
Flower_rat,r1,1.0 m,0510_r1_ND_B2_B6_median,pairwise_nd,0510,median,ND_B2_B6,33,0.48195637264170377,0.004510014742132011,0.44527019913669774,0.009412882932706623,0.44527019913669774,0.023408353608967786,0.000999000999000999,,,,,,0.02637303236100684
Flower_rat,r1,1.0 m,diff_r1_ND_B2_B6_median,pairwise_nd,diff,median,ND_B2_B6,33,0.46285179710371793,0.006681124768913209,0.46642557058889383,0.006217918186551387,0.46642557058889383,0.01637750124060555,0.000999000999000999,,,,,,0.01920966115249154
Flower_rat,r1,1.0 m,0418_r1_ND_B3_B4_median,pairwise_nd,0418,median,ND_B3_B4,33,0.38988161303018665,0.024900975772106954,0.42478642677822226,0.013736333181986035,0.42478642677822226,0.0312793041959565,0.000999000999000999,,,,,,0.034968618987156815
Flower_rat,r1,1.0 m,0510_r1_ND_B3_B4_median,pairwise_nd,0510,median,ND_B3_B4,33,0.5242771472678669,0.001737261966202914,0.5648148378189484,0.0006162288496562229,0.5648148378189484,0.0029485380401272437,0.000999000999000999,,,,,,0.007967730094483367
Flower_rat,r1,1.0 m,diff_r1_ND_B3_B4_median,pairwise_nd,diff,median,ND_B3_B4,33,0.46522189049504914,0.00637076219879793,0.5223361951411262,0.0018198737550471906,0.5223361951411262,0.006948608882907455,0.000999000999000999,,,,,,0.009702526934051594
Flower_rat,r1,1.0 m,0418_r1_ND_B3_B5_median,pairwise_nd,0418,median,ND_B3_B5,33,0.30194596683267044,0.08767604838117378,0.41756673652072673,0.01561181561709336,0.41756673652072673,0.03352992217762097,0.000999000999000999,,,,,,0.03818040359304877
Flower_rat,r1,1.0 m,0510_r1_ND_B3_B5_median,pairwise_nd,0510,median,ND_B3_B5,33,0.5390928934881531,0.001207418506265805,0.5901677036068977,0.00030030554846072514,0.5901677036068977,0.0025798976663216843,0.000999000999000999,,,,,,0.007572569640915042
Flower_rat,r1,1.0 m,diff_r1_ND_B3_B5_median,pairwise_nd,diff,median,ND_B3_B5,33,0.520045080814,0.0019217847925730462,0.5802616169745202,0.00040048067437861137,0.5802616169745202,0.0029162956157262453,0.000999000999000999,,,,,,0.007967730094483367
Flower_rat,r1,1.0 m,0418_r1_ND_B3_B6_median,pairwise_nd,0418,median,ND_B3_B6,33,0.24062721817114205,0.17736361647263074,0.3067528860568427,0.08250125075804665,0.3067528860568427,0.1266212342466598,0.000999000999000999,,,,,,0.14568180888932677
Flower_rat,r1,1.0 m,0510_r1_ND_B3_B6_median,pairwise_nd,0510,median,ND_B3_B6,33,0.5416542217164344,0.0011318946705187439,0.5727061271701644,0.0004957717362182231,0.5727061271701644,0.0029162956157262453,0.000999000999000999,,,,,,0.007967730094483367
Flower_rat,r1,1.0 m,diff_r1_ND_B3_B6_median,pairwise_nd,diff,median,ND_B3_B6,33,0.5268197457574697,0.0016340096638293355,0.5661580360063895,0.0005940602180183092,0.5661580360063895,0.0029162956157262453,0.000999000999000999,,,,,,0.007967730094483367
Flower_rat,r1,1.0 m,0418_r1_ND_B4_B5_median,pairwise_nd,0418,median,ND_B4_B5,33,0.06113189400020396,0.735399709774794,0.1919094410306356,0.28465900850241116,0.1919094410306356,0.32905536762664045,0.000999000999000999,,,,,,0.3686146494555858
Flower_rat,r1,1.0 m,0510_r1_ND_B4_B5_median,pairwise_nd,0510,median,ND_B4_B5,33,0.5583401666018127,0.0007336703796068791,0.5992342913721246,0.00022884337037991674,0.5992342913721246,0.0020595903334192506,0.000999000999000999,,,,,,0.007093024941597355
Flower_rat,r1,1.0 m,diff_r1_ND_B4_B5_median,pairwise_nd,diff,median,ND_B4_B5,33,0.5344606176086949,0.001355290838998355,0.5366076758826871,0.0012848882201654279,0.5366076758826871,0.00545716569912957,0.000999000999000999,,,,,,0.009109788504997843
Flower_rat,r1,1.0 m,0418_r1_ND_B4_B6_median,pairwise_nd,0418,median,ND_B4_B6,33,-0.014576108190449636,0.9358325324973937,0.1294507253146282,0.47276096988629657,0.1294507253146282,0.5225252825059067,0.000999000999000999,,,,,,0.5586902912019186
Flower_rat,r1,1.0 m,0510_r1_ND_B4_B6_median,pairwise_nd,0510,median,ND_B4_B6,33,0.5569698676318279,0.0007609174640667892,0.5675012341938305,0.0005725995553508327,0.5675012341938305,0.0029162956157262453,0.000999000999000999,,,,,,0.007967730094483367
Flower_rat,r1,1.0 m,diff_r1_ND_B4_B6_median,pairwise_nd,diff,median,ND_B4_B6,33,0.5367341576079341,0.0012808427563051894,0.499669725728059,0.0030698393783465372,0.499669725728059,0.009751254495924296,0.000999000999000999,,,,,,0.01185987635609656
Flower_rat,r1,1.0 m,0418_r1_ND_B5_B6_median,pairwise_nd,0418,median,ND_B5_B6,33,-0.15038832600158517,0.40350926221688166,-0.044829239505844005,0.8043517826666073,0.044829239505844005,0.8352883896922462,0.000999000999000999,,,,,,0.8711087791386474
Flower_rat,r1,1.0 m,0510_r1_ND_B5_B6_median,pairwise_nd,0510,median,ND_B5_B6,33,0.4710920934029884,0.005654642062515588,0.41907783448159786,0.015202507619694723,0.41907783448159786,0.03341016209444538,0.000999000999000999,,,,,,0.037585080847659776
Flower_rat,r1,1.0 m,diff_r1_ND_B5_B6_median,pairwise_nd,diff,median,ND_B5_B6,33,0.42768184162840306,0.013039262157283054,0.36350300947622577,0.037582252915583016,0.36350300947622577,0.06897533201446787,0.000999000999000999,,,,,,0.07814072694005207
Flower_rat,r1,1.0 m,0418_r1_NDVI_mean,predefined_index,0418,mean,NDVI,33,-0.20857444853069348,0.2440855842352295,-0.3055775876428318,0.08374420254408717,0.3055775876428318,0.1266212342466598,0.000999000999000999,,,,,,0.14686718228126563
Flower_rat,r1,1.0 m,0418_r1_GNDVI_mean,predefined_index,0418,mean,GNDVI,33,0.003392908750255344,0.9850491062178732,-0.17461576436733245,0.3310964569856303,0.17461576436733245,0.37811015329476816,0.000999000999000999,,,,,,0.4133334641456917
Flower_rat,r1,1.0 m,0418_r1_NDRE1_mean,predefined_index,0418,mean,NDRE1,33,0.007083156591848938,0.9687938150358872,-0.16655657524268636,0.35424034835182716,0.16655657524268636,0.4009067415478763,0.000999000999000999,,,,,,0.4354495981716136
Flower_rat,r1,1.0 m,0418_r1_NDRE2_mean,predefined_index,0418,mean,NDRE2,33,0.18201077983248382,0.3106989556245548,0.07370800053582591,0.683531282260907,0.07370800053582591,0.7340193883369966,0.000999000999000999,,,,,,0.7669689553210176
Flower_rat,r1,1.0 m,0418_r1_RENDVI1_mean,predefined_index,0418,mean,RENDVI1,33,-0.3535866613779606,0.04352697533562208,-0.3896953741313256,0.024976209335242684,0.3896953741313256,0.05103247096606343,0.000999000999000999,,,,,,0.056083762478414984
Flower_rat,r1,1.0 m,0418_r1_RENDVI2_mean,predefined_index,0418,mean,RENDVI2,33,-0.2739872801981241,0.12284434648144296,-0.3754238933897648,0.03132346775488572,0.3754238933897648,0.060409544955851026,0.000999000999000999,,,,,,0.06749375384597778
Flower_rat,r1,1.0 m,0418_r1_RVI_mean,predefined_index,0418,mean,RVI,33,-0.21815729139788798,0.22259668568254815,-0.3055775876428318,0.08374420254408717,0.3055775876428318,0.1266212342466598,0.000999000999000999,,,,,,0.14686718228126563
Flower_rat,r1,1.0 m,0418_r1_DVI_mean,predefined_index,0418,mean,DVI,33,-0.2045828424460673,0.25343171023436045,-0.2745161295582582,0.12209436696224232,0.2745161295582582,0.16905373887079705,0.000999000999000999,,,,,,0.19687970856734716
Flower_rat,r1,1.0 m,0418_r1_SAVI_mean,predefined_index,0418,mean,SAVI,33,-0.20858408924813368,0.24406329343528477,-0.3055775876428318,0.08374420254408717,0.3055775876428318,0.1266212342466598,0.000999000999000999,,,,,,0.14686718228126563
Flower_rat,r1,1.0 m,0418_r1_EVI_mean,predefined_index,0418,mean,EVI,33,-0.1929032048997484,0.2821247466979552,-0.3220317654389843,0.06760465406502804,0.3220317654389843,0.11208140016044121,0.000999000999000999,,,,,,0.1252733708891185
Flower_rat,r1,1.0 m,0418_r1_CI_RE1_mean,predefined_index,0418,mean,CI_RE1,33,1.508497853607016e-05,0.9999335241596259,-0.16655657524268636,0.35424034835182716,0.16655657524268636,0.4009067415478763,0.000999000999000999,,,,,,0.4354495981716136
Flower_rat,r1,1.0 m,0418_r1_CI_RE2_mean,predefined_index,0418,mean,CI_RE2,33,0.18073060528750257,0.3141723470962824,0.07370800053582591,0.683531282260907,0.07370800053582591,0.7340193883369966,0.000999000999000999,,,,,,0.7669689553210176
Flower_rat,r1,1.0 m,0510_r1_NDVI_mean,predefined_index,0510,mean,NDVI,33,-0.5890449703032619,0.0003104101147703528,-0.6702558955330684,1.979126012911922e-05,0.6702558955330684,0.0006433263783491988,0.000999000999000999,-0.8428591440989109,-0.37313868399605854,0.0015,0.0555,0.2175,0.0028414925332767038
Flower_rat,r1,1.0 m,0510_r1_GNDVI_mean,predefined_index,0510,mean,GNDVI,33,-0.46845621191611525,0.005967172895092246,-0.48942783954882124,0.0038439594928859015,0.48942783954882124,0.011482681573437709,0.000999000999000999,,,,,,0.014064369438676652
Flower_rat,r1,1.0 m,0510_r1_NDRE1_mean,predefined_index,0510,mean,NDRE1,33,-0.5427778047357704,0.0011000953313052668,-0.5678370337406907,0.0005673427159357567,0.5678370337406907,0.0029162956157262453,0.000999000999000999,,,,,,0.007967730094483367
Flower_rat,r1,1.0 m,0510_r1_NDRE2_mean,predefined_index,0510,mean,NDRE2,33,-0.42888466975240197,0.012758551664663092,-0.38247568387383013,0.02804012724637786,0.38247568387383013,0.05622977150762391,0.000999000999000999,,,,,,0.06199393061817664
Flower_rat,r1,1.0 m,0510_r1_RENDVI1_mean,predefined_index,0510,mean,RENDVI1,33,-0.6294992437749225,8.681517517629669e-05,-0.6668979000644659,2.2545441898918057e-05,0.6668979000644659,0.0006433263783491988,0.000999000999000999,-0.8489610431723061,-0.35564182196362604,0.0125,0.1025,0.237,0.0028414925332767038
Flower_rat,r1,1.0 m,0510_r1_RENDVI2_mean,predefined_index,0510,mean,RENDVI2,33,-0.5931243545921667,0.0002750810679012931,-0.6726064923610902,1.8048353614398025e-05,0.6726064923610902,0.0006433263783491988,0.000999000999000999,-0.846999885139274,-0.3740227215952505,0.0065,0.085,0.2575,0.0028414925332767038
Flower_rat,r1,1.0 m,0510_r1_RVI_mean,predefined_index,0510,mean,RVI,33,-0.612206968467697,0.00015288736741568348,-0.6702558955330684,1.979126012911922e-05,0.6702558955330684,0.0006433263783491988,0.000999000999000999,-0.8428591440989109,-0.37313868399605854,0.001,0.0415,0.213,0.0028414925332767038
Flower_rat,r1,1.0 m,0510_r1_DVI_mean,predefined_index,0510,mean,DVI,33,-0.630359936917391,8.432889676574683e-05,-0.6566560138852282,3.321655085255906e-05,0.6566560138852282,0.0006975475679037402,0.000999000999000999,-0.8186513359821889,-0.3761835815221295,0.0125,0.0795,0.1835,0.0029515278043273905
Flower_rat,r1,1.0 m,0510_r1_SAVI_mean,predefined_index,0510,mean,SAVI,33,-0.5890497560563603,0.000310366409448423,-0.6702558955330684,1.979126012911922e-05,0.6702558955330684,0.0006433263783491988,0.000999000999000999,-0.8428591440989109,-0.37313868399605854,0.001,0.0395,0.193,0.0028414925332767038
Flower_rat,r1,1.0 m,0510_r1_EVI_mean,predefined_index,0510,mean,EVI,33,-0.611212595329676,0.0001577863828599408,-0.6823446792200376,1.221011688610453e-05,0.6823446792200376,0.0006433263783491988,0.000999000999000999,-0.8470794739930368,-0.39189454185595735,0.0195,0.1285,0.328,0.0028414925332767038
Flower_rat,r1,1.0 m,0510_r1_CI_RE1_mean,predefined_index,0510,mean,CI_RE1,33,-0.5499696308936742,0.0009145082370577561,-0.5678370337406907,0.0005673427159357567,0.5678370337406907,0.0029162956157262453,0.000999000999000999,,,,,,0.007967730094483367
Flower_rat,r1,1.0 m,0510_r1_CI_RE2_mean,predefined_index,0510,mean,CI_RE2,33,-0.4289048441996247,0.012753887128772417,-0.38247568387383013,0.02804012724637786,0.38247568387383013,0.05622977150762391,0.000999000999000999,,,,,,0.06199393061817664
Flower_rat,r1,1.0 m,diff_r1_NDVI_mean,predefined_index,diff,mean,NDVI,33,-0.5803092517620311,0.0003999354914098441,-0.6329821458315802,7.714300168943149e-05,0.6329821458315802,0.0009112517074564095,0.000999000999000999,,,,,,0.0035922346576779973
Flower_rat,r1,1.0 m,ratio_r1_NDVI_mean,predefined_index,ratio,mean,NDVI,33,-0.5830468991285529,0.00036968800905696326,-0.6432240320108179,5.404605228195451e-05,0.6432240320108179,0.00081156692934414,0.000999000999000999,-0.8302096055460991,-0.32685387248666176,0.0005,0.0045,0.0205,0.0032809883324260688
Flower_rat,r1,1.0 m,rel_r1_NDVI_mean,predefined_index,rel,mean,NDVI,33,-0.5830468991285531,0.00036968800905696087,-0.6432240320108179,5.404605228195451e-05,0.6432240320108179,0.00081156692934414,0.000999000999000999,-0.8302096055460991,-0.32685387248666176,0.0,0.004,0.0205,0.0032809883324260688
Flower_rat,r1,1.0 m,diff_r1_GNDVI_mean,predefined_index,diff,mean,GNDVI,33,-0.46471457684400297,0.006436136874336473,-0.47968965268987385,0.004730770232803192,0.47968965268987385,0.013148758441173579,0.000999000999000999,,,,,,0.015932065556218043
Flower_rat,r1,1.0 m,ratio_r1_GNDVI_mean,predefined_index,ratio,mean,GNDVI,33,-0.4684070649359574,0.005973137784838373,-0.48153655019760533,0.004550218827890733,0.48153655019760533,0.013030172098050736,0.000999000999000999,,,,,,0.015550747862351848
Flower_rat,r1,1.0 m,rel_r1_GNDVI_mean,predefined_index,rel,mean,GNDVI,33,-0.468407064935957,0.005973137784838427,-0.48153655019760533,0.004550218827890733,0.48153655019760533,0.013030172098050736,0.000999000999000999,,,,,,0.015550747862351848
Flower_rat,r1,1.0 m,diff_r1_NDRE1_mean,predefined_index,diff,mean,NDRE1,33,-0.5317372937934296,0.0014494362704062015,-0.5275410881174601,0.0016057114998230025,0.5275410881174601,0.006322489030553072,0.000999000999000999,,,,,,0.009163277638714667
Flower_rat,r1,1.0 m,ratio_r1_NDRE1_mean,predefined_index,ratio,mean,NDRE1,33,-0.5439525188801206,0.0010676905503686433,-0.5690123321547016,0.0005492783015570127,0.5690123321547016,0.0029162956157262453,0.000999000999000999,,,,,,0.007967730094483367
Flower_rat,r1,1.0 m,rel_r1_NDRE1_mean,predefined_index,rel,mean,NDRE1,33,-0.5439525188801208,0.0010676905503686433,-0.5690123321547016,0.0005492783015570127,0.5690123321547016,0.0029162956157262453,0.000999000999000999,,,,,,0.007967730094483367
Flower_rat,r1,1.0 m,diff_r1_NDRE2_mean,predefined_index,diff,mean,NDRE2,33,-0.42398533057582816,0.013934628644789998,-0.4182383356144473,0.015428777791927986,0.4182383356144473,0.03351768968591252,0.000999000999000999,,,,,,0.0378319308275133
Flower_rat,r1,1.0 m,ratio_r1_NDRE2_mean,predefined_index,ratio,mean,NDRE2,33,-0.46372424129415885,0.006565409388458011,-0.424450627231362,0.01381916349398078,0.424450627231362,0.0312793041959565,0.000999000999000999,,,,,,0.03508375385002467
Flower_rat,r1,1.0 m,rel_r1_NDRE2_mean,predefined_index,rel,mean,NDRE2,33,-0.4637242412941585,0.006565409388458069,-0.424450627231362,0.01381916349398078,0.424450627231362,0.0312793041959565,0.000999000999000999,,,,,,0.03508375385002467
Flower_rat,r1,1.0 m,diff_r1_RENDVI1_mean,predefined_index,diff,mean,RENDVI1,33,-0.5839050051067242,0.00036063453713810166,-0.651115321362034,4.0719566642264016e-05,0.651115321362034,0.0007695998095387899,0.000999000999000999,-0.8442870554140178,-0.33060397258940294,0.016,0.124,0.2305,0.003039308454178586
Flower_rat,r1,1.0 m,ratio_r1_RENDVI1_mean,predefined_index,ratio,mean,RENDVI1,33,-0.5980166557662574,0.0002374622995459078,-0.660349808900691,2.8932667809355504e-05,0.660349808900691,0.0006433263783491988,0.000999000999000999,-0.8468392940098717,-0.34893103176028295,0.0165,0.1455,0.2765,0.0028414925332767038
Flower_rat,r1,1.0 m,rel_r1_RENDVI1_mean,predefined_index,rel,mean,RENDVI1,33,-0.5980166557662574,0.0002374622995459078,-0.660349808900691,2.8932667809355504e-05,0.660349808900691,0.0006433263783491988,0.000999000999000999,-0.8468392940098717,-0.34893103176028295,0.0185,0.1455,0.2795,0.0028414925332767038
Flower_rat,r1,1.0 m,diff_r1_RENDVI2_mean,predefined_index,diff,mean,RENDVI2,33,-0.5789189187540591,0.0004161216967259275,-0.6260982551209449,9.729560409195962e-05,0.6260982551209449,0.001021603842965576,0.000999000999000999,,,,,,0.003946817331208623
Flower_rat,r1,1.0 m,ratio_r1_RENDVI2_mean,predefined_index,ratio,mean,RENDVI2,33,-0.5828656992934749,0.00037162536490415794,-0.6412092347296564,5.8023909415895105e-05,0.6412092347296564,0.00081156692934414,0.000999000999000999,-0.8269442614887466,-0.3290568872809287,0.0005,0.0025,0.0155,0.0032809883324260688
Flower_rat,r1,1.0 m,rel_r1_RENDVI2_mean,predefined_index,rel,mean,RENDVI2,33,-0.582865699293475,0.0003716253649041556,-0.6412092347296564,5.8023909415895105e-05,0.6412092347296564,0.00081156692934414,0.000999000999000999,-0.8269442614887466,-0.3290568872809287,0.0,0.0025,0.0145,0.0032809883324260688
Flower_rat,r1,1.0 m,diff_r1_RVI_mean,predefined_index,diff,mean,RVI,33,-0.3894652657340986,0.02506942273910588,-0.3144762756346286,0.07468353088257439,0.3144762756346286,0.11911550495195408,0.000999000999000999,,,,,,0.1345168616089612
Flower_rat,r1,1.0 m,ratio_r1_RVI_mean,predefined_index,ratio,mean,RVI,33,-0.5870993277657568,0.00032863847444676055,-0.583955411989983,0.0003601088936342115,0.583955411989983,0.0028358575373694152,0.000999000999000999,,,,,,0.007943943980533105
Flower_rat,r1,1.0 m,rel_r1_RVI_mean,predefined_index,rel,mean,RVI,33,-0.5870993277657568,0.00032863847444676055,-0.583955411989983,0.0003601088936342115,0.583955411989983,0.0028358575373694152,0.000999000999000999,,,,,,0.007943943980533105
Flower_rat,r1,1.0 m,diff_r1_DVI_mean,predefined_index,diff,mean,DVI,33,-0.5935101028248406,0.00027193320276409184,-0.6104835761919432,0.00016146669151648923,0.6104835761919432,0.0015649848562367418,0.000999000999000999,,,,,,0.0055795712290697946
Flower_rat,r1,1.0 m,ratio_r1_DVI_mean,predefined_index,ratio,mean,DVI,33,-0.6184246472106173,0.00012521810810365558,-0.6613572075412717,2.785431747663786e-05,0.6613572075412717,0.0006433263783491988,0.000999000999000999,-0.8186962449856732,-0.40378838427584957,0.024,0.205,0.3205,0.0028414925332767038
Flower_rat,r1,1.0 m,rel_r1_DVI_mean,predefined_index,rel,mean,DVI,33,-0.6184246472106173,0.00012521810810365558,-0.6613572075412717,2.785431747663786e-05,0.6613572075412717,0.0006433263783491988,0.000999000999000999,-0.8186962449856732,-0.40378838427584957,0.025,0.2005,0.3205,0.0028414925332767038
Flower_rat,r1,1.0 m,diff_r1_SAVI_mean,predefined_index,diff,mean,SAVI,33,-0.5803148390650135,0.0003998715875614965,-0.6329821458315802,7.714300168943149e-05,0.6329821458315802,0.0009112517074564095,0.000999000999000999,,,,,,0.0035922346576779973
Flower_rat,r1,1.0 m,ratio_r1_SAVI_mean,predefined_index,ratio,mean,SAVI,33,-0.5830523983314656,0.00036962935303009816,-0.6432240320108179,5.404605228195451e-05,0.6432240320108179,0.00081156692934414,0.000999000999000999,-0.8302096055460991,-0.32685387248666176,0.001,0.0035,0.0225,0.0032809883324260688
Flower_rat,r1,1.0 m,rel_r1_SAVI_mean,predefined_index,rel,mean,SAVI,33,-0.5830523983314656,0.00036962935303009816,-0.6432240320108179,5.404605228195451e-05,0.6432240320108179,0.00081156692934414,0.000999000999000999,-0.8302096055460991,-0.32685387248666176,0.0,0.004,0.022,0.0032809883324260688
Flower_rat,r1,1.0 m,diff_r1_EVI_mean,predefined_index,diff,mean,EVI,33,-0.609398153988831,0.00016708839684427266,-0.6993025563364804,5.962714573189143e-06,0.6993025563364804,0.0005634765271663741,0.000999000999000999,-0.8568213345030986,-0.4129208117554765,0.0605,0.331,0.5565,0.0027816063483927355
Flower_rat,r1,1.0 m,ratio_r1_EVI_mean,predefined_index,ratio,mean,EVI,33,-0.6120189049722421,0.00015380334551882155,-0.7016531531645023,5.3780073420319016e-06,0.7016531531645023,0.0005634765271663741,0.000999000999000999,-0.8604970791041303,-0.4119838332685182,0.039,0.3485,0.5785,0.0027816063483927355
Flower_rat,r1,1.0 m,rel_r1_EVI_mean,predefined_index,rel,mean,EVI,33,-0.6120189049722421,0.00015380334551882155,-0.7016531531645023,5.3780073420319016e-06,0.7016531531645023,0.0005634765271663741,0.000999000999000999,-0.8604970791041303,-0.4119838332685182,0.032,0.337,0.5735,0.0027816063483927355
Flower_rat,r1,1.0 m,diff_r1_CI_RE1_mean,predefined_index,diff,mean,CI_RE1,33,-0.44518855241009525,0.009427497514087191,-0.3705547999602911,0.03376845229071519,0.3705547999602911,0.06446704528227447,0.000999000999000999,,,,,,0.07136119136407083
Flower_rat,r1,1.0 m,ratio_r1_CI_RE1_mean,predefined_index,ratio,mean,CI_RE1,33,-0.5453793716702041,0.0010294607257644486,-0.5164597030710717,0.002091260563665741,0.5164597030710717,0.007811186838241232,0.000999000999000999,,,,,,0.009843414493659176
Flower_rat,r1,1.0 m,rel_r1_CI_RE1_mean,predefined_index,rel,mean,CI_RE1,33,-0.5453793716702041,0.0010294607257644486,-0.5164597030710717,0.002091260563665741,0.5164597030710717,0.007811186838241232,0.000999000999000999,,,,,,0.009843414493659176
Flower_rat,r1,1.0 m,diff_r1_CI_RE2_mean,predefined_index,diff,mean,CI_RE2,33,-0.4086151318315724,0.018229964846481032,-0.3650141074370969,0.03673700205925582,0.3650141074370969,0.06840683142068325,0.000999000999000999,,,,,,0.07659357077382276
Flower_rat,r1,1.0 m,ratio_r1_CI_RE2_mean,predefined_index,ratio,mean,CI_RE2,33,-0.4640953965492641,0.006516703451220123,-0.4268012240593837,0.013248052012500159,0.4268012240593837,0.030722476446166012,0.000999000999000999,,,,,,0.034003940928920624
Flower_rat,r1,1.0 m,rel_r1_CI_RE2_mean,predefined_index,rel,mean,CI_RE2,33,-0.4640953965492643,0.006516703451220095,-0.4268012240593837,0.013248052012500159,0.4268012240593837,0.030722476446166012,0.000999000999000999,,,,,,0.034003940928920624
Flower_rat,r1,1.0 m,0418_r1_NDVI_median,predefined_index,0418,median,NDVI,33,-0.24062721817114205,0.17736361647263074,-0.3067528860568427,0.08250125075804665,0.3067528860568427,0.1266212342466598,0.000999000999000999,,,,,,0.14568180888932677
Flower_rat,r1,1.0 m,0418_r1_GNDVI_median,predefined_index,0418,median,GNDVI,33,-0.05894287018596982,0.7445540682134366,-0.21507960976399315,0.2293527960892456,0.21507960976399315,0.28518209513728565,0.000999000999000999,,,,,,0.3130741166807113
Flower_rat,r1,1.0 m,0418_r1_NDRE1_median,predefined_index,0418,median,NDRE1,33,0.014576108190449636,0.9358325324973937,-0.1294507253146282,0.47276096988629657,0.1294507253146282,0.5225252825059067,0.000999000999000999,,,,,,0.5586902912019186
Flower_rat,r1,1.0 m,0418_r1_NDRE2_median,predefined_index,0418,median,NDRE2,33,0.15038832600158517,0.40350926221688166,0.044829239505844005,0.8043517826666073,0.044829239505844005,0.8352883896922462,0.000999000999000999,,,,,,0.8711087791386474
Flower_rat,r1,1.0 m,0418_r1_RENDVI1_median,predefined_index,0418,median,RENDVI1,33,-0.38988161303018665,0.024900975772106954,-0.42478642677822226,0.013736333181986035,0.42478642677822226,0.0312793041959565,0.000999000999000999,,,,,,0.034968618987156815
Flower_rat,r1,1.0 m,0418_r1_RENDVI2_median,predefined_index,0418,median,RENDVI2,33,-0.30194596683267044,0.08767604838117378,-0.41756673652072673,0.01561181561709336,0.41756673652072673,0.03352992217762097,0.000999000999000999,,,,,,0.03818040359304877
Flower_rat,r1,1.0 m,0418_r1_RVI_median,predefined_index,0418,median,RVI,33,-0.24866287692645353,0.1628919955254478,-0.3067528860568427,0.08250125075804665,0.3067528860568427,0.1266212342466598,0.000999000999000999,,,,,,0.14568180888932677
Flower_rat,r1,1.0 m,0418_r1_DVI_median,predefined_index,0418,median,DVI,33,-0.2189231518239572,0.22093674290649487,-0.3146441754080587,0.07452021018249591,0.3146441754080587,0.11911550495195408,0.000999000999000999,,,,,,0.1343523789377173
Flower_rat,r1,1.0 m,0418_r1_SAVI_median,predefined_index,0418,median,SAVI,33,-0.24063659869958,0.177346209302856,-0.3067528860568427,0.08250125075804665,0.3067528860568427,0.1266212342466598,0.000999000999000999,,,,,,0.14568180888932677
Flower_rat,r1,1.0 m,0418_r1_EVI_median,predefined_index,0418,median,EVI,33,-0.24617768687022287,0.16727405616000135,-0.3342884488993836,0.057249018664968024,0.3342884488993836,0.0988133746819996,0.000999000999000999,,,,,,0.11001716666202918
Flower_rat,r1,1.0 m,0418_r1_CI_RE1_median,predefined_index,0418,median,CI_RE1,33,0.005934073029962541,0.9738544299256732,-0.1294507253146282,0.47276096988629657,0.1294507253146282,0.5225252825059067,0.000999000999000999,,,,,,0.5586902912019186
Flower_rat,r1,1.0 m,0418_r1_CI_RE2_median,predefined_index,0418,median,CI_RE2,33,0.14955480809901234,0.4061503448233062,0.044829239505844005,0.8043517826666073,0.044829239505844005,0.8352883896922462,0.000999000999000999,,,,,,0.8711087791386474
Flower_rat,r1,1.0 m,0510_r1_NDVI_median,predefined_index,0510,median,NDVI,33,-0.5416542217164344,0.0011318946705187439,-0.5727061271701644,0.0004957717362182231,0.5727061271701644,0.0029162956157262453,0.000999000999000999,,,,,,0.007967730094483367
Flower_rat,r1,1.0 m,0510_r1_GNDVI_median,predefined_index,0510,median,GNDVI,33,-0.48195637264170377,0.004510014742132011,-0.44527019913669774,0.009412882932706623,0.44527019913669774,0.023408353608967786,0.000999000999000999,,,,,,0.02637303236100684
Flower_rat,r1,1.0 m,0510_r1_NDRE1_median,predefined_index,0510,median,NDRE1,33,-0.5569698676318279,0.0007609174640667892,-0.5675012341938305,0.0005725995553508327,0.5675012341938305,0.0029162956157262453,0.000999000999000999,,,,,,0.007967730094483367
Flower_rat,r1,1.0 m,0510_r1_NDRE2_median,predefined_index,0510,median,NDRE2,33,-0.4710920934029884,0.005654642062515588,-0.41907783448159786,0.015202507619694723,0.41907783448159786,0.03341016209444538,0.000999000999000999,,,,,,0.037585080847659776
Flower_rat,r1,1.0 m,0510_r1_RENDVI1_median,predefined_index,0510,median,RENDVI1,33,-0.5242771472678669,0.001737261966202914,-0.5648148378189484,0.0006162288496562229,0.5648148378189484,0.0029485380401272437,0.000999000999000999,,,,,,0.007967730094483367
Flower_rat,r1,1.0 m,0510_r1_RENDVI2_median,predefined_index,0510,median,RENDVI2,33,-0.5390928934881531,0.001207418506265805,-0.5901677036068977,0.00030030554846072514,0.5901677036068977,0.0025798976663216843,0.000999000999000999,,,,,,0.007572569640915042
Flower_rat,r1,1.0 m,0510_r1_RVI_median,predefined_index,0510,median,RVI,33,-0.5748357487414969,0.0004670678006250379,-0.5727061271701644,0.0004957717362182231,0.5727061271701644,0.0029162956157262453,0.000999000999000999,,,,,,0.007967730094483367
Flower_rat,r1,1.0 m,0510_r1_DVI_median,predefined_index,0510,median,DVI,33,-0.6124181782534146,0.000151864468723808,-0.6391944374484949,6.226307129888904e-05,0.6391944374484949,0.00081156692934414,0.000999000999000999,-0.8249326578177043,-0.3340447456455329,0.0175,0.063,0.123,0.003319511172677913
Flower_rat,r1,1.0 m,0510_r1_SAVI_median,predefined_index,0510,median,SAVI,33,-0.5416599834114026,0.0011317295676327216,-0.5727061271701644,0.0004957717362182231,0.5727061271701644,0.0029162956157262453,0.000999000999000999,,,,,,0.007967730094483367
Flower_rat,r1,1.0 m,0510_r1_EVI_median,predefined_index,0510,median,EVI,33,-0.5398889870040429,0.0011834847953405517,-0.5597778446160446,0.0007060122703664007,0.5597778446160446,0.0033359079774812435,0.000999000999000999,,,,,,0.008439277584219215
Flower_rat,r1,1.0 m,0510_r1_CI_RE1_median,predefined_index,0510,median,CI_RE1,33,-0.5658221386161039,0.0005995368344445369,-0.5675012341938305,0.0005725995553508327,0.5675012341938305,0.0029162956157262453,0.000999000999000999,,,,,,0.007967730094483367
Flower_rat,r1,1.0 m,0510_r1_CI_RE2_median,predefined_index,0510,median,CI_RE2,33,-0.47165347696308313,0.005589923674659318,-0.41907783448159786,0.015202507619694723,0.41907783448159786,0.03341016209444538,0.000999000999000999,,,,,,0.037585080847659776
Flower_rat,r1,1.0 m,diff_r1_NDVI_median,predefined_index,diff,median,NDVI,33,-0.5268197457574697,0.0016340096638293355,-0.5661580360063895,0.0005940602180183092,0.5661580360063895,0.0029162956157262453,0.000999000999000999,,,,,,0.007967730094483367
Flower_rat,r1,1.0 m,ratio_r1_NDVI_median,predefined_index,ratio,median,NDVI,33,-0.5303172147256007,0.00150076239243067,-0.5730419267170247,0.0004911444731509498,0.5730419267170247,0.0029162956157262453,0.000999000999000999,,,,,,0.007967730094483367
Flower_rat,r1,1.0 m,rel_r1_NDVI_median,predefined_index,rel,median,NDVI,33,-0.530317214725601,0.0015007623924306536,-0.5730419267170247,0.0004911444731509498,0.5730419267170247,0.0029162956157262453,0.000999000999000999,,,,,,0.007967730094483367
Flower_rat,r1,1.0 m,diff_r1_GNDVI_median,predefined_index,diff,median,GNDVI,33,-0.46285179710371793,0.006681124768913209,-0.46642557058889383,0.006217918186551387,0.46642557058889383,0.01637750124060555,0.000999000999000999,,,,,,0.01920966115249154
Flower_rat,r1,1.0 m,ratio_r1_GNDVI_median,predefined_index,ratio,median,GNDVI,33,-0.4693194183501637,0.005863235201304686,-0.4662576708154637,0.006239048091659256,0.4662576708154637,0.01637750124060555,0.000999000999000999,,,,,,0.01921132630203989
Flower_rat,r1,1.0 m,rel_r1_GNDVI_median,predefined_index,rel,median,GNDVI,33,-0.46931941835016355,0.005863235201304713,-0.4662576708154637,0.006239048091659256,0.4662576708154637,0.01637750124060555,0.000999000999000999,,,,,,0.01921132630203989
Flower_rat,r1,1.0 m,diff_r1_NDRE1_median,predefined_index,diff,median,NDRE1,33,-0.5367341576079341,0.0012808427563051894,-0.499669725728059,0.0030698393783465372,0.499669725728059,0.009751254495924296,0.000999000999000999,,,,,,0.01185987635609656
Flower_rat,r1,1.0 m,ratio_r1_NDRE1_median,predefined_index,ratio,median,NDRE1,33,-0.5512365161845298,0.0008848418178911472,-0.5278768876643204,0.0015926849447600025,0.5278768876643204,0.006322489030553072,0.000999000999000999,,,,,,0.009163277638714667
Flower_rat,r1,1.0 m,rel_r1_NDRE1_median,predefined_index,rel,median,NDRE1,33,-0.5512365161845297,0.0008848418178911524,-0.5278768876643204,0.0015926849447600025,0.5278768876643204,0.006322489030553072,0.000999000999000999,,,,,,0.009163277638714667
Flower_rat,r1,1.0 m,diff_r1_NDRE2_median,predefined_index,diff,median,NDRE2,33,-0.42768184162840306,0.013039262157283054,-0.36350300947622577,0.037582252915583016,0.36350300947622577,0.06897533201446787,0.000999000999000999,,,,,,0.07814072694005207
Flower_rat,r1,1.0 m,ratio_r1_NDRE2_median,predefined_index,ratio,median,NDRE2,33,-0.4875336224314737,0.004004226072958973,-0.43956160684007345,0.01048213321812176,0.43956160684007345,0.025237237939172135,0.000999000999000999,,,,,,0.028265405469675153
Flower_rat,r1,1.0 m,rel_r1_NDRE2_median,predefined_index,rel,median,NDRE2,33,-0.4875336224314736,0.004004226072958992,-0.43956160684007345,0.01048213321812176,0.43956160684007345,0.025237237939172135,0.000999000999000999,,,,,,0.028265405469675153
Flower_rat,r1,1.0 m,diff_r1_RENDVI1_median,predefined_index,diff,median,RENDVI1,33,-0.46522189049504914,0.00637076219879793,-0.5223361951411262,0.0018198737550471906,0.5223361951411262,0.006948608882907455,0.000999000999000999,,,,,,0.009702526934051594
Flower_rat,r1,1.0 m,ratio_r1_RENDVI1_median,predefined_index,ratio,median,RENDVI1,33,-0.4801614123809703,0.004684075350312584,-0.5495359584368069,0.0009248626999688162,0.5495359584368069,0.004212025308291717,0.000999000999000999,,,,,,0.008895844320318614
Flower_rat,r1,1.0 m,rel_r1_RENDVI1_median,predefined_index,rel,median,RENDVI1,33,-0.4801614123809701,0.0046840753503126055,-0.5495359584368069,0.0009248626999688162,0.5495359584368069,0.004212025308291717,0.000999000999000999,,,,,,0.008895844320318614
Flower_rat,r1,1.0 m,diff_r1_RENDVI2_median,predefined_index,diff,median,RENDVI2,33,-0.520045080814,0.0019217847925730462,-0.5802616169745202,0.00040048067437861137,0.5802616169745202,0.0029162956157262453,0.000999000999000999,,,,,,0.007967730094483367
Flower_rat,r1,1.0 m,ratio_r1_RENDVI2_median,predefined_index,ratio,median,RENDVI2,33,-0.5243879899661994,0.0017326447318304682,-0.5856344097242843,0.00034298444015920667,0.5856344097242843,0.002818437356090872,0.000999000999000999,,,,,,0.007943943980533105
Flower_rat,r1,1.0 m,rel_r1_RENDVI2_median,predefined_index,rel,median,RENDVI2,33,-0.5243879899661995,0.0017326447318304588,-0.5856344097242843,0.00034298444015920667,0.5856344097242843,0.002818437356090872,0.000999000999000999,,,,,,0.007943943980533105
Flower_rat,r1,1.0 m,diff_r1_RVI_median,predefined_index,diff,median,RVI,33,-0.34492961198411803,0.04931349221760514,-0.3074244851505632,0.08179740259039987,0.3074244851505632,0.1266212342466598,0.000999000999000999,,,,,,0.14508930915749635
Flower_rat,r1,1.0 m,ratio_r1_RVI_median,predefined_index,ratio,median,RVI,33,-0.5359404284155861,0.0013064158227750313,-0.5307311838126326,0.0014856385297904024,0.5307311838126326,0.006104036568051871,0.000999000999000999,,,,,,0.009163277638714667
Flower_rat,r1,1.0 m,rel_r1_RVI_median,predefined_index,rel,median,RVI,33,-0.535940428415586,0.0013064158227750384,-0.5307311838126326,0.0014856385297904024,0.5307311838126326,0.006104036568051871,0.000999000999000999,,,,,,0.009163277638714667
Flower_rat,r1,1.0 m,diff_r1_DVI_median,predefined_index,diff,median,DVI,33,-0.5594450512764187,0.0007123313675524952,-0.568004933514121,0.0005647303377142709,0.568004933514121,0.0029162956157262453,0.000999000999000999,,,,,,0.007967730094483367
Flower_rat,r1,1.0 m,ratio_r1_DVI_median,predefined_index,ratio,median,DVI,33,-0.5808520972819667,0.00039376893951383155,-0.5703555303421426,0.0005292579004967409,0.5703555303421426,0.0029162956157262453,0.000999000999000999,,,,,,0.007967730094483367
Flower_rat,r1,1.0 m,rel_r1_DVI_median,predefined_index,rel,median,DVI,33,-0.5808520972819669,0.00039376893951382905,-0.5703555303421426,0.0005292579004967409,0.5703555303421426,0.0029162956157262453,0.000999000999000999,,,,,,0.007967730094483367
Flower_rat,r1,1.0 m,diff_r1_SAVI_median,predefined_index,diff,median,SAVI,33,-0.5268248996452425,0.0016338059413477206,-0.5661580360063895,0.0005940602180183092,0.5661580360063895,0.0029162956157262453,0.000999000999000999,,,,,,0.007967730094483367
Flower_rat,r1,1.0 m,ratio_r1_SAVI_median,predefined_index,ratio,median,SAVI,33,-0.5303224800320125,0.001500569188093927,-0.5730419267170247,0.0004911444731509498,0.5730419267170247,0.0029162956157262453,0.000999000999000999,,,,,,0.007967730094483367
Flower_rat,r1,1.0 m,rel_r1_SAVI_median,predefined_index,rel,median,SAVI,33,-0.5303224800320121,0.0015005691880939432,-0.5730419267170247,0.0004911444731509498,0.5730419267170247,0.0029162956157262453,0.000999000999000999,,,,,,0.007967730094483367
Flower_rat,r1,1.0 m,diff_r1_EVI_median,predefined_index,diff,median,EVI,33,-0.5391007636067524,0.0012071798366168267,-0.5775752205996382,0.00043231437544098396,0.5775752205996382,0.0029162956157262453,0.000999000999000999,,,,,,0.007967730094483367
Flower_rat,r1,1.0 m,ratio_r1_EVI_median,predefined_index,ratio,median,EVI,33,-0.5410676812757487,0.0011488132041144196,-0.5723703276233042,0.0005004375615902985,0.5723703276233042,0.0029162956157262453,0.000999000999000999,,,,,,0.007967730094483367
Flower_rat,r1,1.0 m,rel_r1_EVI_median,predefined_index,rel,median,EVI,33,-0.5410676812757484,0.001148813204114426,-0.5723703276233042,0.0005004375615902985,0.5723703276233042,0.0029162956157262453,0.000999000999000999,,,,,,0.007967730094483367
Flower_rat,r1,1.0 m,diff_r1_CI_RE1_median,predefined_index,diff,median,CI_RE1,33,-0.45456237939413235,0.007870262834372525,-0.3718979981477321,0.03307898586061998,0.3718979981477321,0.0634713535802759,0.000999000999000999,,,,,,0.07006286903055266
Flower_rat,r1,1.0 m,ratio_r1_CI_RE1_median,predefined_index,ratio,median,CI_RE1,33,-0.5511428959878611,0.0008870047393510546,-0.5031956209700917,0.0028366068229398185,0.5031956209700917,0.009384201165616154,0.000999000999000999,,,,,,0.011285945269948191
Flower_rat,r1,1.0 m,rel_r1_CI_RE1_median,predefined_index,rel,median,CI_RE1,33,-0.5511428959878608,0.0008870047393510649,-0.5031956209700917,0.0028366068229398185,0.5031956209700917,0.009384201165616154,0.000999000999000999,,,,,,0.011285945269948191
Flower_rat,r1,1.0 m,diff_r1_CI_RE2_median,predefined_index,diff,median,CI_RE2,33,-0.4097281729155323,0.017885773838932088,-0.3030590910413799,0.08645615582727123,0.3030590910413799,0.12866309804215956,0.000999000999000999,,,,,,0.14979311678151172
Flower_rat,r1,1.0 m,ratio_r1_CI_RE2_median,predefined_index,ratio,median,CI_RE2,33,-0.48709288576709564,0.004042331788020219,-0.4444307002695472,0.009564071435768703,0.4444307002695472,0.023475448069614088,0.000999000999000999,,,,,,0.026557376933250595
Flower_rat,r1,1.0 m,rel_r1_CI_RE2_median,predefined_index,rel,median,CI_RE2,33,-0.48709288576709564,0.004042331788020219,-0.4444307002695472,0.009564071435768703,0.4444307002695472,0.023475448069614088,0.000999000999000999,,,,,,0.026557376933250595
